Person Title,Person Buyer Segment
Assistant General Manager Finance,Finance End User
Assistant General Manager Finance,Finance End User
Phd In Civil/Structural Engineering At Sejong University,Junk/Invalid
Frontend Web Developer,Technology End User
Pgt Cs,Industry LOB - Edu End User
백엔드 서버 개발자,Technology End User
Senior Software Development Engineer,Technology End User
Consulantant,Technology End User
Software Engineer,Technology End User
Softwarde Development Engineer,Technology End User
Founder,Other Decision Maker
Eng,Technology End User
Assistant Professor,Industry LOB - Edu End User
Engineer,Technology End User
Founder,Other Executive
Frontend Developer,Technology End User
Executive Assistan To Chief Operations Officer,Operations End User
Technical Architect,Technology End User
Assistant Manager,Other End User
Senior Frontend developer,Technology End User
System Administrator,Technology End User
Software Engineer,Technology End User
Owner,Other Decision Maker
Data Driven Insigh Analyst,Data End User
Product Manager,Product Decision Maker
IT Admin,Information Decision Maker
Enginner,Technology End User
Administrative Assistant AI ML and Data Science,Other End User
I.T Analyst,Technology End User
Cloud Engineer,Technology End User
Security engineer,Security End User
PM,Other End User
Project Lead,Technology End User
Hr,HR End User
Manager,Other End User
MACHINE LEARNING ENGINEER,Technology End User
Data Analyst,Data End User
DEVELOPER,Technology End User
Deputy General Manager,Other End User
Senior software engineer,Technology End User
Product Analyst,Product End User
DEVELOPER,Technology End User
Ai Automation,Technology End User
Senior Devops Engineer,Technology End User
Dht,Junk/Invalid
TSE,Junk/Invalid
백엔드 서버 개발자,Technology End User
Software Engineer,Technology End User
Project Lead,Technology End User
Data Scientist,Data End User
Software Developer,Technology End User
Research Engineer,Technology End User
Senior team lead - Motion Graphics Artist,Technology End User
EDUCATOR,Industry LOB - Edu End User
MACHINE LEARNING ENGINEER,Technology End User
TEAM LEAD,Other End User
Amrith,Junk/Invalid
OPC,Junk/Invalid
Data Analyst,Data End User
Data analyst,Data End User
Quality Assurance Engineer,Other End User
Associate,Other End User
Data Engineer,Technology End User
Photography,Other End User
Founder,Other Decision Maker
Assistant Vice President Corporate Sales,Sales Decision Maker
Something Else,Other End User
Senior Machine Learning Engineer,Technology End User
Mr,Other End User
Data Analyst,Data End User
Graduate Engineer Trainee,Technology End User
부장,Other Decision Maker
Technical Architect,Technology End User
Software Engineer,Technology End User
社会创新,Junk/Invalid
Senior Software Development Engineer,Technology End User
Data Analyst,Data End User
Senior Associate Consultant,Other End User
Frontend Developer,Technology End User
TECHNICAL WRITER,Technology End User
Unit Leader,Information End User
Senior Software Engineer,Technology End User
Ecommerce Product Assistant Manager,Product Decision Maker
Digital marketing advisor and Anesthesia Technician,Junk/Invalid
Senior Software Engineer,Technology End User
System Engineer,Technology End User
Technical Lead Product Development,Product End User
Trainer and Product Specialist,Product End User
Co-Founder,Other Decision Maker
Human Resources Executive,HR Executive
Senior Software Engineer,Technology End User
Ai Lecturer,Data End User
Application Developer,Technology End User
Associate Project Manager,Other End User
Systems Engineer,Technology End User
Consulantant,Technology End User
Ai Ai,Other End User
Software Developer,Technology End User
Research Intern,Other End User
Software Engineering Manager,Technology Decision Maker
Senior Business Analyst,Data End User
Cloud and DevOps engineer,Technology End User
Lead Database Engineer,Information End User
Senior Software Developer,Technology End User
Mobile App Senior Developer,Technology End User
Senior Engineer/Student,Technology End User
Senior Frontend developer,Technology End User
Frontend web developer,Technology End User
Google Security Operations Analyst,Security End User
Security engineer,Security End User
Threat Monitoring Engineer,Security End User
Senior software engineer,Technology End User
SOFT ENGINEER / System Integration Test Engineer,Technology End User
BPS,Junk/Invalid
TSE,Junk/Invalid
Ai Engineer,Technology End User
Senior Software Engineer ( Full Stack),Technology End User
Software Engineer,Technology End User
AI Developer,Data End User
Lead Database Engineer,Information End User
Software Engineer,Technology End User
DEVELOPER,Technology End User
Cloud Engineer,Technology End User
Software Engineer,Technology End User
PRODUCT MANAGER,Product Decision Maker
CEO,Chief Executive
Cloud Engineer,Technology End User
Founder,Other Decision Maker
Manager - Security Solutions,Security End User
DATA SCIENTIST,Data End User
Assistant Lecturer - Programming Algorithms & Logic,Industry LOB - Edu End User
Genai Consultant,Other End User
Human Resources Executive,HR Executive
Ai Solution Architect,Data End User
Assistant Professor In Ai Law,Technology End User
??,Other End User
DEVELOPER,Technology End User
Software Engineer,Technology End User
Machine Learning Engineer Level II,Technology End User
Pritam Debbarma,Junk/Invalid
Member of UNISSULA Robotics Team,Other End User
SOC analyst,Security End User
DEVELOPER,Technology End User
Amrith,Junk/Invalid
Software Engineer,Technology End User
Founder,Other Decision Maker
DATA ENGINEER,Technology End User
Cloud Engineer,Technology End User
Lab Engineer,Technology End User
Sales Engineer,Sales End User
Founder,Other Decision Maker
Ai Ai,Other End User
Developer,Technology End User
DBA,Information Decision Maker
Manager,Other Decision Maker
Sr Data engineer,Data End User
Senior Software Engineer,Technology End User
Data Analyst,Data End User
Facilities Engineering Director,Operations Decision Maker
teknisi,Technology End User
Founder,Other Decision Maker
Key Account Manager,Sales End User
Digital Marketing Executive,Marketing Decision Maker
Ai Lecturer,Data End User
Owner,Other Decision Maker
Engineer,Technology End User
Researcher,Other End User
RPA Developer,Technology End User
Data scientist,Data End User
BNI,Junk/Invalid
TECHNICAL EXECUTIVE,Technology Executive
Manager,Other Decision Maker
Founder,Other Executive
Team Lead Product Engineering,Product End User
Data Graphics Designer,Data End User
Onfinality,Junk/Invalid
Assistante Ceo,Operations End User
Google Developer Expert,Technology End User
偵查佐,Other End User
"Focus on IMC, Performance Marketing",Junk/Invalid
Data engineer,Technology End User
DATA SCIENTIST,Data End User
Senior Machine Learning Engineer,Technology End User
Digital marketing advisor and Anesthesia Technician,Junk/Invalid
Tech Lead,Technology End User
BPS,Junk/Invalid
Researcher,Other End User
Founder | Lead Product And Growth,Product End User
Assistant Consultant,Other End User
Back End Developer,Technology End User
Technical Leader,Technology End User
Phd In Civil/Structural Engineering At Sejong University,Junk/Invalid
na,Junk/Invalid
Customer Success Lead,Sales End User
Chief Engineer,Technology Executive
Web Developer,Technology End User
Software Engineer,Technology End User
It Sole Proprietor,Other Decision Maker
Engineer,Technology End User
Senior Engineer/Student,Technology End User
Facilities Engineering Director,Operations Decision Maker
System Administrator,Technology End User
Photography,Other End User
Product Manager - II,Product End User
Software Developer,Technology End User
Back-end developer,Technology End User
Development Engineer (AI),Technology End User
Software Engineer,Technology End User
it specialist,Information End User
Devops,Technology End User
Web Developer,Technology End User
CEO and Founder,Other Decision Maker
OPC,Junk/Invalid
Ai Developer,Data End User
CEO and Founder,Other Decision Maker
Manager Fleet Command Center,Operations Decision Maker
Education,Other End User
Software Engineer,Technology End User
Product Lead,Product End User
DATA ENGINEER,Technology End User
Software Engineer,Technology End User
Manager - Security Solutions,Security End User
AI Engineer,Technology End User
Bridge Intern -Financial Fraud Management Unit,Finance End User
Frontend Software Engineer,Technology End User
Frontend Developer,Technology End User
Data Science Content Developer,Data End User
Lab Engineer,Technology End User
Onfinality,Junk/Invalid
Delivery and Ops Head,Operations Decision Maker
CEO and Founder,Other Decision Maker
Data Engineer,Technology End User
Manager,Other Decision Maker
Unknown,Unknown
Lecturer,Industry LOB - Edu End User
Programmer Analyst Trainee,Technology End User
Computer Engineering Fresh Graduate | AI & Machine Learning Enthusiast,Other End User
Development Engineer (AI),Technology End User
Co,Other End User
Founder,Other Decision Maker
consultant,Other End User
Data Analyst / Senior Analyst,Data End User
Key Account Manager,Sales End User
Enginner,Technology End User
Data Analyst,Data End User
??,Other End User
Application Developer,Technology End User
government,Junk/Invalid
SYSADMIN,Information End User
System Engineer,Technology End User
PRODUCT MANAGER,Product End User
Research,Other End User
Solution Architect,Technology End User
Sr Data engineer,Data End User
Threat Monitoring Engineer,Security End User
Jr Software Developer,Technology End User
Joint Professor Of Chemical Engineering,Technology End User
Product Manager - II,Product End User
Unit Leader,Information End User
ZARAH MOBILE INC,Junk/Invalid
Vounteer,Junk/Invalid
"Chair, Department Of Biomedical Engineering And Environmental Sciences",Industry LOB - Edu DM
Assistant Professor In Ai Law,Technology End User
Machine Learning Engineer Level II,Technology End User
Senior Faculty,Industry LOB - Edu End User
DECLINE,Other End User
Summer Research Intern,Other End User
Technical Leader,Technology End User
DEVELOPER,Technology End User
CTO,Technology Executive
Web Developer,Technology End User
DEVELOPER,Technology End User
Ai Engineer,Technology End User
Frontend Engineer,Technology End User
Senior Software Engineer,Technology End User
Founder,Other Executive
Singapay,Junk/Invalid
MACHINE LEARNING ENGINEER,Technology End User
Senior Software Engineer,Technology End User
Module Lead,Other End User
Technical Lead Product Development,Product End User
Senior Support Specialist,Information End User
IT Excute,Junk/Invalid
Delivery and Ops Head,Operations Decision Maker
Machine Learning Engineer,Technology End User
DATA SCIENTIST,Data End User
DATA ANALYST,Data End User
DATA ENGINEER,Technology End User
Business Head - It,Information Decision Maker
Engineer,Technology End User
Operations Manager,Operations End User
Software Developer,Technology End User
N/a,Other End User
Owner,Other Decision Maker
Senior Specialist - Performance Marketing,Marketing End User
ARCHITECT,Technology End User
harcourt buttler technical university,Junk/Invalid
"Sr. Analyst, BackEnd Eng",Technology End User
Python Trainer,Technology End User
Digital Marketing Executive,Marketing Decision Maker
Software Engineer,Technology End User
Executive Assistan To Chief Operations Officer,Operations End User
Cloud Engineer,Technology End User
Manager Fleet Command Center,Operations Decision Maker
Business Head - It,Information Decision Maker
Manager,Other Decision Maker
Software Engineer,Technology End User
Senior Data Engineer,Technology End User
Software Developer,Technology End User
Software Developer,Technology End User
Senior Software Engineer ( Full Stack),Technology End User
Senior Support Specialist,Information End User
Senior Specialist - Performance Marketing,Marketing End User
Software Engineer,Technology End User
CEO,Chief Executive
CEO,Chief Executive
Ai Lecturer,Data End User
Developer,Technology End User
BNI,Junk/Invalid
DECLINE,Other End User
Founder,Other Decision Maker
Mobile App Developer (Freelance),Technology End User
Executive IT Project Coordinator,Information End User
Product Analyst,Product End User
Quality Assurance Engineer,Other End User
IT Admin,Information Decision Maker
Junior Software Engineer,Technology End User
Slamet,Junk/Invalid
Full Stack developer,Technology End User
MACHINE LEARNING ENGINEER,Technology End User
DevOps Engineer,Technology End User
DATA ENGINEER,Technology End User
System Engineer,Technology End User
Google Security Operations Analyst,Security End User
jr Product Manager,Product Decision Maker
Engineer,Technology End User
Cloud Engineer,Technology End User
Founder | Lead Product And Growth,Product End User
社会创新,Junk/Invalid
Lecturer,Industry LOB - Edu End User
Software Engineer,Technology End User
Regional Sales Director,Sales Decision Maker
Cloud Engineer,Technology End User
Senior Software Engineer,Technology End User
AI Engineer,Technology End User
Elections,Junk/Invalid
Full Stack developer,Technology End User
Deputy General Manager,Other End User
DevOps Engineer,Technology End User
Software Developer,Technology End User
Product Lead,Product End User
Owner,Other Decision Maker
Software Engineer,Technology End User
PRE-DISPATCHED ENGINEER,Technology End User
"Data Science Intern, Ex- Webdev,QA",Data End User
Data engineer,Technology End User
Manager,Other Decision Maker
Founder,Other Decision Maker
Developer,Technology End User
Founder,Other Decision Maker
DevOps Engineer,Technology End User
RPA Developer,Technology End User
Senior Software Engineer,Technology End User
Manager,Other End User
sales,Sales End User
Pritam Debbarma,Junk/Invalid
government,Junk/Invalid
Data Engineer,Technology End User
Software Engineer,Technology End User
Data Driven Insigh Analyst,Data End User
Founder,Other Decision Maker
Software Engineer,Technology End User
Research,Other End User
TECHNICAL EXECUTIVE,Technology Executive
DevOps Engineer,Technology End User
Air Assistant Manager,Information End User
S/W engineer,Technology End User
Software Engineer,Technology End User
Division Manager,Other Decision Maker
Software Engineer,Technology End User
CEO,Chief Executive
Director of board,Technology Executive
Digital Marketing,Marketing End User
Associate Project Manager,Other End User
DEVELOPER,Technology End User
Web Developer,Technology End User
Engineer,Technology End User
Softwarde Development Engineer,Technology End User
Founder,Other Decision Maker
Division Manager,Other Decision Maker
Sde,Technology End User
TEAM LEAD,Other End User
DEVELOPER,Technology End User
MACHINE LEARNING ENGINEER,Technology End User
Front-end developer,Technology End User
Software Engineer,Technology End User
consultant,Other End User
Software Engineer,Technology End User
AI & MLops Manager,Technology End User
DESIGNER,Other End User
ZARAH MOBILE INC,Junk/Invalid
Technical Training,Junk/Invalid
Founder,Other Decision Maker
Regional Sales Director,Sales Decision Maker
DEVELOPER,Technology End User
Bridge Intern -Financial Fraud Management Unit,Finance End User
Singapay,Junk/Invalid
Administrative Assistant AI ML and Data Science,Other End User
Junior Software Engineer,Technology End User
Frontend Developer 2,Technology End User
SOFT ENGINEER / System Integration Test Engineer,Technology End User
DevOps & Backend Engineer,Technology End User
System Engineer,Technology End User
Intern,Industry LOB - Edu End User
Team Lead Product Engineering,Product End User
AI Engineer,Technology End User
Software Engineering Manager,Technology Decision Maker
"Focus on IMC, Performance Marketing",Junk/Invalid
Senior Business Analyst,Data End User
Trainer and Product Specialist,Product End User
Product Manager,Product Decision Maker
Chief Engineer,Technology Executive
Slamet,Junk/Invalid
Owner,Other Decision Maker
Technical Lead,Technology End User
Senior Software Engineer,Technology End User
Cofounder,Other Decision Maker
研发工程师,Technology End User
Senior Data Engineer,Technology End User
FREELANCE,Junk/Invalid
Senior team lead - Motion Graphics Artist,Technology End User
teknisi,Technology End User
Unknown,Unknown
Owner,Other Decision Maker
jr Product Manager,Product Decision Maker
DEVELOPER,Technology End User
Genai Consultant,Other End User
AI Engineer,Technology End User
Sr. Data Scientist,Data End User
CEO,Chief Executive
Manager,Other End User
學生,Other End User
DECLINE,Other End User
DEVELOPER,Technology End User
Executive IT Project Coordinator,Information End User
IT Excute,Junk/Invalid
Cloud Engineer,Technology End User
Founder / IT Consultant/ IT Recruiter,HR End User
Sde,Technology End User
Soc Analyst,Security End User
Assistant Manager,Other End User
Devops Engineer,Technology End User
AI Engineer,Technology End User
Software Engineer,Technology End User
Founder,Other Decision Maker
Senior Software Developer,Technology End User
Infrastructure Development,Information End User
Senior Devops Engineer,Technology End User
DEVELOPER,Technology End User
Staff Engineer,Technology End User
DevOps Team Leader | MLOps Team Leader,Technology End User
偵查佐,Other End User
Senior Software Engineer,Technology End User
Engineer,Technology End User
It Training Consultant,Information End User
Elections,Junk/Invalid
Data Analyst / Senior Analyst,Data End User
Data Scientist,Data End User
Senior Software Engineer,Technology End User
Engineer,Technology End User
Hr,HR End User
Mr,Other End User
Assistant Lecturer - Database,Technology End User
Assistante Ceo,Operations End User
Data Engineer,Technology End User
DESIGNER,Other End User
Director of board,Technology Executive
DBA,Information Decision Maker
Frontend Developer,Technology End User
Data Scientist,Data End User
DevOps Engineer,Technology End User
It Training Consultant,Information End User
Education,Other End User
Senior Software Engineer,Technology End User
Founder,Other Executive
Senior Associate Consultant,Other End User
Assistant Professor,Industry LOB - Edu End User
研发工程师,Technology End User
Frontend Developer,Technology End User
Dht,Junk/Invalid
Frontend Engineer,Technology End User
Assistant Consultant,Other End User
Systems Engineer,Technology End User
Manager,Other Decision Maker
Vertical Solution & Project Manager Lead,Technology End User
Lead Software Engineer,Technology End User
Developer,Technology End User
SAP ABAP Consultant,Technology End User
Manager,Other End User
Assistant System Engineer,Technology End User
Software Engineer,Technology End User
Director Marketing,Marketing Decision Maker
Mobile Application Developer,Technology End User
Information Technology Engineer,Information End User
DEVELOPER,Technology End User
SDE-2,Other End User
Associate Product Manager,Product End User
Web Developer,Technology End User
Security Engineer,Security End User
Engineer,Technology End User
Civil engineer,Technology End User
Senior Frontend Developer,Technology End User
Learning and Development Manager,Technology End User
Software Engineer,Technology End User
Senior Principal Engineer,Technology End User
Senior Full Stack Engineer,Technology End User
Staff Engineer / Staff Engineer,Technology End User
Lead Data Scientist,Data End User
Hardware Engineer (QUALITY & MANUFACTURING),Operations End User
Full Stack Developer,Technology End User
Digital Marketing Executive Cum Trainer,Marketing Decision Maker
Aspiring Software Developer,Technology End User
Oracle Product Manager,Product Decision Maker
Manager Hr,HR End User
Analyst,Data End User
Engineer,Technology End User
Financial Banking Business Solution Architect,Technology End User
Software Developer - Angular,Technology End User
Data Scientist,Data End User
Research Analyst II,Technology End User
Systems Engineer,Technology End User
Vice President of Engineering,Technology Decision Maker
Senior Frontend Developer,Technology End User
Operator,Other End User
Senior data engineer,Technology End User
Lead Analyst,Technology End User
Asset Management Analyst,Finance End User
Environmental Engineer,Technology End User
Customer Service Representative,Sales End User
Paediatrician,Other End User
Data Scientist,Data End User
Salesforce Technical Team Lead,Technology End User
Software Developer,Technology End User
Back End Developer,Technology End User
Co-Founder,Other Decision Maker
Data Analyst,Data End User
Process executive,Information End User
Product Branding Manager,Product Decision Maker
Product Manager / User Interface Development Project,Technology End User
Assistant Manager Web Marketing,Marketing End User
Senior Associate Consultant,Other End User
Senior Associate,Other End User
Software Tester,Technology End User
US based startup working in US medical health,Industry LOB - Healthcare End User
Multimedia Designer,Marketing End User
Assistant System Engineer,Technology End User
Senior Web Engineer,Technology End User
Head of Product,Product Executive
Senior Software Engineer,Technology End User
Senior Vice President,Other Decision Maker
Data Analyst,Data End User
Senior Product Manager,Product Decision Maker
Academic Coordinator / Teacher,Other End User
System Engineer,Technology End User
Technical Product Manager (AVP - AI Products),Product Executive
Product Manager,Product Decision Maker
Software Developer,Technology End User
Business Technology Solution Associate,Technology End User
Sr executive // Administrator,Other Decision Maker
AVP,Other Decision Maker
Assurance Quality Engineer,Technology End User
Software developer,Technology End User
Test Engineering Director,Technology Decision Maker
Associate Manager,Other End User
Limousine Taxi Driver,Other End User
Senior Associate Engineer,Technology End User
Lead Sitecore Developer,Technology End User
PRODUCT MANAGER,Product End User
Intrument Engineer,Technology End User
Software Developer,Technology End User
Partner,Sales Decision Maker
Bid Manager,Sales End User
"Product Manager, Student Experience",Industry LOB - Edu DM
Technical lead,Technology End User
Electronic Technician,Technology End User
Curriculum and Experience Designer,Technology End User
Devops Engineer,Technology End User
Senior Engineering Lead,Technology End User
Full Stack Developer,Technology End User
Research And Development Engineer 2,Technology End User
Admin,Other End User
Senior Software Engineer,Technology End User
Product Manager,Product Decision Maker
SAP Functional Analyst,Data End User
Digital Marketing Manager,Marketing End User
Lead Solution architect AI,Technology End User
Lead Frontend Engineer,Technology End User
Cloud Developer,Technology End User
Product manager,Product Decision Maker
Senior Software Developer,Technology End User
Engineer,Technology End User
"data analytics Data-driven Strategist, Insights Manager( 1 )",Data End User
Back End Developer,Technology End User
Principal Data Scientist,Other End User
Consultant | Intelligent Automation | Workflow Automation,Technology End User
Product Owner,Product End User
Software Developer,Technology End User
Software Engineer (Backend - AI),Data End User
System Engineer,Technology End User
AI Engineer,Technology End User
Software Engineer,Technology End User
Lead Engineer,Technology End User
Senior Information Technology Analyst,Information End User
Senior Engineer,Technology End User
"Automation Engineer, tester",Technology End User
Programmer,Technology End User
Software Engineer,Technology End User
Senior Analyst,Technology End User
Full Stack Engineer (Java)/Team Lead & Tech Lead,Technology End User
Admin Assistant To Vice President Operations,Operations End User
Lead Business Application Architect,Technology End User
SIPICS Regional Product Manager,Product Decision Maker
AI Engineer,Technology End User
Business Analyst,Other End User
Senior Software Engineer,Technology End User
Assistant Team Lead,Other End User
Senior Software Engineer,Technology End User
Software Engineer,Technology End User
Sales It Senior Officer,Information Decision Maker
Senior legal manager,Legal End User
Graphic designer,Marketing End User
Software Developer,Technology End User
Backend Software Engineer,Technology End User
Software Engineer,Technology End User
Senior Video Editor/Senior Motion Graphic Designer,Technology End User
Mathematics Teacher at Junior High School,Industry LOB - Edu DM
Network Engineer,Other End User
Sr Developer,Technology End User
SSE,Technology End User
Engineer,Technology End User
Senior Product Manager,Product Decision Maker
AI Engineer,Technology End User
Java Software Engineer,Technology End User
Senior Staff Software Engineer,Technology End User
Engineer,Technology End User
Digital Product Manager,Product Decision Maker
ASM,Junk/Invalid
System Engineer,Technology End User
MSS Product Manager,Product Decision Maker
Senior Software Development Engineer/Senior iOS Software Engineer,Technology End User
SRE,Technology End User
Frontend Developer,Technology End User
Head of Product,Product Executive
Senior Software Engineer,Technology End User
Associate manager,Other End User
Product Designer,Product End User
Data Analyst (Machine Learning & Quantitative Systems),Technology End User
Software Engineer and IT Consultant Supervisor,Technology Decision Maker
Senior Product Designer,Product End User
System Engineer ( 1 ),Information End User
Forward Deployed Engineer (FDE),Technology End User
Associate consultant,Other End User
Assistant Manager,Other End User
Engineer,Technology End User
Branch Relationship Manage,Other End User
Ai Project Leader,Data End User
Ass. HR Manager / HRBP,Other End User
Lead Product Consultant,Product End User
Techincal Lead,Technology End User
Sr Manager - Aiml Delivery,Technology End User
Associate Software Engineer,Technology End User
Back End Developer,Technology End User
Operations Product Manager,Product Decision Maker
Senior QA Engineer,Operations End User
Technical Lead,Technology End User
Devops engineer,Technology End User
Consultant,Other End User
Assistant Professor,Industry LOB - Edu End User
Engineer - Npi,Technology End User
Frontend Engineer,Technology End User
Media Analyst,Marketing End User
Data Scientist,Data End User
"Senior Product Manager, Retirement",Product Decision Maker
GURU,Industry LOB - Edu End User
Destination Product Manager,Product Decision Maker
sys Admin,Information End User
Senior Software Engineer,Technology End User
Team Lead Network & IT Tcomm Support,Other End User
Devops Engineering Manager,Technology Decision Maker
QA Engineer,Technology End User
Senior Machine Learning Engineer,Technology End User
German Language Trainer,Other End User
Product Engineer,Other End User
Frontend Engineer,Technology End User
Mumbai,Junk/Invalid
Senior Software Developer,Technology End User
SAP Advanced Business Application Programming Developer,Technology End User
Product Test Engineering Manager,Product Decision Maker
Consultant,Other End User
Senior data scientist,Data End User
Software Development Engineer III,Technology End User
Senior Engineer,Technology End User
SDE-1,Other End User
VP,Other Decision Maker
Senior Software Developer,Technology End User
HR Partner,HR End User
Senior Machine Learning Engineer,Technology End User
Social Media Head,Marketing Decision Maker
Analyst,Data End User
Senior Frontend Engineer,Technology End User
R&D Product and Software Development Manager,Technology Decision Maker
Full Stack Developer,Technology End User
Project Associate,Other End User
Regional Product Manager,Product Decision Maker
Software Developer,Technology End User
Director,Other Decision Maker
Design Engineer,Other End User
System Administrator,Technology End User
Software Engineer,Technology End User
Lead Web Developer,Technology End User
Mlops Engineer,Technology End User
Software Engineer 2,Technology End User
Software Developer,Technology End User
Apprentice,Technology End User
Data Annotator,Data End User
Network Engineer,Other End User
Assistant professor,Industry LOB - Edu End User
Project Manager,Other End User
Business Development Manager,Sales End User
Marketing Director,Marketing Decision Maker
Ai Engineer,Technology End User
Frontend Developer,Technology End User
Senior Software Engineer,Technology End User
"Senior Manager, Maritime Digital Capability",Technology Decision Maker
Software Developer,Technology End User
Senior Software Engineer,Technology End User
Solution Architect,Technology End User
Senior Frontend Developer,Technology End User
Senior Software Developer,Technology End User
Technical Support Team Lead/Frontend Developer,Technology End User
Front-End Developer,Technology End User
Senior Full Stack Developer,Technology End User
Software Engineer,Technology End User
Lead DevOps Engineer,Technology End User
"Leader, Software Developer",Technology End User
Frontend Tech Lead,Technology End User
Systems Developer,Technology End User
Account Manager | App Growth Specialist,Sales Decision Maker
Architect,Technology End User
Software Engineer,Technology End User
SAP BI Consultant,Technology End User
Software Developer,Technology End User
BDE,Junk/Invalid
Product Content Specialist,Product End User
Engineer,Technology End User
Technical Lead,Technology End User
Human Resources Intern,HR End User
DEVELOPER,Technology End User
Sr. Architect – Cloud Infrastructure & Security (Director-level responsibilities),Other End User
Developer,Technology End User
Software Developer,Technology End User
Software Architect/Engineer (Full Stack),Technology End User
Engineering Projects,Junk/Invalid
Senior Product Manager,Product Decision Maker
Am (Is),Junk/Invalid
Visual Designer,Marketing End User
Cloud Engineer,Technology End User
Senior assistant manager,Other End User
Technology Innovation Lead - Water Reuse,Information End User
Analysts,Data End User
Senior Software Developer,Technology End User
APM,Junk/Invalid
Associate Software Engineer,Technology End User
Engineer,Technology End User
Technical Product Manager,Product Decision Maker
Junior Software Development Engineer in Test,Technology End User
Software Engineer,Technology End User
Consultant,Other End User
Business Analyst,Other End User
Software Developer,Technology End User
Python Developer,Technology End User
Team lead,Other End User
Engineer,Technology End User
Software Engineer,Technology End User
State Manager,Other End User
Founder,Other Decision Maker
Gym trainer,Other End User
Software Engineer,Technology End User
Web Developer / Lead of Backend Developer,Technology End User
Founder,Other Decision Maker
System engineer,Technology End User
SDE 2,Other End User
Asst. General Manager - Product & Marketing,Product End User
Senior Business Manager/Product Manager,Product Decision Maker
Full-stack Developer,Technology End User
Engineer,Technology End User
Production Control Analyst,Product End User
Lead Data & Analytics,Data End User
Head of Corporate Social Responsibility,Other Decision Maker
Senior Executive,Other Decision Maker
System Engineer,Technology End User
Assistant Manager-It,Other End User
Cloud Engineer,Technology End User
Frontend Developer,Technology End User
Associate Engr-App/Associate Engr-App Dev_DES,Technology End User
Product Manager/Product Manager (Crypto),Product Decision Maker
Qa Lead,Other End User
Software Engineer,Technology End User
Machine Learning Engineer,Technology End User
Product Lead/Software Engineer,Product End User
Digital Strategist,Marketing End User
Software developer,Technology End User
Senior Software Developer,Technology End User
Software Developer,Technology End User
Product Operations Lead,Product End User
Back End Developer,Technology End User
"Supervisor, Enggineeing Control Room",Technology End User
Data Scientist,Data End User
pbi,Junk/Invalid
Product Manager,Product Decision Maker
Senior Manager,Other End User
Technical Lead,Technology End User
Senior Software Engineer,Technology End User
Project Engineering,Technology End User
Engineer,Technology End User
Field Marketing Manager,Marketing End User
Engineer - Npi,Technology End User
Chief Operating Officer,Chief Executive
System engineer,Technology End User
Principal Consultant | Scrum Master | Sr. Business Analyst,Data End User
Diskominfos,Junk/Invalid
Senior Software Engineer,Technology End User
Software developer,Technology End User
Solution Consultant,Technology End User
Desktop support engineer,Sales End User
Business analyst,Other End User
Affinity - Senior It Consultant,Information End User
Get - Civil Engineer,Technology End User
Machine Learning Engineer,Technology End User
"Digital Product Manager /  Senior Manager, Digital (Web",Product Decision Maker
"""Desarrollo De Negocio, Marketing Cloud""",Technology End User
Post man,Other End User
Product Manager,Product Decision Maker
System Engineer,Technology End User
Senior Software Engineer,Technology End User
Engineer,Technology End User
Assistant System Engineer,Technology End User
Team Leader Engineering,Technology End User
Team Leader/Development Team Lead,Technology End User
Founder & Chief Executive Officer,Other Decision Maker
Lead I - Software Engineering,Technology End User
Senior Section Engineer,Technology End User
Software Engineer I,Technology End User
Account Manager,Sales End User
Software Developer,Technology End User
Clinical Research Associate,Industry LOB - Healthcare End User
Application Developer,Technology End User
Back End Developer,Technology End User
Staff Software Engineer,Technology End User
SENIOR SOFTWARE ENGINEER,Technology End User
Maths Teacher,Other End User
Web Developer,Technology End User
Technical lead,Technology End User
Technical Lead – NICE CXone Platform Specialist (Contact Center Platforms),Information End User
engineer,Technology End User
Analyst,Data End User
Senior Analyst,Technology End User
MACHINE LEARNING ENGINEER,Technology End User
Product Manager - Load & Haul,Product Decision Maker
Assistant System Engineer,Technology End User
HRO,Junk/Invalid
Software Engineer / Partner,Technology End User
Founder,Other Decision Maker
Analyst,Data End User
Director Of Growth,Marketing Decision Maker
Cloud Engineer,Technology End User
Senior Software Developer,Technology End User
Sales Specialist,Sales End User
Staff Software Developer,Technology End User
Software Engineer,Technology End User
Senior Software Engineer,Technology End User
Cyber risk analyst( 1 ),Security End User
Recruiter/Talent Acquisition - Recruiter / Team Lead,HR End User
Engineer,Technology End User
Assistant Manager-Digital Marketing,Marketing End User
Co-Founder & CPTO,Other Decision Maker
Associate,Other End User
Senior Software Engineer,Technology End User
Senior Lead Software Engineer,Technology End User
Quality Engineering Analyst,Technology End User
Sous chef,Other End User
Senior Software Engineer,Technology End User
Software Engineer,Technology End User
Senior Backend Developer,Technology End User
Gen AI developer,Data End User
Software Developer,Technology End User
Engineer,Technology End User
ERP,Junk/Invalid
Manasa,Other End User
Mobile Frontend Engineer,Technology End User
Software Developer,Technology End User
Software Engineer,Technology End User
CSR,Other End User
Software Engineer,Technology End User
Senior Product Manager,Product Decision Maker
Technical Specialist,Technology End User
Software Engineer,Technology End User
Planning Engineer,Operations End User
Associate consultant,Other End User
Malsian,Junk/Invalid
Associate Consultant,Other End User
Lead Software Engineer,Technology End User
Frontend Engineer,Technology End User
Software Engineer,Technology End User
GenAI Implementation engineer,Technology End User
Full Stack Developer,Technology End User
PM,Other Decision Maker
Pharmacy assistant,Other End User
Business Development Engineer,Sales End User
Deputy General Manager - Research & Devlopment,Technology Decision Maker
Software Engineer,Technology End User
Project engineer,Technology End User
Specialist Programmer( 3 ),Technology End User
Social media executive / Account Manager,Sales End User
Sr. Recruiting Expert for IBM Talent Acquisition Group,HR Decision Maker
"Senior Web Developer /  Team Leader, Web Development",Technology End User
It manager,Information Decision Maker
Data Engineer,Technology End User
Data Scientist,Data End User
Managing Partner,Other Decision Maker
Engineer,Technology End User
Senior Product Manager Retail Systems,Industry LOB - Retail DM
Senior Manager,Other End User
Software Engineer,Technology End User
Group Technical Manager | Agile Engineering Leadership | DevOps | Automation,Other End User
Consultant -Package Implementation -P1,Other End User
OE,Junk/Invalid
Software Engineer,Technology End User
College Instructor,Other End User
Senior Software Engineer,Technology End User
Ai Intern,Data End User
Technical specialist,Technology End User
Engineer,Technology End User
web developer,Technology End User
Associate Officer,Other End User
Data Engineer,Technology End User
Senior Member of Technical Staff,Technology End User
Cto Office Coordinator,Technology End User
대표,Other End User
Ai Developer,Data End User
"Senior Specialist // Bengaluru, Karnataka, India",Other End User
Specialist Programmer,Technology End User
Senior Systems Engineer,Technology End User
Fresher,Other End User
SDE Intern,Technology End User
ACCOUNTS PAYABLES,Finance End User
Developer,Technology End User
Lead Engineer,Technology End User
Frontend Developer,Technology End User
Senior Software Engineer,Technology End User
new delhi,Junk/Invalid
Ai Engineer,Technology End User
Software Engineer,Technology End User
product Business Development,Product End User
AI Engineer,Technology End User
Senior Software Engineer,Technology End User
Software Engineer,Technology End User
Product Marketing Manager/ Senior Product Manager,Marketing Decision Maker
Engineer,Technology End User
Junior Data Analyst,Data End User
Senior Software Engineer,Technology End User
Senior Project Executive,Other Decision Maker
Senior Consultant,Other End User
Delivery Manager,Other End User
Project Engineer,Technology End User
Product Manager,Product End User
Manual,Junk/Invalid
product owner,Product End User
Corporate Communications Manager,Marketing Decision Maker
Research Engineer,Technology End User
Senior Backend Developer,Technology End User
Senior Lead Engineer/ Product Owner,Product End User
Architect,Technology End User
Business Consultant,Sales End User
Scrum Master,Other End User
System Engineer,Technology End User
Software Engineer,Technology End User
Backend Developer,Technology End User
Network Architect,Technology End User
Senior Cloud Solutions architect,Information End User
Engineer,Technology End User
Intern,Industry LOB - Edu End User
Software Developer,Technology End User
Graduate Engineering Trainee,Technology End User
Insinyur Software,Other End User
Developer,Technology End User
Social Networking,Other End User
Lead Software Engineer,Technology End User
Cashier,Other End User
Business Development Manager - North,Sales End User
IT Analyst,Information End User
System Engineer,Technology End User
Associate Technology L1,Technology End User
CEO,Chief Executive
Civil Engineer Cum Lifting Engineer,Other End User
Senior Software Developer,Technology End User
Senior Product Manager,Product Decision Maker
Backend Developer,Technology End User
Lead Software Engineer,Technology End User
Staff Product Manager,Product Decision Maker
Lead Developer,Technology End User
DEVELOPER,Technology End User
Staff Engineer,Technology End User
Commercial coworker,Sales End User
Senior Web Developer,Technology End User
Information Technology Support Team Lead,Information End User
Portfolio Engineer,Finance Executive
Data Analyst,Data End User
Software Engineer,Technology End User
System Engineer,Technology End User
Network security,Security End User
Quality Analyst Engineer-1,Data End User
Devosp Engineer,Technology End User
Software Developer,Technology End User
Senior Technical Writer,Technology End User
Quality analyst,Other End User
Technical Architect,Technology End User
Digital Product Manager,Product Decision Maker
Engineering Superintendent / Superintendent Planning & Outages,Operations Executive
Lawyer,Legal End User
Systems Engineer,Technology End User
Reliability Engineer,Technology End User
Software Developer,Technology End User
Cloud engineer,Technology End User
Engineer,Technology End User
DevOps Engineer 2,Technology End User
Accountant,Finance End User
Associate,Other End User
SOMETHING ELSE,Other End User
Presales Solutions Architect - Cloud and Infra,Other End User
Assistant Manager,Other Decision Maker
Senior Software Engineer,Technology End User
Tech Innovation Eng Analyst,Technology End User
Data Engineer/Software Engineer,Technology End User
Senior data engineer,Technology End User
供应链管培生,Other End User
Associate Director (Gaming Gear & Accessory),Industry LOB - Gaming DM
Information Technology Developer,Technology End User
Sde,Technology End User
QA Manager,Other End User
Auditor,Finance Decision Maker
Senior Engineer,Technology End User
Frontend Engineer,Technology End User
Product Manager,Product Decision Maker
Vice President Sales,Sales Decision Maker
Software Manager,Technology Decision Maker
SDE @ GoodScore | Ex - BYJU'S | NIT Durgapur CSE‘23,Technology End User
Engineer,Technology End User
Aiml Developer,Technology End User
Software Engineer / 소프트웨어 엔지니어,Technology End User
na,Junk/Invalid
Assistant Manager,Other Decision Maker
Executive Engineer (Corporate Services),Technology End User
Software Development Engineer - 2,Technology End User
Data Scientist,Data End User
Full Stack Developer Software Architect,Technology End User
Principal Project Manager,Information Decision Maker
Product Manager,Product Decision Maker
Product Manager,Product Decision Maker
Technical Consultant,Technology End User
Business Analyst,Other End User
engineer,Technology End User
Director Marketing,Marketing Decision Maker
Procurement Associate,Operations End User
Senior Systems Engineer,Technology End User
Machine Learning Engineer,Technology End User
Sr. Analyst,Technology End User
Devops Engineer,Technology End User
Industrial Development Officer,Industry LOB - Manufacturing DM
Full-stack developer,Technology End User
Hi,Other End User
AI Specialist,Technology End User
Senior Specialist - Architecture,Technology End User
Senior Software Engineer,Technology End User
ASSISTANT PROFESSOR,Industry LOB - Edu End User
NOC ENGINEER,Technology End User
Assistant Manager,Other End User
Machine Learning Engineer,Technology End User
Application Development Lead,Technology End User
Solutions Architect,Technology End User
Engineer,Technology End User
Full Stack Software Engineer,Technology End User
Software Engineer,Technology End User
Engineer,Technology End User
Engineer,Technology End User
Audio Visual Technician,Technology End User
Software Engineer,Technology End User
Information Technology Project Engineer,Information End User
Deputy Manager - Graphic Design,Marketing End User
Assistant Manager,Other End User
Software Developer,Technology End User
Assistant Team Leader,Other End User
Software Engineer,Technology End User
Co Founder,Other Decision Maker
Senior Software Engineer,Technology End User
Intern Trainee,Other End User
Technology Project Engineer,Technology End User
Technical Lead,Technology End User
Director,Other Decision Maker
CSR Manager,Other End User
Product Manager,Product Decision Maker
Senior Computer Vision Data Scientist,Data End User
Software Developer,Technology End User
Associate IT Consultant,Information End User
Product Manager,Product Decision Maker
Design Engineer,Other End User
Executive,Other Decision Maker
DATA ENGINEER,Technology End User
Technical consultant,Technology End User
Software Engineer,Technology End User
Assistant Professor,Industry LOB - Edu End User
Senior Associate Marketing Manager,Marketing End User
Data Scientist,Data End User
Data Scientist (Level 2),Data End User
Customer solution adoption specialist,Technology End User
Solution Engineer,Technology End User
Head It Project,Information Decision Maker
"AVP - Retail Banking Delivery Captain, Rewards & Loyalty Lead",Marketing Executive
Head of B2C Operations,Operations Executive
Associate Marketing Manager - Sports / Software Developer,Technology End User
Frontend Developer,Technology End User
Associate Product Manager,Product End User
Full Stack Developer,Technology End User
Assistant Manager,Other End User
Engineer,Technology End User
Global Onboarding Leader,HR End User
SDE 3,Other End User
System Engineer,Technology End User
Co-Founder,Other Decision Maker
GEN AI ENGINEER,Data End User
Technical Lead – NICE CXone Platform Specialist (Contact Center Platforms),Information End User
Cloud Architect,Other End User
Project Associate I,Other End User
Waste Management,Other Decision Maker
Data Scientist,Data End User
"Partner; CEO/CIO, Private Credit and Special Situations",Chief Executive
System engineer,Technology End User
Software Engineer,Technology End User
Certified Medical Coder,Industry LOB - Healthcare End User
ARCHITECT,Technology End User
Backend Developer,Technology End User
Senior Analyst,Technology End User
Assistant Manager,Other End User
Lead Android Engineer,Technology End User
Advocate,Other End User
Software Engineer,Technology End User
Engineering associate,Technology End User
Product Manager - GTM/Global Expansion,Product Decision Maker
Senior Executive Human Resources,HR Executive
Founder,Other Decision Maker
Process Engineer,Technology End User
Trainee Engineer,Technology End User
Education,Other End User
Assistant systems Engineer,Technology End User
Software Engineer,Technology End User
"Senior A/C Engineer, Avionics",Other End User
Ready made garments,Junk/Invalid
Supervisor,Other End User
Software Engineer II,Technology End User
Machine Learning Engineering,Data End User
Erode,Junk/Invalid
Frontend Web Developer,Technology End User
Systems Engineer,Technology End User
Solutions Architect,Technology End User
"Assistant Manager, Project",Other Decision Maker
Machine Learning Engineer / Software Developer,Technology End User
It Consultant,Information End User
Developer,Technology End User
Specialist - Software Engineering,Technology End User
Senior Manager - Growth Marketing,Marketing End User
Sales Executive,Sales Decision Maker
Head Non-Clinical Operations,Operations Decision Maker
Web developer,Technology End User
Technical Service Engineer,Technology End User
Sap Consultant,Technology End User
developer,Technology End User
Senior Technical Lead,Technology End User
Product Manager,Product Decision Maker
Csr,Other End User
Senior Solutions Engineer,Technology End User
Devops Engineer,Technology End User
Delivery and Release manager,Technology End User
Sales,Sales End User
It Analyst,Information End User
Air Assistant Manager,Information End User
Digital Practice Leader,Marketing End User
Database Engineer/MSSQL Database Administrator,Information End User
Data engineer,Technology End User
Assistant Manager,Other End User
Senior Consultant | DevOps Manager,Technology End User
Senior Software Engineer,Technology End User
System Administrator and Designer,Information End User
Teaching Assistant,Other End User
Research Analyst,Data End User
Software developer,Technology End User
Network support,Information End User
Software Engineer,Technology End User
Graphic designer/Social Media Designer-Cum-Social Media Management,Marketing End User
Software Developer,Technology End User
Software Engineer,Technology End User
Assistant HR Manager,HR End User
Head of Corporate Marketing at Tata Consultancy Services,Marketing Decision Maker
Lead Software Engineer,Technology End User
AI Software Developer,Technology End User
Senior Software Engineer,Technology End User
Engineering Manager,Technology End User
Data Engineer,Technology End User
Associate Data Scientist,Data End User
Senior Engineer,Technology End User
Software Engineer,Technology End User
Discovery Lead,Other End User
Principal Software Engineer / Co Founder,Technology End User
Senior Key Account Executive,Sales Decision Maker
Deal Desk Analyst - Revenue Operations,Sales End User
Key Account Manager,Sales End User
ADO,Junk/Invalid
Associate cloud architect,Technology End User
System Engineer,Technology End User
Engineering Manager,Technology End User
Senior technical associate,Technology End User
Director,Other Decision Maker
Product Launch Program Manager,Product Decision Maker
HR & Marketing Communications Manager,Marketing End User
Sr. Manager SEO,Marketing End User
founder,Other Decision Maker
CFO,Finance Executive
Assistant Director,Other Decision Maker
Software Engineer,Technology End User
Technical Lead - Statistical Programming,Technology End User
Software Engineer,Technology End User
Senior Software Engineer,Technology End User
Data scientist,Data End User
Web developer,Technology End User
Back hand planer,Junk/Invalid
Specialist,Other End User
Front-End Developer,Technology End User
Senior Software Engineer,Technology End User
Web Developer,Technology End User
Program Manager 2,Other End User
Software Engineer,Technology End User
Software Engineer,Technology End User
Sap Consultant,Technology End User
Systems Engineer,Technology End User
Technical lead,Technology End User
Engineer,Technology End User
Programmer Specialist,Technology End User
Manager,Other End User
CSR,Other End User
A.I. Intern/ Associate AI Automation Engineer,Data End User
Krishna,Junk/Invalid
Technical Support Engineer,Technology End User
Software developer,Technology End User
Co-Founder,Chief Executive
AI Developer,Data End User
Product Manager,Product Decision Maker
Consultant Architect,Technology End User
Generative AI Engineer,Data End User
Reservoir Engineer,Technology End User
Back-end developer,Technology End User
CEO/ Founder,Chief Executive
Mobile Engineer,Technology End User
Software Engineer,Technology End User
Senior Software Engineer,Technology End User
Developer,Technology End User
Product Manager,Product Decision Maker
Talent Acquisition Specialist,HR End User
Lead R&D Software Engineer and Machine Learning,Technology End User
Assistant Professor,Industry LOB - Edu End User
Group CISO,Security Executive
Product Manager,Product Decision Maker
Frontend Web Developer,Technology End User
Group Manager,Other Decision Maker
Manager - HR,HR End User
Software Engineer,Technology End User
Principal Software Engineer,Technology End User
IT Engineer,Information End User
Social And Digital Analysit / Social and Digital Marketing Analyst,Marketing End User
UI/UX Designer and Web Developer,Marketing End User
Senior Lead Experience Design,Security Decision Maker
Sr. Creative Strategist,Marketing End User
Engineering Manager,Technology End User
Tech Lead,Technology End User
Senior account manager,Sales End User
Junior QA Engineer,Operations End User
Software Engineer U2,Technology End User
Senior Software Engineer,Technology End User
Analyst,Data End User
Sr Analyst,Technology End User
Recruitment Consultant,HR End User
Deputy Manager,Other End User
Service Improvement Manager,Other Decision Maker
manager,Other Decision Maker
Senior Product Manager,Product Decision Maker
Chief Executive Officer,Chief Executive
Junior Software Developer,Technology End User
Production Engineer,Product End User
Engineer,Technology End User
Java Web Developer,Technology End User
Recovery Agent,Other End User
Software,Technology End User
"Software Engineer, AI Tooling",Data End User
Senior Product Manager,Product Decision Maker
software engineer,Technology End User
SDR,Sales End User
Trader,Other End User
Engineer - Cloud And Infra Management,Technology End User
Product Manager,Product Decision Maker
IT Field Service Engineer,Information End User
Finance Analyst,Finance End User
Gaming,Industry LOB - Gaming End User
Software Engineer,Technology End User
Career and college counsellor,Other End User
Intern,Industry LOB - Edu End User
Nil,Other End User
Technical Intern,Technology End User
Project Engineer,Technology End User
Senior Software Developer,Technology End User
Fresher,Other End User
Data Scientist,Data End User
Senior Product Owner,Product End User
It Technician,Information End User
Software Developer,Technology End User
Full Stack Developer InternFull Stack Developer Trainee,Technology End User
Sales & Marketing Executive,Sales Decision Maker
Software Developer,Technology End User
Business consultant,Sales End User
Senior analyst,Technology End User
Data science Trainee,Data End User
Senior IT Analyst,Information End User
Information Communication Technology Educator,Information End User
Senior Product Manager,Product Decision Maker
Customer Support Engg,Other End User
Principal Specialist – System Engineering & Presales,Technology End User
Business Analyst,Other End User
Senior Legal Manager,Legal End User
Site Reliability Engineer,Technology End User
AI Solutions Engineer,Data End User
Senior QA Engineer,Operations End User
Solutions Engineer,Technology End User
Software Engineer,Technology End User
Digital Engineering Developer / Software Engineering Lead,Other End User
Content Coordinator,Marketing End User
Senior Software Engineer,Technology End User
CTP Product Manager,Product Decision Maker
Lead Software Engineer Android,Technology End User
Software Engineer,Technology End User
Automation Engineer,Technology End User
Director,Other Decision Maker
Architect,Technology End User
Network Engineer,Other End User
AI Engineer,Technology End User
Senior Software,Technology End User
Senior Product Manager,Product Decision Maker
Project coordinator,Other End User
Product Manager,Product Decision Maker
Back End Developer,Technology End User
Backend Developer,Technology End User
Cyber security analyst,Other End User
Product Manager,Product End User
MACHINE LEARNING ENGINEER,Technology End User
Lead Security engineer,Other End User
Data And Information Manager,Data Decision Maker
System Engineer,Technology End User
Senior Group Manager - Actuarial,Finance End User
Digital Marketing Manager,Marketing End User
senior Project Engineer,Technology End User
Corporate Social Responsibility,Other End User
Software Engineering Consultant,Technology End User
Frontend Developer,Technology End User
Software Engineer,Technology End User
Product Manager - Networks,Technology Decision Maker
Customer Service Assistant,Information End User
Officer,Other End User
Software Developer,Technology End User
C# Developer,Technology End User
Full Stack Engineer,Technology End User
"Product Manager, Cash & Insurance",Finance Decision Maker
Software Engineer,Technology End User
Senior Frontend Developer,Technology End User
Senior Customer Service Agent,Information End User
Product Manager - Chapter Member Services Product Management,Product Decision Maker
"Head of Operations, Platform Engineering",Technology Executive
Python developer,Technology End User
Data Scientist,Data End User
"Manager, Branding and Marketing",Marketing End User
Founder/Cofounder & CEO,Chief Executive
Mudlogger,Other End User
Product Manager,Product Decision Maker
Full Stack Engineer,Technology End User
Specialist,Other End User
Assistant professor,Industry LOB - Edu End User
Assistant Vice President - Lead Software Engineer,Other Decision Maker
Deputy Product Manager Asia / Deputy Head of Student Recruitment (Asia),Product Decision Maker
Data Scientist,Data End User
Marketing Engineer,Marketing End User
Senior Data Engineer,Technology End User
System engineer,Technology End User
System Engineer,Technology End User
Content writer,Marketing End User
"Manager, Task Force Marketing Communications The Lalit Chandigarh & The Lalit Ashok Bangalore",Marketing End User
Developer,Technology End User
E-commerce Executive,Other End User
Software Analyst,Technology End User
sells Promoter,Sales End User
Lead Product Manager,Product Decision Maker
Software Quality Analyst,Technology End User
Software Engineer Trainee,Technology End User
Engineer,Technology End User
Head of Service Transformation,Technology Executive
Senior Analyst,Technology End User
Platform Services Associate,Information End User
Fullstack Developer Facilitator,Technology End User
application support engineer,Technology End User
SDE III,Other End User
Director,Other Decision Maker
Senior QA Analyst,Operations End User
Sales Executive,Sales Decision Maker
Senior Engineer,Technology End User
Quality Engineer,Operations End User
Solutions Architect - Walgreens Boots Alliance,Technology End User
AI Engineer,Technology End User
Web Developer,Technology End User
Senior Software Engineer,Technology End User
SOftware Engineer II/DevOps Engineer,Technology End User
Product Manager,Product Decision Maker
Project Engineer,Technology End User
Software Engineer/Member Of The Board Of Advisors,Technology Executive
Software developer,Technology End User
Senior Software Engineer,Technology End User
Senior process consultant operations,Operations End User
Product Manager,Product End User
Assistant Manager,Other End User
CSR,Other End User
Engineer /  Researcher,Other End User
Product Strategy Manager,Product Decision Maker
Assistant Professor,Industry LOB - Edu End User
Data Engineer,Technology End User
Data Scientist,Data End User
DBA,Information Decision Maker
Head of IT Architecture & Systems Engineering | Driving Digital Innovation at Bank Sahabat Sampoerna,Industry LOB - FinServ Exec
"Senior Manager, Partner Enablement",Sales Decision Maker
sub divisional manager / Corporate Operations Manager,Operations End User
Lead engineer,Technology End User
engineer,Technology End User
SSE,Technology End User
Software Engineer,Technology End User
Product Manager,Product Decision Maker
Product Manager,Product Decision Maker
Software Engineer,Technology End User
"Senior Manager, Digital and Product Experience",Product Decision Maker
SQL Developer,Technology End User
Quality Control Officer,Information End User
Proprietor,Other Decision Maker
Entrepreneur,Other End User
.NET Developer,Technology End User
Business Analyst,Other End User
Engineer,Technology End User
Software Engineer,Technology End User
Process Engineer/Project Engineer,Technology End User
Lead Mobile Developer,Technology End User
AI Engineer,Technology End User
Lead Frontend Developer,Technology End User
Specialist - Quality,Operations End User
Full-stack Developer,Technology End User
Data Scientist,Data End User
Product Manager,Product Decision Maker
Senior Software Engineer,Technology End User
Data Engineer,Technology End User
Engineer,Technology End User
Product support engineer,Product End User
"Software Engineer / Architect / Entrepreneur, Founder",Technology Executive
Marketing Director,Marketing Decision Maker
Teacher,Industry LOB - Edu End User
Proffessional Sales Officer,Sales Decision Maker
Manager - Planning,Operations End User
Senior System Integration Analyst,Technology End User
AI Engineer,Technology End User
Developer,Technology End User
"Product Manager, Offline payment service",Other Decision Maker
Software Developer,Technology End User
"""Développeur, Consultant Java/J2Ee""",Technology End User
PHP Web Developer,Technology End User
CSR,Other End User
Back End Developer,Technology End User
Owner,Other Decision Maker
Senior software Engineer,Technology End User
Full-stack Developer,Technology End User
DEVELOPER,Technology End User
Cloud Engineer,Technology End User
System Engineer,Technology End User
Product Marketing Manager/ Senior Product Manager,Marketing Decision Maker
Digital Engineering Lead Engineer,Technology End User
Software Engineer,Technology End User
Reporting Developer,Technology End User
Associate Consultant,Other End User
Developer,Technology End User
Web Developer,Technology End User
Fullstack Software Developer /  Software Engineer Team Lead,Technology End User
DevOps Engineer,Technology End User
Assistant manager/ AM Civil,Technology End User
Full-stack Developer,Technology End User
Software Engineer,Technology End User
Engineer,Technology End User
Data Engineer,Technology End User
Data Engineer,Technology End User
CEO,Chief Executive
"Senior Supervisor, Corporate Social Responsibility",Other End User
Electrical Engineer,Technology End User
Systems Engineer,Technology End User
Quality Inspector,Operations End User
Software Engineer (AI/ML),Technology End User
iOS Developer,Technology End User
Senior Associate Consultant,Other End User
Data Science Intern,Data End User
"CTO, Founding Engineer & Architect",Technology Executive
Cybersecurity consultant,Other End User
Associate Product Manager,Product Decision Maker
Senior Product Manager,Product Decision Maker
Analyst,Data End User
Director,Other Decision Maker
Full Stack Java Software Engineer,Technology End User
Anta Product Development Manager II,Product Decision Maker
Senior Engineer,Technology End User
Developer,Technology End User
Developer,Technology End User
Software Quality Assurance Engineer,Operations End User
Senior Product Manager,Product Decision Maker
Intake coordinator,Other End User
Customer Experience Expert | Product Manager,Product Decision Maker
Jnr project Engineer,Technology End User
Pharmacovigilance Associate,Industry LOB - Healthcare End User
Software Engineer,Technology End User
Senior Software Engineer,Technology End User
Assistant Professor,Industry LOB - Edu End User
Senior CSR,Junk/Invalid
Field Service Engineer,Technology End User
Certified Outsystems Developer,Technology End User
Product Manager,Product Decision Maker
Associate,Other End User
Finance customs Analyst,Data End User
Associate Software Engineer (Data Science),Data End User
Software Development Manager,Technology Decision Maker
Software Engineer,Technology End User
Software Engineer,Technology End User
Engineer,Technology End User
Jr. AI/ML Engineer,Technology End User
Software Developer,Technology End User
Software Development Engineer - 1,Technology End User
Co-Founder,Other Decision Maker
Assistant General Manager,Other End User
rd year Btech Student,Other End User
Assistant Professor,Industry LOB - Edu End User
Full stack wordpress developer,Technology Decision Maker
Software Engineer,Technology End User
Associate,Other End User
Frontend Developer,Technology End User
Deputy Product Manager,Product Decision Maker
UWP Developer,Technology End User
SDE1 / Software Engineer,Technology End User
"Product Manager, Everyday Banking",Product Decision Maker
Manager,Other End User
Finance manager,Finance Decision Maker
Human Resources Analyst,Data End User
Solution Engineer,Technology End User
Sre Cloudops,Technology End User
Quality Control Officer,Information End User
Software Development Engineer (SDE),Technology End User
Product Manager,Product Decision Maker
Tech Sales & Full Stack Developer | Driving Business Growth & Scalable Web Solutions @ Tecsxpert,Sales End User
Technical Lead,Technology End User
Acquisition Relationship Manager,Other End User
Assistant Manager,Other End User
Engineer,Technology End User
Lead Engineer,Technology End User
Associate Software Engineer,Technology End User
Product Manager,Product Decision Maker
Software Engineer,Technology End User
Lead Data Scientist,Data End User
Senior manager - product development,Product Decision Maker
Senior Software Engineer,Technology End User
Yield Engineer,Technology End User
"Manager, Engineering & Sustainability",Operations Decision Maker
Senior Product Owner,Product End User
Motion Graphic Designer,Marketing End User
Data Engineer,Technology End User
Affinity - Senior It Consultant,Information End User
Engineering Manager (Senior Project Lead),Other End User
Executive,Other Decision Maker
IP Core Network Engineer - Solution Department,Information End User
Data Scientist,Data End User
MIS Executive,Other End User
junior analyst,Technology End User
engineer,Technology End User
DevOps Engineer,Technology End User
Technical Architect,Technology End User
Desktop support engineer,Sales End User
Software Engineer,Technology End User
Professor/ Additional Director ICT,Information Decision Maker
Engineer,Technology End User
Software Engineer,Technology End User
UI/UX and Graphic designer (Product Designer),Product End User
Sde-I,Technology End User
Analyst in technology service desk,Information End User
Quality analyst,Other End User
Senior Software Engineer,Technology End User
Senior Product Manager,Product Decision Maker
Developer,Technology End User
Analyst,Data End User
Senior HR Executive,HR Executive
Csr,Other End User
IT Systems Engineer,Information End User
Ai Associate,Data End User
Senior Backend Engineer,Technology End User
Engineering Projects,Junk/Invalid
Data Engineer,Technology End User
Process Engineer,Technology End User
Mobile Application Developer,Technology End User
Software engineer,Technology End User
Asset & Wealth Solutions & Global Hiring Lead | Capital Markets,Industry LOB - FinServ End User
Salesforce Developer,Technology End User
Principal Engineer,Technology End User
Graduate Machine Learning Engineer,Data End User
Cybersecurity Design and Engineering Professional I,Security End User
Sr. Manager Corporate Social Responsibility(CSR),Other End User
Senior Product Manager,Product Decision Maker
Software Engineer,Technology End User
Associate Solutions Consultant,Technology End User
Qa Manager,Other End User
Analyst,Data End User
Software Developer,Technology End User
Specialist quality lead,Other End User
Product Manager,Product Decision Maker
Data Software Engineer,Data End User
Product Manager,Product Decision Maker
Process Quality Engineer,Other End User
Lead Engineer,Technology End User
"""Développeur, Consultant Java/J2Ee""",Technology End User
Frontend Developer,Technology End User
Junior Software Engineer Related to Search Terms in Your Query,Technology End User
AI Engineer,Technology End User
CBG,Junk/Invalid
Data Scientist II,Data End User
Product Owner,Product End User
Senior Data and AI Engineer,Data End User
Software Test Engineer,Technology End User
ORM Executive,Other Decision Maker
Data engineer,Technology End User
Associate Designer/Associate Graphic Designer,Technology End User
Assistant Professor In Ai Law,Technology End User
Corporate Social Responsibility/Senior Engineer,Technology End User
Software Developer,Technology End User
Corporate Social Responsibility Manager,Other End User
Performance Marketer,Marketing End User
Web Developer,Technology End User
Ai Business Associate,Technology End User
Lead Developer / abap consultent,Technology End User
Senior Engineer,Technology End User
Software engineer,Technology End User
Software Engineer,Technology End User
Product Manager,Product Decision Maker
Site Reliability Engineer,Technology End User
Frontend Developer,Technology End User
Software Engineer,Technology End User
Senior Specialist - Application Architecture,Technology End User
IT Engineer,Information End User
SUBJECT MATTER EXPERT,Other End User
Software Developer,Technology End User
Senior Integration Analyst,Technology End User
Junior Assistant,Other End User
Assistant Manager,Other End User
Senior Software Engineer,Technology End User
Senior QA Lead/Senior Test Engineer,Operations End User
Division Head Geotechnical & UCG (Underground Coal Gasification),Technology Executive
Security Analyst,Security End User
Senior Developer,Technology End User
Associate,Other End User
Audit,Other End User
Senior Technical Support,Technology End User
Product Manager,Product Decision Maker
Ai Product Manager,Data Decision Maker
Software Engineer,Technology End User
Web Developer,Technology End User
UI/UX Designer,Marketing End User
Aspiring Software Developer,Technology End User
Senior Flutter Developer,Technology End User
Senior Engineer,Technology End User
Data Engineer,Technology End User
Full Stack Developer,Technology End User
Principal Cloud Sre,Technology End User
DevOps Engineer,Technology End User
"Product Manager, Data and Analytics",Data Decision Maker
Lead Software Engineer,Technology End User
Assistant Professor,Industry LOB - Edu End User
"Software Engineer, Mobile Apps",Technology End User
Associate,Other End User
Product Manager,Product Decision Maker
Junior Software Engineer,Technology End User
Senior DevOps Engineer,Technology End User
Data Scientist,Data End User
Deputy Manager - Motor BU,Other End User
Manager,Other Decision Maker
Associate Software Engineer,Technology End User
Assistant state engagement coordinator,Other End User
Software Engineer,Technology End User
Officer,Other End User
Lead software Engineer /  Senior Software Engineer,Technology End User
Android Developer,Technology End User
Software Development Team Leader,Technology End User
Lead Software Engineer,Technology End User
Software Development Manager,Technology Decision Maker
Product Manager,Product Decision Maker
Sr Software Engineer,Technology End User
Full Stack Developer,Technology End User
*I.T.**Mgr* | Program Manager,Information End User
Product Manager,Product Decision Maker
Software Engineer,Technology End User
"Data Scientist, Machine Learning Engineer",Data End User
Technical Project Manager,Technology Decision Maker
Senior Manager,Other End User
Assistant Manager,Other End User
AM,Junk/Invalid
Digital Marketing Account Manager,Marketing End User
Professor,Industry LOB - Edu End User
Assistant Professor,Industry LOB - Edu End User
Senior Product Manager,Product Decision Maker
"Developer, Founder/Ceo",Technology End User
Engineering Manager,Technology Decision Maker
Project Engineer,Technology End User
Associate Software Developer,Technology End User
Founder,Other Decision Maker
Senior Product Manager,Product End User
Full-Stack Developer/Lead Software Engineer,Technology End User
Mobile Application Developer,Technology End User
Senior Data Engineer,Technology End User
Director,Other Decision Maker
머신 러닝 엔지니어,Data End User
Software Developer,Technology End User
General Manager,Other End User
Senior Full Stack Developer,Technology End User
Vice President Of Operations,Operations Executive
BIM Coordinator,Technology End User
Manager,Other End User
Sde3,Other End User
Project Engineer,Technology End User
Senior Software Engineer,Technology End User
DevOps Engineer,Technology End User
Director,Other Decision Maker
Network Engineer,Other End User
Liabilities Product Manager,Product Decision Maker
Full Stack Developer,Technology End User
project engineer,Technology End User
Functional Consultant,Information End User
Sourcing Engineer,Other End User
DVP,Junk/Invalid
Software & Cloud Infrastructure Engineer,Technology End User
Engineer,Technology End User
Java/Web Developer,Technology End User
Mechanical Engineer,Technology End User
Software Engineer,Technology End User
Software Engineer,Technology End User
Android Module Lead,Technology End User
Software Test Engineer,Technology End User
Senior Software Engineer,Technology End User
Project Manager,Other End User
Software Engineer,Technology End User
Any,Junk/Invalid
Product Manager,Product Decision Maker
Product Manager,Product Decision Maker
Team Lead Tech and Sec Ops / Senior Systems Engineer & Team Lead - Tech and Sec Ops,Technology End User
Developer,Technology End User
IT Solution Engineer,Information End User
Data Analyst,Data End User
AI Engineer,Technology End User
Co-founder,Other Decision Maker
Software Developer,Technology End User
Data Scientist,Data End User
Associate Consultant,Other End User
Product Developer,Product End User
Information Technology Officer,Information Executive
BPO customer care collections senior representative,Sales End User
Associate Manager Analytics,Data End User
Software Engineer,Technology End User
Full Stack Developer,Technology End User
Software Developer,Technology End User
Crypto Payment Gateway,Finance End User
Material Engineer,Technology End User
Senior Frontend Developer,Technology End User
Branch manager,Other End User
Delivery boy,Other End User
Senior Quality Engineer,Other End User
Information Technology Engineer,Information End User
Data Science Analyst,Data End User
Performance Engineering,Technology End User
Engineer,Technology End User
Product Owner/Sr. Product Designer / Owner,Product Decision Maker
Field Service Engineer,Technology End User
Lead Principal Software Engineer,Technology End User
Lead Cloud Engineer and Software Developer,Technology End User
Content editor,Marketing End User
Business Analyst,Other End User
Senior Software Engineer,Technology End User
Brand Manager / Lead - Procurement & Planning,Marketing End User
Senior Software Engineer,Technology End User
Tech Consultant,Technology End User
ADM,Information Decision Maker
Software Engineer,Technology End User
Senior Copy Editor,Information End User
Software Developer,Technology End User
Product Manager,Product Decision Maker
Senior Product Manager,Product Decision Maker
Associate junior developer,Technology End User
Senior Engineer - Infosec,Security End User
Software Engineer,Technology End User
Online Marketing Associate,Marketing End User
Software Developer,Technology End User
Application Engineer - Manufacturing,Industry LOB - Manufacturing End User
Senior Software Engineer Team Lead,Technology End User
Desktop support Engineer L1,Information End User
Software Engineer/Solutions Architect,Technology End User
--,Other End User
Data Scientist Lead II,Data End User
Product Manager,Product Decision Maker
Software Development Engineer In Test - lll,Technology End User
NLP Research Engineer,Technology End User
Software Engineer II,Technology End User
Senior Manager - Analytics,Data End User
Software Engineer,Technology End User
Director Engineering,Technology Decision Maker
Technical Lead,Technology End User
Machine Learning Engineer,Technology End User
Regulatory Affairs Lead,Legal End User
Software Engineer,Technology End User
Data Scientist,Data End User
Senior Software Engineer,Technology End User
Digital Product Manager,Product Decision Maker
Senior Software Engineer,Technology End User
Associate staff engineer,Technology End User
Data Scientist,Data End User
Software Test Engineer,Technology End User
Medical representative,Other End User
Assistant Technical Service Engineer,Technology End User
Software QA Engineer,Technology End User
Marketing Director,Marketing Decision Maker
DEVELOPER/Frontend Developer,Technology End User
Technology Executive,Technology Executive
Web Developer,Technology End User
Senior BackEnd Developer,Technology End User
Product Manager - Ads,Product End User
Tech Lead,Technology End User
Teacher,Industry LOB - Edu End User
Associate Product Manager,Product End User
Junior executive assistant of founder,Other Decision Maker
Machine Learning Engineer /  Marketing Strategy Manager,Other Decision Maker
Senior Software Engineer,Technology End User
Founder,Other Decision Maker
Software Development Intern,Technology End User
"Software Engineer, Mobile Application",Other End User
Senior Technical Consultant,Technology End User
Engineer,Technology End User
Software Engineer,Technology End User
Assistant Professor In Ai Law,Technology End User
DevOps Engineer,Technology End User
Software Engineer,Technology End User
"Manager, Product Business & Alliance",Product Decision Maker
Software Engineer,Technology End User
Senior Software Engineer,Technology End User
Chief Data Scientist,Data Executive
Application Developer,Technology End User
Senior Product Manager,Product Decision Maker
Software Developer,Technology End User
AI Engineer,Technology End User
Principal Software Engineer - R&D at Algonomy,Technology End User
Team Lead,Other End User
Associate Software Developer,Technology End User
operations analyst,Other End User
ICT FUNDING SOLUTION PROGAMMER (FullStack Developer),Technology End User
Digital Marketing Intern,Marketing End User
Full Stack Developer,Technology End User
Bancassurance Product Manager,Finance Decision Maker
Senior Associate Director - Senior Software Engineer,Technology End User
Product Manager-AI,Product Decision Maker
Product Manager,Product Decision Maker
Data Analyst,Data End User
Data Scientist,Data End User
Software Engineer,Technology End User
Sde 1,Technology End User
Software Engineer,Technology End User
Software Engineer,Technology End User
DevOps Engineer,Technology End User
Frontend Developer,Technology End User
Developer,Technology End User
Marketing Manager,Marketing End User
Senior Software Engineer,Technology End User
CSR,Other End User
SDE1,Other End User
System Engineer (TCS Digital),Technology End User
Senior Software Engineer,Technology End User
Hub Incharge,Other End User
AI/ML Engineer,Data End User
Senior Engineer IT Infrastructure,Information End User
Officer,Other End User
Senior Consultant,Other End User
Network Engineer,Other End User
Consultant,Other End User
Consultant,Other End User
Process analyst,Technology End User
Software Engineer,Technology End User
NA,Junk/Invalid
Manager ICT,Information End User
Engineer,Technology End User
Executive Full Stack Developer,Technology Decision Maker
System Engineer,Technology End User
Business Analyst,Other End User
Designer,Other End User
Project Manager,Other End User
Assistant Manager - Marketing,Marketing End User
Owner,Other Decision Maker
Analytics/AI Engineer,Data End User
Applied AI/ML Associate,Technology End User
Software Developer,Technology End User
Relationship manager,HR End User
Sales,Sales End User
Software Engineer,Technology End User
Chief of Staff,Chief Executive
Machine Learning Engineer,Technology End User
"Ai Engineer | Senior Data Engineer, Platform Automation Aws | Python | At Cba",Data End User
Ai Intern,Data End User
Medical technologist,Industry LOB - Healthcare End User
Senior Software Development Engineer,Technology End User
Head of Digital- English,Marketing Decision Maker
Software engineer,Technology End User
Information Technology Support Team Lead,Information End User
TRAINEE,Industry LOB - Edu End User
Technical manager,Technology End User
Software Developer,Technology End User
Marketing manager,Marketing End User
Software developer,Technology End User
Associate Professor,Industry LOB - Edu End User
Associate Data Engineer,Technology End User
Software Engineer,Technology End User
Principal Engineer,Technology End User
Software Engineer 2,Technology End User
System Engineer,Technology End User
Delivery Guy,Other End User
Founder,Other Decision Maker
Digital media head/Creative Director & Digital Media Lead,Other Decision Maker
Assistant Professor - Computer Engineering,Technology End User
Mobile Application Developer / Product App Engginer,Technology End User
Advertisement Manager,Marketing End User
System Engineer,Technology End User
Web Developer and software engineer,Technology End User
Budget control engineer/Planning & Coordination Engineer,Operations Executive
Engineer,Technology End User
Software Engineer,Technology End User
Finops Analyst,Technology End User
Manager – Data & Insights,Data End User
Senior Engineer,Technology End User
Senior Computer Vision Research Engineer,Other End User
Audit executive,Finance Executive
Lead Devops,Technology End User
Junior Software Developer,Technology End User
Social Media Manager,Marketing End User
Software Engineer,Technology End User
Project Engineer,Technology End User
Shipping Executive,Operations Executive
Senior Infrastructure Developer,Information End User
Blockchain Smart Contract Engineer,Technology End User
Digital Marketing Manager,Marketing End User
Industry Group Manager Animal Health and Nutrition,Other Decision Maker
Assistant Customer Care Executive,Other End User
Digital Marketing Manager,Marketing End User
Nathing,Junk/Invalid
Digital Product Manager,Product Decision Maker
Associate Consultant,Other End User
Quantum Software Developer,Technology End User
CSR,Other End User
CTO,Technology Executive
Internship Trainee,HR End User
Process Engineer,Technology End User
iOS Software Developer,Technology End User
DIRECTOR,Other Decision Maker
Consultant,Other End User
Full Stack Developer Intern/Full-stack Developer,Technology End User
Manager - Strategic Alliances & Partnerships,Sales End User
Senior Full Stack Developer,Technology End User
소프트웨어 엔지니어,Technology End User
Developer,Technology End User
Purchasing Engineer,Operations End User
Lead ML and DataOps Engineer,Technology End User
Trainee,Industry LOB - Edu End User
Cloud Engineer,Technology End User
Corporate Social Responsibility-Executive,Other End User
Chief Operating Officer,Chief Executive
Cloud & Tech Lead,Technology End User
Product Manager,Product Decision Maker
Analyst,Data End User
Devops Engineer,Technology End User
Associate,Other End User
Devops Engineer,Technology End User
Senior Manager,Other End User
Product Design Specialists,Product End User
Educational Developer,Technology End User
UI/UX Designer,Marketing End User
Technology Consultant,Technology End User
Project Engineer,Technology End User
Senior Marking Manager,Marketing End User
Research Intern,Other End User
Cloud Engineer,Technology End User
Project Engineer,Technology End User
Sr Data Scientist,Data End User
Senior Software Engineer,Technology End User
Programmer Analyst,Technology End User
Senior Data Engineer,Technology End User
Senior Production Engineer,Operations End User
Senior QA Automation Engineer / Consultant (Client-facing: Senior Cloud QA Engineer – Carter’s Inc.),Technology End User
Senior Recruiter,HR End User
Founder,Other Decision Maker
Customer Journey Manager - Data & Business Analytics,Data End User
Back End Developer,Technology End User
Senior software engineer,Technology End User
Product Owner,Product End User
Chair Man,Other Decision Maker
Senior software engineer,Technology End User
Software Engineer,Technology End User
Developer,Technology End User
Software Consultant,Technology End User
FDE,Junk/Invalid
Senior Software Engineer,Technology End User
Engineer,Technology End User
Owner,Other Decision Maker
Senior Executive,Other Decision Maker
Senior relationship manager,Sales End User
Business Technology Intern,Technology End User
Data Analyst,Data End User
Product Engineer,Other End User
Nothing,Other End User
Web & Mobile Developer,Technology End User
Telecommunications Engineer,Technology End User
Senior Engineer,Technology End User
Senior Software Engineer Technical Lead,Technology End User
Co-Founder,Other Decision Maker
Software Engineer/Associate,Technology End User
Senior Software Engineer,Technology End User
Software Developer,Technology End User
Security Analyst – Incident Response (L2),Security End User
Web Developer,Technology End User
Proprietor,Other Decision Maker
Reservoir Engineer,Technology End User
Senior product engineer,Product End User
Software Engineer,Technology End User
"Product Manager, Power Platform & Apps DevOps",Product Decision Maker
"Senior Manager, Product - AI and Growth | News and Entertainment",Marketing Decision Maker
"Product Manager, Backup Product",Product Decision Maker
Senior Analyst,Technology End User
Product Manager,Product Decision Maker
Financial Controller,Finance End User
Engineering Manager,Technology Decision Maker
Software Developer,Technology End User
Cloud Architect,Other End User
Buildings,Junk/Invalid
Aircraft Maintenance Engineer,Operations End User
UI/UX Designer,Marketing End User
Senior Software Engineer,Technology End User
Android Developer,Technology End User
Senior Data Scientist / Lead Data Scientist (Analytics),Data End User
Software Engineer,Technology End User
Green,Junk/Invalid
Data Analyst,Data End User
Business Development Manager,Sales End User
Manager/Software Developer,Other End User
SUCCESS COACH,Other End User
Qa Lead,Other End User
Dental AI Product Specialist,Industry LOB - Healthcare End User
Software Quality Assurance Engineer,Operations End User
Director of Product Management,Product Decision Maker
consultant,Other End User
Founder and Software Development Manager,Technology Executive
Fronted Developer,Technology End User
Head of Product,Product Executive
Engineer,Technology End User
Team lead,Other End User
Manager - It,Information End User
Alteryx Bi developer/Analyst,Data End User
Senior Business Development Executive,Sales Decision Maker
Enterprise Integration Architect,Technology End User
Senior Associate Consultant,Other End User
Software Engineer,Technology End User
Software Engineer,Technology End User
Associate Software Engineer/ AI Developer,Technology End User
Developer,Technology End User
Information Technology Engineer,Information End User
Senior Manager,Other End User
"Senior Software Engineer, Fullstack",Technology End User
AI Engineer/Senior AI Engineer,Data End User
Visual designer,Marketing End User
Operations Executive - TalentNext/Senior Executive - TalentNext (CSR Initiatives),Operations Decision Maker
Senior Engineer,Technology End User
Lead iOS developer,Technology End User
Deputy General Manager,Other End User
System Engineer,Technology End User
Environmental Engineer,Technology End User
DevOps Engineer,Technology End User
Lead Expert Policy,Other End User
Product Manager,Product Decision Maker
Senior ESG Consultant,Other End User
Senior Software Engineering,Technology End User
Head Of Growth Marketing,Marketing Executive
Operations Specialist,Other End User
Senior Associate Technology L1,Information End User
Software Engineer,Technology End User
Data Scientist,Data End User
DEVELOPER,Technology End User
Release Manager,Other End User
AI and Automation Lead,Technology End User
Teacher,Industry LOB - Edu End User
Data analyst,Data End User
Software Test Engineer,Technology End User
Lecturer,Industry LOB - Edu End User
Business Analyst,Other End User
DevOps Engineer,Technology End User
Desktop support Engineer,Sales End User
Ai Associate Manager,Data End User
System Engineer,Technology End User
Cyber security analyst/Associate Security Analyst,Security End User
Software Engineer,Technology End User
Software Developer,Technology End User
Frontend Developer,Technology End User
Engineering Manager,Technology Decision Maker
Se. Data Engineer,Technology End User
AI Engineer,Technology End User
Senior Full Stack Developer,Technology End User
Project Engineer,Technology End User
Senior Software Developer,Technology End User
Software Developer,Technology End User
Software Quality Engineer,Technology End User
Senior Manager - Corporate Social Responsibility,Other End User
Lead Software Developer/Technical Lead (Platform Team),Technology End User
Assistent manager / Senior Software Developer,Technology End User
Associate Architect,Technology End User
Net Trainee,Other End User
Founding Software Engineer,Technology Executive
AI/Reinforcement Learning Engineer,Technology End User
Intern,Industry LOB - Edu End User
Cz,Junk/Invalid
Product Marketing Manager,Product Decision Maker
Assistant Manager - UX Designer,Technology End User
Manager,Other End User
Full-Stack Developer,Technology End User
Software Developer,Technology End User
Marketing Executive,Marketing Decision Maker
Learning and development,Technology End User
UWP Developer,Technology End User
Data Engineer,Technology End User
Software Developer,Technology End User
Junior Software Engineer,Technology End User
Software Program Manager,Technology Decision Maker
Senior Data Engineer,Technology End User
Certified Medical Coder,Industry LOB - Healthcare End User
Academic Associate,Industry LOB - Edu End User
Associate manager,Other End User
Software Engineer — AI/ML & Data Systems,Technology End User
Software Engineer,Technology End User
Software Engineer,Technology End User
Developer,Technology End User
Head Of Environmental Engineering Department,Technology Executive
Wireman,Other End User
Software engineer,Technology End User
Artificial Intelligence Engineer,Technology End User
sr java developer,Technology End User
Founder/CEO,Chief Executive
Founder,Other Decision Maker
Back End Developer,Technology End User
Legal and career consultant,Legal End User
Principal Software Engineer,Technology End User
Software Engineer,Technology End User
Software Developer,Technology End User
Assistant System Engineer,Technology End User
Site specialist,Information End User
Associate Consultant,Other End User
Frontend developer,Technology End User
End User Computing Engineer,Technology End User
Human resources,HR End User
Software Engineer,Technology End User
Air Assistant Manager,Information End User
Product Manager - Transformation And Growth,Product Decision Maker
Lead System Engineer,Technology End User
Researcher,Other End User
AVP,Other Decision Maker
Software Engineer,Technology End User
PPIC,Junk/Invalid
Search Engine Optimization Specialist,Technology End User
Software Engineer,Technology End User
Senior SRE,Other End User
Associate Director / Founder's Office,Other Decision Maker
SDE III - AI and Data,Technology End User
Reefer Product Manager,Product Decision Maker
Full-Stack Developer,Technology End User
Senior Software Developer,Technology End User
Software Engineer,Technology End User
Senior Engineer,Technology End User
Field Robotic Specialist,Technology End User
Senior Associate,Other End User
"Senior Manager, Digital Infrastructure",Information End User
Lead Application Developer,Technology End User
Software Developer,Technology End User
Sr Software Engineer,Technology End User
/,Other End User
Developer,Technology End User
Technology Analyst,Technology End User
Data entry executive,Data Executive
Senior Process Executive,Information End User
System Engineer,Technology End User
Administrative Assistant To The Registrar,Information End User
Product Manager,Product Decision Maker
It Engineer,Information End User
Developer,Technology End User
Manager,Other End User
Group Sales and Marketing Manager Beef,Sales Decision Maker
Ai Engineer,Technology End User
Senior Software Engineer,Technology End User
Account Manager,Sales End User
"Team Lead, Product Manager, Senior Architect, Product Owner, Business Analyst | Digital Planning Lab",Product End User
"Data Scientist, GeoAI",Data End User
Geotechnical Engineer,Technology End User
DevOps Engineer,Technology End User
Senior Product Manager,Product Decision Maker
Senior Associate,Other End User
Production Engineer,Product End User
Project Engineer,Technology End User
Software Developer,Technology End User
Other,Junk/Invalid
N/A,Other End User
Back End Developer,Technology End User
Engineer,Technology End User
Assistant Manager/Student,Industry LOB - Edu DM
Software Engineer,Technology End User
Full-stack Developer,Technology End User
Data Scientist,Data End User
Web Developer,Technology End User
Assistant system engineer,Technology End User
Frontend Engineer,Technology End User
Product Manager | Digital ID,Product Decision Maker
WEB DESIGNER,Technology End User
Senior Product Manager,Product Decision Maker
Advisor,Other End User
Software Engineer,Technology End User
Product Manager - Movies,Product Decision Maker
Senior Metrologist Engineer,Other End User
UI Developer,Technology End User
Sr. Technical specialist,Technology End User
Senior Product Engineer,Product End User
Senior executive Scm,Operations Decision Maker
Software Developer,Technology End User
Assistant manager - Product Design,Product End User
Private chef,Other End User
소프트웨어 엔지니어,Technology End User
CSR,Other End User
Project Engineer,Technology End User
Product Manager,Product Decision Maker
Consultant,Other End User
DATA ENGINEER,Technology End User
Specialist Programmer,Technology End User
Software Engineer,Technology End User
Software Engineer,Technology End User
Data Analyst,Data End User
Executive Officer,Chief Executive
Penelaah Teknis Kebijakan,Other End User
Machine Learning Engineer,Technology End User
Product Innovation & Implementation Manager,Product Decision Maker
Lead Software Engineer,Technology End User
Generative AI Engineer,Data End User
Founder,Other Decision Maker
Flutter & Android Developer,Technology End User
Frontend Developer,Technology End User
Visual AI Designer,Technology End User
Machine Learning Engineer,Technology End User
Software Engineer,Technology End User
Data Analyst,Data End User
Machine Learning Engineer,Technology End User
Chief Revenue Officer,Finance Executive
Cloud Specialist,Technology End User
Frontend Developer,Technology End User
Cloud Platform Engineer,Technology End User
Full Stack Developer,Technology End User
Android Developer,Technology End User
Software engineer,Technology End User
Owner,Other Decision Maker
Life Insurance Planner,Finance End User
Data Engineer,Technology End User
Senior Electrical Engineering,Technology End User
Head of Engineering,Technology Executive
Software Developer,Technology End User
Quality Analyst,Other End User
Project Engineer,Technology End User
Associate Software Engineering,Technology End User
Java Developer Trainee,Technology End User
Systems Engineer,Technology End User
Software Engineer (무선사업부 SW개발),Technology End User
Data scientist,Data End User
Senior Frontend Developer,Technology End User
Data Center Engineer,Data End User
Nothing,Other End User
Software Developer,Technology End User
System Software Engineer,Technology End User
Data Head of Engineering,Data Executive
GST PRACTIONER,Finance End User
Analyst,Data End User
Engineer,Technology End User
Sr. Web Developer,Technology End User
Software Engineer,Technology End User
Software Engineer Trainee,Technology End User
Research Engineer,Technology End User
Product Manager,Product Decision Maker
Software Engineer,Technology End User
Partner,Sales Decision Maker
engineer,Technology End User
Assistant Manager Information System,Information End User
Corporate Social Responsibility Project Coordinator,Other End User
Senior system engineer,Technology End User
Assistant Consultant,Other End User
Product Manager,Product End User
Back End Developer,Technology End User
Data Expert,Data End User
Full Stack Developer,Technology End User
Junior Web Developer,Technology End User
Developer,Technology End User
Head of Engineering / CTO | Solution Architect | Full Stack Developer | Robotics | AI,Technology Executive
Frontend Developer,Technology End User
Frontend Engineer,Technology End User
Software Engineer,Technology End User
Security Engineer,Security End User
Associate Professor,Industry LOB - Edu End User
System engineer,Technology End User
Senior Consultant-II,Other End User
readymade garments shop,Junk/Invalid
DevOps Engineer/ TPM,Technology End User
Associate Consultant,Other End User
.NET Developer,Technology End User
Associate,Other End User
Systems engineer,Technology End User
IT Engineer,Information End User
Product Manager,Product Decision Maker
Software Engineer,Technology End User
Vice Principal,Other Decision Maker
Web Developer,Technology End User
Cloud Engineer,Technology End User
Mobile Engineer,Technology End User
IT Business Analyst (Assistant Manager) | IT Research & Development,Information Decision Maker
Product Manager,Product Decision Maker
Advocate,Other End User
"Analyst,Site reliability Engineer",Technology End User
digital marketing manager,Marketing End User
Assistant Photographer,Other End User
Frontend Developer,Technology End User
Software Engineer,Technology End User
Project Lead Developer,Technology End User
Senior Machine Learning Engineer,Technology End User
Course Mentor,Other End User
Lead Software Engineer,Technology End User
Chief Strategy Officer,Chief Executive
Sr. Test Engineer - Automation,Technology End User
Senior Software Engineer,Technology End User
Software Engineer Data & AI( 1.33 ),Technology End User
College student,Other End User
"Product Manager, Market Data",Product Decision Maker
Junior Developer,Technology End User
Audiologist,Other End User
부장,Other Decision Maker
Partner,Sales Decision Maker
CAE Engineer,Technology End User
DevOps Engineer,Technology End User
Product Manager,Product Decision Maker
Back End Developer,Technology End User
System Engineer,Technology End User
Lead Developer,Technology End User
Software Engineer,Technology End User
Information Technology Field Engineer/Network & Comms. Engineer,Information End User
DevOps Engineer,Technology End User
UX Designer / Senior Process Associate,Technology End User
Senior Product Manager,Product Decision Maker
Admin Assistant,Other End User
associate,Other End User
"Product Manager (MasterKey, Plum and Corporate)",Marketing Decision Maker
Software Engineer,Technology End User
Senior Associate Manager,Other End User
Project Manager,Other End User
Scheduling Engineer,Technology End User
no,Other End User
php,Other End User
Engineer,Technology End User
Analyst,Data End User
Associate Full-Stack Systems Developer,Technology End User
Blockchain Developer Lead,Technology End User
Wintel Engineer,Technology End User
Senior Software Engineer,Technology End User
Senior Software Engineer,Technology End User
Sr. Manager CSR,Other End User
Associate Software Engineer,Technology End User
Senior Wealth advisor / Senior Wealth Manager,Finance End User
Junior AI Engineer,Data End User
Today tution 6 45 pm ka baccha ho,Junk/Invalid
Product Manager - Client & Case Management,Product Decision Maker
Product Manager /,Product Decision Maker
Engineer,Technology End User
Software Engineer,Technology End User
System Engineer,Technology End User
Engineer,Technology End User
Engineer,Technology End User
Ai Engineer,Technology End User
UX Researcher,Product End User
Senior Full Stack Developer,Technology End User
csr,Other End User
PRODUCT MANAGER,Product End User
Consultant/Student,Other End User
CSR Executive,Sales End User
Senior Software Engineer,Technology End User
Senior developer,Technology End User
Software Engineer Intern/SDE Intern,Technology End User
Cloud And Infra Management,Technology End User
Senior analyst,Technology End User
Frontend web Developer,Technology End User
Senior Software Developer,Technology End User
"Manager, Product Development",Product Decision Maker
Director,Other Decision Maker
Frontend Engineer,Technology End User
Software Engineer,Technology End User
D3A/ Cloud DevOps Engineer,Technology End User
Software Engineer,Technology End User
Data Scientist,Data End User
Senior DevOps Engineer,Technology End User
Software Engineer,Technology End User
Csr,Other End User
Assistant Manager,Other End User
Software Engineer,Technology End User
Software Engineer,Technology End User
Principal Product Manager & Founder,Product End User
Ios Developer,Technology End User
Lead Software Engineer,Technology End User
B.tech,Technology End User
Lead Software Engineer,Technology End User
Software Engineer,Technology End User
Frontend Developer,Technology End User
Software Engineer,Technology End User
Software Engineer,Technology End User
Senior Machine Learning Engineer,Technology End User
Corporate Social Responsibility Manager,Other End User
Product Engineer,Other End User
Product Manager,Product Decision Maker
Artificial Intelligence,Data End User
Data Analyst,Data End User
Software Engineer,Technology End User
Head Of Engineering/ Principle Engineer,Technology Executive
Software Engineer,Technology End User
Pune,Junk/Invalid
Technical Content Writer,Technology End User
Software Engineer,Technology End User
Account Executive,Sales End User
Digital Marketing Specialist,Marketing End User
Software Engineer,Technology End User
Manager,Other End User
Product Manager,Product Decision Maker
Data Engineer,Technology End User
Senior Software Engineer,Technology End User
Product Owner,Product End User
Senior Engineer,Technology End User
Software Engineer,Technology End User
Senior Data Specialist - Portfolio Analytics,Data End User
Senior Member of Technical Staff,Technology End User
Teacher,Industry LOB - Edu End User
Senior ML Engineer / Senior Machine Learning Engineer,Technology End User
Software Engineer,Technology End User
Senior software Engineer,Technology End User
Pre-primary Teacher,Industry LOB - Edu End User
Consultant,Other End User
Lead Backend Developer,Technology End User
Pre-Sales,Sales End User
Sr staff emulation engineer,Technology End User
Business Analyst (Data Analytics),Data End User
Flutter Developer,Technology End User
Sr. Product Compliance Associate,Product End User
Bajaj Finserv Health Limited,Junk/Invalid
Owner,Other Decision Maker
Lead Developer,Technology End User
Application Developer,Technology End User
Software Engineer,Technology End User
Technical Lead,Technology End User
System administrator,Technology End User
Senior Manager,Other End User
"Director, Product Enablement",Product Decision Maker
Clerk,Other End User
Software Engineer,Technology End User
Back End Developer,Technology End User
Protect all digital devices,Junk/Invalid
Senior Software Engineer,Technology End User
software developer,Technology End User
SDE 2,Other End User
Developer,Technology End User
Senior Software Development Engineer Test,Technology End User
Frontend Engineer,Technology End User
Team Leader,Other End User
Information Technology Technical Manager,Information End User
Software Engineer,Technology End User
Practicum Unit Management Officer,Other Decision Maker
Business development,Sales End User
Senior Analyst (Tech lead),Technology End User
Developer,Technology End User
Senior Product Manager,Product Decision Maker
Team Lead,Other End User
Senior Associate Consultant,Other End User
Data Engineer,Technology End User
Senior consultant,Other End User
Software Engineer,Technology End User
Software Consultant,Technology End User
Web Developer,Technology End User
DevOps Engineer,Technology End User
DEVELOPER,Technology End User
Senior Software Engineer,Technology End User
Senior Product Manager,Product Decision Maker
Software Engineer,Technology End User
M.D,Other End User
Backend Developer,Technology End User
Chief Technology Head,Technology Decision Maker
Software Engineer,Technology End User
Senior Deployment Engineer,Technology End User
Agile Coach,Other End User
Software Engineer,Technology End User
Quality Control Engineer Ii,Technology End User
Software Applications Engineer,Technology End User
Computer science,Technology End User
Frontend Web Developer,Technology End User
Associate System Engineer,Technology End User
Associate Software Engineer,Technology End User
DevOps Engineer,Technology End User
Software Developer,Technology End User
Application Engineer,Technology End User
Technical Lead,Technology End User
Senior Analyst,Technology End User
Full Stack Developer,Technology End User
Senior associate,Other End User
Android Developer/Senior Software Engineer,Technology End User
Senior Mechanical Engineer,Technology End User
Engineer,Technology End User
Data Scientist,Data End User
Senior analyst,Technology End User
Data Engineer,Technology End User
Software Developer,Technology End User
Senior Associate Consultant,Other End User
"Senior Software Engineer/Manager, Engineering",Other Decision Maker
CRM Analyst,Technology End User
Senior Business Analyst,Data End User
Assurance Associate,Other End User
Deputy Marketing Manager,Marketing End User
Associate,Other End User
Graduate Engineer,Technology End User
Full-stack Developer,Technology End User
Optometrist,Other End User
IT Support,Information End User
Frontend Developer,Technology End User
Safety Associate Trainee,Other End User
Senior Devops Engineer,Technology End User
Staff Engineer,Technology End User
Software Engineer / Special Projects,Technology End User
Deputy manager,Other End User
Technical Leader 1,Technology End User
Associate executive Content Ops,Marketing End User
Finance customs Analyst,Data End User
Manager,Other End User
DEVELOPER,Technology End User
Process Engineer/Lead Team Technical Writer SOP Development BP UCC UBADARI,Technology End User
Group Product Manager,Product Decision Maker
Full Stack Software Engineer,Technology End User
Senior Process Manager,Operations End User
Senior Software Engineer,Technology End User
Senior Vice President,Other Decision Maker
Cloud Engineer,Technology End User
Senior Engineer,Technology End User
Product Owner / Founder & CEO,Product Executive
software developer,Technology End User
php,Other End User
INTERN,Industry LOB - Edu End User
Systems Engineer,Technology End User
Software Developer,Technology End User
DevOps Engineer,Technology End User
devops engineer,Technology End User
Product Analyst,Product End User
Engineer,Technology End User
Software Engineer /  software Engineering Team Lead,Other End User
Senior Product Manager,Product Decision Maker
SDET,Other End User
Full-stack developer,Technology End User
Product Manager,Product Decision Maker
Automation Engineer,Technology End User
..,Other End User
Team Lead Meat Operations (Fresh),Operations End User
Senior Software Developer,Technology End User
主任工程師,Other Decision Maker
Enginer,Technology End User
Bhopal,Junk/Invalid
Assistant Manager,Other End User
Corporate Social Responsibility Manager,Other End User
Associate,Other End User
Software Engineer,Technology End User
MANAGER,Other End User
"Senior Software Engineer/Manager, Engineering",Other Decision Maker
Frontend Developer,Technology End User
Engineer,Technology End User
Wealth manager,Finance End User
선임,Other End User
Full Stack Developer,Technology End User
Frontend Engineer,Technology End User
Senior scientist ll,Technology End User
Market research associate,Marketing End User
Director Technology,Technology Decision Maker
CEO,Chief Executive
ADO,Junk/Invalid
Sr. Data Analyst,Data End User
Assistant professor,Industry LOB - Edu End User
Senior Software Developer,Technology End User
Fullstack developer( 2 )/Full Stack Engineer,Technology End User
Associate Senior Technical Consultant,Technology End User
Sr Project Coordinator,Technology End User
Engineer,Technology End User
Vice President of Product Management,Product Decision Maker
Software Developer,Technology End User
Tech lead,Technology End User
ERP Technical Specialist,Technology End User
IBM ACE Developer,Technology End User
Owner,Other Decision Maker
Senior Software Developer,Technology End User
Senior DevOps Engineer,Technology End User
Quality Engineer,Operations End User
Consultant,Other End User
"Product Manager, Strategy & Delivery",Product Decision Maker
Engineering Manager,Technology Decision Maker
System engineer,Technology End User
Senior Data Scientist,Data End User
Machine Learning Engineer,Technology End User
Web Developer,Technology End User
Product Manager - Water,Product Decision Maker
Software Test Engineer,Technology End User
Full-Stack Developer,Technology End User
Product Manager,Product Decision Maker
Senior Software Engineer,Technology End User
Application Developer,Technology End User
Founder and CEO,Chief Executive
Area manager,Operations End User
Product Manager,Product Decision Maker
Sr. Software Engineer,Technology End User
Manager,Other End User
Consultant Fullstack Developer,Technology End User
Lead Technical Artist,Technology End User
Assistant Manager,Other End User
Planning Engineer,Operations End User
Software Development Engineer,Technology End User
Web Developer,Technology End User
FullStack SDE 2,Technology End User
Software Engineer,Technology End User
Snr Software Engineer,Technology End User
Software Engineer,Technology End User
Frontend Engineer,Technology End User
Full Stack Developer,Technology End User
Senior Data Engineer,Technology End User
Associate Data Scientist,Data End User
Software Developer (Backend),Technology End User
DEVOPS ENGINEER,Technology End User
Process Lead Operations,Operations End User
DEVOPS ENGINEER,Technology End User
Manager (Electrical maintenance section),Information Decision Maker
Seo Specialist,Other End User
Director Of Sales Marketing,Sales Decision Maker
Principal AI Engineer,Data End User
Senior Executive Human Resources,HR Executive
System Engineer,Technology End User
Asset Engineer,Technology End User
Senior manager / Credit Manager,Finance End User
Chief Engineer,Technology Executive
Ai/Ml Computational Associate,Technology End User
Software Engineer,Technology End User
Sales Executive,Sales Decision Maker
Software Engineer / team leader,Technology End User
Lead Data Analytics,Data End User
Security Analyst,Security End User
Data Analyst,Data End User
CTO,Technology Executive
Product Manager,Product Decision Maker
Software Engineer,Technology End User
Analyst,Data End User
Data scientist,Data End User
Senior Software Analyst ( 5 ),Data End User
Kankarbagh,Junk/Invalid
Senior Software Engineer,Technology End User
Software Quality Engineer,Technology End User
Co-founder,Other Decision Maker
Senior Project Manager,Other Decision Maker
DevOps Engineer,Technology End User
Architecture Specialist,Technology End User
Sr Date Scientist,Data End User
Web Developer,Technology End User
"Software Engineer, Platform Team",Technology End User
Principal HW Quality Engineer,Other End User
IT Engineer,Information End User
Staf/developer,Other End User
Junior Product Manager,Product Decision Maker
Manager data engineering,Data End User
"Regional Marketing Product Manager, APAC & MEA",Marketing Decision Maker
Associate Manager,Other End User
Teacher,Industry LOB - Edu End User
AI Engineer,Technology End User
Assistant Manager,Other End User
Senior Data Scientist,Data End User
"Assistant General Manager It, Hr & Admin",Information End User
Back End Developer,Technology End User
DevOps / Software Engineer,Technology End User
Jr.Engineer,Technology End User
Machine Learning Engineer,Technology End User
Machine learning Ex intern,Data End User
ASN,Junk/Invalid
Ai build,Technology End User
Software Application Developer,Technology End User
Senior Software Engineer,Technology End User
SDET,Other End User
Software engineer,Technology End User
AI Innovation Engineer,Data End User
Assistant Manager - Data Science,Data End User
Technical Trainee,Technology End User
Game Development Lead,Other End User
engineer,Technology End User
S,Other End User
Team lead,Other End User
Project Engineer,Technology End User
Flutter Developer,Technology End User
Sse,Technology End User
Senior Product Manager,Product Decision Maker
Software Engineer,Technology End User
Senior Software Engineer,Technology End User
Software Engineer,Technology End User
Software Engineer,Technology End User
Store Manager,Operations End User
Chief Strategist,Information Executive
Assistant Manager - UX Designer,Technology End User
JAVA Software Developer / Software / Solutions Engineer - Java Backend & Cloud Systems,Technology End User
Middle Developer,Technology End User
Software Engineer,Technology End User
Frontend Developer,Technology End User
Senior Data Specialist - Portfolio Analytics,Data End User
Marketing operations,Marketing End User
Intermediate Java Backend Software Engineer,Technology End User
Business Intelligence Developer,Data End User
Team lead,Other End User
Information Governance Risk and Compliance Analyst,Information End User
Software Engineer,Technology End User
ACADEMIC HEAD,Other Executive
Senior Data Scientist,Data End User
Cloud Engineer,Technology End User
Director - Lighting,Other Decision Maker
IT Engineer,Information End User
Associate Software Engineer,Technology End User
Engineering Lead,Technology End User
Junior Engineer,Technology End User
Senior Sales Executive,Sales Executive
Data analyst + Web Dev,Other End User
Senior Data Engineer,Technology End User
Lead Dotnet Developer,Technology End User
Senior Data Engineer,Technology End User
Lead Software Engineer,Technology End User
Staff Software Engineer,Technology End User
Senior Javascript Developer,Technology End User
Senior Product Manager,Product Decision Maker
Consultant,Other End User
Network Engineer,Other End User
IT Service Desk Team Lead,Information End User
System Engineer,Technology End User
Senior CSR / Marketing Manager,Marketing End User
Aircraft Maintenance Engineer,Operations End User
Devops Engineer,Technology End User
Assistant Manager,Other End User
Lead Enterprise Architect,Technology End User
Operations Manager,Operations End User
senior software engineer,Technology End User
Product Owner,Product End User
Senior Operations Associate,Operations End User
Senior Software Engineer,Technology End User
"data analytics Data-driven Strategist, Insights Manager( 1 )",Data End User
Product Manager,Product Decision Maker
Web Developer,Technology End User
Lead engineer,Technology End User
Senior Software Engineer,Technology End User
Technical Lead,Technology End User
Software Engineer,Technology End User
Technology Manager,Technology Decision Maker
Cloud Engineer,Technology End User
Frontend Developer,Technology End User
AI Engineer,Technology End User
Physiotherapist,Technology End User
Delivery boy,Other End User
Lead Associate Ops,Operations End User
Project Manager,Other End User
Performance Marketing - Google Ads & SEO,Marketing End User
Cum Logistic Hod Production Engineer,Technology End User
Software Engineer,Technology End User
Software Engineer,Technology End User
Product Manager,Product Decision Maker
Research Associate in Pharma,Technology End User
Senior Data Scientist,Data End User
Cyber security project engineer,Security End User
Inference Infrastructure Engineer,Other End User
Lead Data Scientist (Analytics),Data End User
Product Manager,Product Decision Maker
Control Engineer,Technology End User
L2 - Cloud Operation Engineer,Technology End User
Product Manager For Enterprise,Product Decision Maker
Managing Director - North Asia & Pacific,Other Decision Maker
Associate Product Manager,Product End User
Manager Communication,Marketing End User
Design And Development Engineer,Marketing End User
Hotel,Other End User
Web Tech Lead,Technology End User
Software Engineer,Technology End User
Air Assistant Manager,Information End User
Associate System Engineer/DC Engineer,Other End User
Senior Software Engineer,Technology End User
Information Technology,Technology End User
Programmer analyst,Technology End User
Senior Software Engineer,Technology End User
Marketing and Operations Manager,Marketing End User
Site Reliability Engineering,Technology End User
ECommerce,Other End User
Product Manager,Product Decision Maker
Software Developer,Technology End User
Software Engineering/Team Lead Senior Software Engineer,Technology End User
Test Product Manager,Product Decision Maker
Software Engineer,Technology End User
Data Scientist,Data End User
Receptionist,Other End User
Data Analyst Intern,Data End User
Student  Researcher,Other End User
IT technician,Information End User
Senior Content Specialist,Information End User
Senior Business Analyst - Central Team,Data End User
AI Engineer (HPC for Quantum Chemistry),Data End User
Software Developer,Technology End User
SOMETHING ELSE,Other End User
Senior Engineering Manager,Technology End User
Senior Software Quality Assurance Engineer,Technology End User
Artist,Other End User
Digital Lead,Marketing End User
System Engineer,Technology End User
Principal AI Engineer,Data End User
QA & Technical Support Manager,Information End User
Engineer,Technology End User
Full Stack Developer,Technology End User
Ceo,Chief Executive
Web Developer,Technology End User
Data Scientist,Data End User
Sr software engineer,Technology End User
AI developer,Data End User
Senior Analyst - Supply chain security,Other End User
Data Engineer/ Software Engineer - BA4,Technology End User
Software Engineer,Technology End User
Payment Associate,Finance End User
KYC ASSOCIATE - CREDIT/SECURITY OPERATIONS/ Credit Operations Security Associate,Finance End User
"Product Manager, Residential",Product Decision Maker
Senior Purchase Engineer,Technology End User
Ai Lecturer,Data End User
Engineer,Technology End User
Cloud engineer,Technology End User
Principal Software Engineer - Web Frontend,Other End User
"Senior Software Engineer, Android",Technology End User
Software Engineer - Motion Planning & Control,Technology End User
Systems Engineer,Technology End User
Software Engineer / Developer,Technology End User
Product Manager,Product Decision Maker
DevOps Engineer,Technology End User
Delivery Manager,Other Decision Maker
Senior Engineer,Technology End User
Senior Data Scientist,Data End User
SRE Manager - A2R,Technology End User
Developer,Technology End User
Full Stack Developer,Technology End User
Head of Software Engineer,Technology Executive
Automation Engineer,Technology End User
Founder,Other Decision Maker
Digital Marketing Manager,Marketing End User
Principal Applications Consultant,Technology End User
Senior Product Manager - Hyper Personalisation,Other End User
BI Software Engineer,Data End User
Web Developer,Technology End User
Lead DevOps Engineer,Technology End User
AI ML Engineer,Data End User
Principal Software Development Engineer,Technology End User
Senior Full Stack Developer,Technology End User
Software Engineer,Technology End User
Software Engineer,Technology End User
AI Solutions Engineer,Data End User
Full Stack Engineer / AI Engineer,Other End User
Digital Product Manager,Product Decision Maker
Software engineer,Technology End User
Senior Software Engineer,Technology End User
Senior Associate Technology,Technology End User
Data analyst,Data End User
Senior SAP Basis Consultant,Technology End User
Assistant Manager Branding & Social Media,Marketing End User
Senior Data Scientist Related to Search Terms in Your Query,Data End User
Senior Software Engineer,Technology End User
Team Lead Technical Training & Education,Industry LOB - Edu End User
Graduate Engineer Trainee,Technology End User
Team Leader,Other End User
Engineer,Technology End User
Salesforce Test Lead,Technology End User
Senior Product Manager,Product Decision Maker
Senior Automation Associate,Technology End User
Assistant Product Manager,Product Decision Maker
Co-Founder,Other Decision Maker
Senior Product Manager,Product Decision Maker
Associate IT,Information End User
Software Engineer,Technology End User
Machine Learning Engineer,Technology End User
Senior Engineer,Technology End User
Team lead,Other End User
AI Engineer,Technology End User
Manager,Other End User
Data Management Specialist //Technical Advisor,Data End User
Fault Management Analyst,Information End User
Cofounder and ceo,Chief Executive
Software Development Engineer 1,Technology End User
Manager,Other End User
Business Analyst,Other End User
Director,Other Decision Maker
Software Engineer 2,Technology End User
Field Sales Executive,Sales Decision Maker
"Product Manager, Marketing Activation",Marketing Decision Maker
Field Manager,Operations End User
Senior Product Manager,Product Decision Maker
Cloud pre sales engineer,Technology End User
Product Manager- FDE Academy,Product End User
Senior Customer Service Representative,Information End User
Frontend Developer,Technology End User
Engineering Manager,Technology Decision Maker
Server Administrator,Other End User
Platform Engineer & AI Developer,Other End User
System & Network Administration,Information End User
Software Engineer,Technology End User
Software Engineer,Technology End User
Content Production specialist and Senior Social Media Manager,Marketing End User
Senior Product Manager / AVP - Online & Digital channel product,Product Executive
Sr. Electrical Engineer,Technology End User
Senior Software Engineer,Technology End User
DevOps Engineer,Technology End User
Placement Courses,Junk/Invalid
Software Developer,Technology End User
Associate Consultant,Other End User
Shift Supervisor (Secondment),Other End User
Data Scientist Technology Lead,Data End User
Behavioural Therapist,Other End User
Senior Data Scientist,Data End User
Analyst -lll infrastructure service,Information End User
"Senior Advisory Enterprise Architect, Vice President",Technology Executive
Senior Project Manager,Other Decision Maker
Software Engineer,Technology End User
IT Systems Engineer,Information End User
Senior associate consultant,Other End User
R&D Engineer,Product End User
Vice President & Fund Manager - Portfolio Management Services,Other End User
Software Developer,Technology End User
Teacher,Industry LOB - Edu End User
"Tech Lead, Machine Learning Engineer",Data End User
FTE,Junk/Invalid
Information Developer,Information End User
Technical Architect,Technology End User
Manager,Other End User
Increase modern input in farming,Junk/Invalid
Senior customer support associate/Team Lead,Other End User
IT Analyst,Information End User
Frontend Engineer,Technology End User
Software Developer,Technology End User
Senior Product Manager,Product End User
Lead Engineer - Data Engineering & Ops /  Lead Engineer - Technology Management,Other End User
Technical Program Manager,Technology End User
DATA ANALYST,Data End User
Full Stack Engineer,Technology End User
Technical Lead,Technology End User
Product Manager Senior Business Analyst,Product Decision Maker
Software Engineer,Technology End User
Senior Analyst,Technology End User
Tech Lead Developer,Technology End User
Senior Software Engineer,Technology End User
AI & Automation,Technology End User
Machine Learning Engineer,Technology End User
Mechanical integrity engineer,Technology End User
Zonal Manager,Technology End User
Human Resources Contractor,HR End User
Software Engineer 2,Technology End User
Engineer,Technology End User
Production Engineer,Product End User
Product Owner of Zonal Controller,Product End User
Senior Product Manager,Product Decision Maker
Senior Software Engineer,Technology End User
Systems Engineer (Data Engineer),Technology End User
Senior Software Engineer,Technology End User
Delivery manager,Other End User
Software Engineer,Technology End User
Senior Data Scientist Ai Engineer,Technology End User
Devops Engineer,Technology End User
Technical Lead 1,Technology End User
Senior Consultant,Other End User
Senior Analyst,Technology End User
Lead - Process & Customer Experience,Other End User
Software engineer II,Technology End User
Specialist Programmer,Technology End User
Product Manager,Product End User
Software Engineer,Technology End User
Process Engineer,Technology End User
Supervisor,Other End User
Analyst,Data End User
Project manager,Other End User
Senior Data Scientist,Data End User
Data Analyst,Data End User
Digital Marketing Head,Marketing Decision Maker
Associate Ai Consultant,Technology End User
Ai Architect,Data End User
Co-Founder,Other Decision Maker
TME (Technology PM),Technology End User
Data engineer,Technology End User
Team Leader,Other End User
Full-stack Developer,Technology End User
"BFSI Sales and Solutions Enablement Program Director GEN AI Evangelist Domain Expert, Consultant",Other Decision Maker
Frontend,Other End User
Front End Developer,Technology End User
Customer Relationship management and business development executive,Sales Decision Maker
Technician,Other End User
System Engineer,Technology End User
Principal AI Engineer,Data End User
Principal Consultant,Other End User
Technology Analyst,Technology End User
Principal Software Engineer,Technology End User
Sr. Business Analyst,Data End User
Assistant Manager - Analytics,Data End User
Senior Software Engineer,Technology End User
Senior Software Engineer,Technology End User
Net Trainee,Other End User
Product Manager,Product Decision Maker
Technical lead / Software Engineer,Technology End User
Data Analyst,Data End User
Mts,Junk/Invalid
Senior Software Engineer,Technology End User
Product Manager,Product Decision Maker
MSc chemistry,Junk/Invalid
Software Engineer,Technology End User
Staff Software Engineer,Technology End User
IT System Engineer,Information End User
Frontend Tech Lead,Technology End User
Software Engineer,Technology End User
Head Of Design Ai Product Manager,Other Decision Maker
Product Manager,Product Decision Maker
Associate Consultant,Other End User
Founder,Other Decision Maker
Assistant Director Of Support Engineering,Information Decision Maker
Senior Analyst ( 4 ),Other End User
Web Developer,Technology End User
Senior Process Associate,Other End User
ASE,Other End User
Sap Security Consultant,Security End User
Back End Developer,Technology End User
Senior Software Engineer,Technology End User
Head Of Product,Product Decision Maker
Full Stack Developer,Technology End User
Key Account Manager,Sales End User
Assistant Manager,Other End User
Sr. Business Analyst,Data End User
Product Manager - Travel,Product Decision Maker
"""Agile Developer, Associate Ii""",Technology End User
Developer,Technology End User
Senior Product Owner,Product End User
Senior Web Developer,Technology End User
Lecturer,Industry LOB - Edu End User
Data Engineer,Technology End User
Senior Software Engineer,Technology End User
Analyst - Avp,Data End User
Lead Product Manager,Product Decision Maker
AI Engineer / AI Engineer with Product Mindset,Data End User
IT Analyst,Information End User
Mobile developer,Technology End User
Data Engineer,Technology End User
DATA ENGINEER,Technology End User
Business Analyst,Other End User
project Associate,Other End User
Executive Trainer,Other Decision Maker
Data Scientist (Analytics),Data End User
Process Technical Improvement team lead,Technology End User
Biomedical Engineer,Technology End User
Senior Software Engineer,Technology End User
Full-stack Developer,Technology End User
Web Developer,Technology End User
MACHINE LEARNING ENGINEER,Technology End User
Corporate Social Responsibility Manager,Other Decision Maker
Tl,Other End User
Software Engineer,Technology End User
Analyst,Data End User
Ai intern,Data End User
"Head, Web Experience",Other Executive
Product Manager,Product Decision Maker
Software Engineer,Technology End User
Barista,Other End User
Technical Support Lead,Technology End User
Prosses Engineer,Other End User
Backend Developer,Technology End User
Senior Associate,Other End User
Relationship Manager / Deputy Manager II,Other End User
Full Stack Developer,Technology End User
Founder/ Director,Other Decision Maker
Senior Software Engineer,Technology End User
Java Software Developer,Technology End User
SaaS System Analyst,Information End User
Engineer,Technology End User
DATA ENGINEER,Technology End User
Nothing,Other End User
AI Engineer,Technology End User
Frontend Developer,Technology End User
Research associate,Industry LOB - Edu End User
Software Developer,Technology End User
Design engineer,Other End User
Data Scientist,Data End User
Trainee System Engineer (Support),Technology End User
Business development,Sales End User
Graduate Engineer,Technology End User
Manager,Other End User
Senior Devsecops Engineer,Security End User
Engineering & Projects Manager,Technology Decision Maker
Full Stack Developer,Technology End User
Data Analyst,Data End User
Consultant,Other End User
Full Stack Developer,Technology End User
Principal Engineer,Technology End User
Product Manager,Product Decision Maker
Project Lead,Technology End User
Engineer,Technology End User
Software Engineer,Technology End User
software engineer,Technology End User
Team Lead,Other End User
Software Engineer,Technology End User
Software Developer,Technology End User
Tl,Other End User
Tech Lead,Technology End User
Business Development Head It,Information Decision Maker
Senior Analytical Engineer ( 9 ),Data End User
Platform Engineer & AI Developer,Other End User
"Lead, cloud engineer",Technology End User
Swine product manager / Research Assistant,Product Decision Maker
Ml,Junk/Invalid
Co-Founder,Other Decision Maker
Train Attendant,Other End User
Product Manager,Product Decision Maker
Cluster Head - Digital Lending & Unsecured Business Loans,Other Decision Maker
Software developer,Technology End User
Engineering Administrator,Technology End User
Scrum Master,Other End User
Associate Product Manager,Product Decision Maker
Senior Engineer (GSE),Other End User
Principal Engineer,Technology End User
Senior Software Developer,Technology End User
engineer,Technology End User
Senior Android Developer | AI Agents,Technology End User
Data analyst,Data End User
Engineering Manager / Solution Architect - Ott / Live Streaming Workflow,Technology End User
"Information Technology Team Lead/Manager, Information Technology Service Centre",Other Decision Maker
Software Engineer,Technology End User
Frontend Developer,Technology End User
Associate Scientist,Data End User
Incident Manager,Security End User
Junior Broadcast Engineer,Technology End User
Customer Service Staff,Information End User
Senior Systems Engineer,Technology End User
Senior Software Engineer I,Technology End User
DATA ANALYST,Data End User
Process Associate,Other End User
Developer,Technology End User
Associate Marketing Director & Regional Sales Manager,Sales Decision Maker
Digital Product Manager,Product Decision Maker
Information Technology Business Analyst,Information End User
Software Developer,Technology End User
Engineer,Technology End User
Application Developer,Technology End User
Engineer,Technology End User
php,Other End User
Senior Software Developer,Technology End User
IoT,Junk/Invalid
Full-stack Software Developer,Technology End User
QA Engineer,Technology End User
Back End Developer,Technology End User
Web Developer,Technology End User
Process Developer,Technology End User
System Engineer,Technology End User
Senior Software Engineer,Technology End User
Credit Manager,Finance End User
"""Desarrollo De Negocio, Marketing Cloud""",Technology End User
Senior Software Engineers,Technology End User
Associate Product Manager ( AI ),Product End User
"""Desarrollo De Negocio, Marketing Cloud""",Technology End User
Software Engineer,Technology End User
IT application developer,Information End User
TECH LEAD,Technology End User
Engineer,Technology End User
Lead System Administrator / Senior System Administrator,Technology End User
DEVELOPER,Technology End User
Secretary,Other End User
UX Designer,Product End User
Developer,Technology End User
Research Engineer,Technology End User
Senior Software Engineer,Technology End User
Sr Software Developer,Technology End User
Senior Software Engineer,Technology End User
Product Manager Products,Product Decision Maker
Chief Engineer,Technology Executive
Network Engineer,Other End User
Senior Product Manager,Product Decision Maker
Data Scientist,Data End User
Team Leader,Other End User
Manager,Other End User
"Head Vice President, Management Information Systems & Data Analytics",Information Decision Maker
Software Engineer,Technology End User
Android Developer,Technology End User
site engineer,Technology End User
Senior Software Developer,Technology End User
Javascript Engineer,Technology End User
Head of Product & Design,Product Executive
ESS Business Development Dep't Senior Manager,Sales Decision Maker
IT Automation AM,Information End User
SRE,Technology End User
Software Developer,Technology End User
Executive Leadership Development | Executive Coach,Technology End User
QA Lead,Other End User
Senior Engineer,Technology End User
Data Engineer,Technology End User
Senior Cloud Administrator,Technology End User
Automation & AI Engineer,Data End User
At top,Junk/Invalid
UI Developer,Technology End User
Senior Product Manager,Product Decision Maker
Analyst Trainee,Technology End User
Senior Specialist Technical Services Engineer,Other End User
Senior Admin,Information End User
Engineering Lead,Technology End User
Engineering Manager,Technology Decision Maker
DEVELOPER,Technology End User
Executive - Jewelry Design,Other Decision Maker
Software Developer,Technology End User
Software Developer,Technology End User
Software Engineer,Technology End User
Product Manager,Product End User
Telesales Executive,Sales Executive
Data scientist,Data End User
Manager,Other End User
Quality specialist,Other End User
Senior Software Engineer,Technology End User
LIC officer,Junk/Invalid
Frontend Developer,Technology End User
Lead Product Manager,Product Decision Maker
Data Scientist,Data End User
Affinity - Senior It Consultant,Information End User
Sde-1Cloud Engineering,Technology End User
Proprietor,Other Executive
Frontend Developer,Technology End User
Software Developer,Technology End User
CTO,Technology Executive
Senior Software Developer,Technology End User
Associate Engineer,Technology End User
Full Stack Developer,Technology End User
Software Engineer - 2,Technology End User
Software Engineer,Technology End User
System Developer,Technology End User
Assistant Vice President,Other Executive
Marketing,Marketing End User
Associate Officer,Other End User
Information system,Information End User
Software Engineer,Technology End User
Founder,Other Decision Maker
Associate Product Manager,Product Decision Maker
Solutions Architect - Walgreens Boots Alliance,Technology End User
Product Manager,Product Decision Maker
Backend Engineer/Software Engineer,Technology End User
Software Engineer,Technology End User
Sde,Technology End User
Data Science Intern,Data End User
Senior Associate - Program Operations Intern,Operations End User
Consultant,Other End User
Senior Cloud Engineer,Technology End User
Senior Software Developer,Technology End User
Senior Data Scientist,Data End User
Developer,Technology End User
Senior Customer Service Associate,Information End User
Data Scientist,Data End User
Lead Machine Learning Engineer,Data End User
Lead Analyst,Technology End User
Sales Director (Digital Product & Application Development Service),Sales Decision Maker
Project Engineer,Technology End User
Data Analyst,Data End User
Design Engineer,Other End User
"Win-Win Growth Part Leader, Global CSR Team, Global Government Affairs Department",Other End User
Data Scientist,Data End User
Cloud Expert,Technology End User
Digital Product Manager,Product Decision Maker
Senior Software Engineer,Technology End User
Digital Marketing Agency,Marketing End User
Associate,Other End User
Software Developer,Technology End User
Senior Associate Ai Developer,Data End User
Assistant Product Manager,Product Decision Maker
Engineer,Technology End User
Senior Officer FMO Business Reference Data,Data Decision Maker
Back End Developer,Technology End User
CEO,Chief Executive
Administrator,Information Decision Maker
Technical Lead,Technology End User
Assistant Manager - Ecosystem Development/Assistant Manager - Technology & Innovation,Technology Decision Maker
Risk Engineer,Legal End User
Data Engineer,Technology End User
Financial Accountant,Finance End User
Security executive officer,Security Executive
Data Analyst,Data End User
Product Manager OTC,Product Decision Maker
Senior Manager,Other End User
Manager,Other End User
Sr. Full Stack developer,Technology End User
Software Engineer,Technology End User
Senior Product Manager,Product Decision Maker
Founder,Other Decision Maker
Supervisor,Other End User
System Engineer,Technology End User
PRODUCT MANAGER,Product End User
Software Engineer,Technology End User
Software developer,Technology End User
Software Engineer,Technology End User
Pranata Komputer,Other End User
Data Engineer,Technology End User
Full Stack Engineer,Technology End User
Analyst - Engineer,Technology End User
Machine Learning Engineer,Technology End User
Software Engineer,Technology End User
Software Developer,Technology End User
Data Engineering Manager,Data End User
Associate Software Engineer,Technology End User
Ai Engineer,Technology End User
Gen AI & Data Science Engineer,Technology End User
Web Developer,Technology End User
Analyst - Engineer II,Technology End User
Product Owner,Product End User
Solution analyst,Technology End User
Pharmacy Analyst,Industry LOB - Healthcare End User
Technical lead,Technology End User
Software Developer,Technology End User
Frontend Engineer,Technology End User
Tech Lead |ETL Developer|GCP Data Engineer,Technology End User
Software  Engineer,Technology End User
Desktop support Engineer L1,Information End User
IT Technical Support Team Lead,Information End User
DEVELOPER,Technology End User
Pranata Komputer Ahli Pertama,Other End User
Senior Associate,Other End User
Developer,Technology End User
Principal Engineer,Technology End User
Assistant Vice President,Other Decision Maker
Frontend Developer,Technology End User
Software Engineer,Technology End User
Founder,Other Decision Maker
Principal software engineer,Technology End User
engineer,Technology End User
Data Analyst,Data End User
Product Manager,Product Decision Maker
Engineer,Technology End User
Software Developer,Technology End User
Digital Marketing Executive,Marketing Decision Maker
Application Developer,Technology End User
Software Engineer,Technology End User
Associate Director - AI & ML,Technology Decision Maker
Senior Associate Consultant,Other End User
Systems Engineer(C1),Information End User
Software developer,Technology End User
Senior Manager SEO & Product,Marketing Decision Maker
Full-stack Developer,Technology End User
AI Engineer,Technology End User
Branding And Marketing Executive,Marketing Decision Maker
Java Fullstack Developer,Technology End User
Project Engineer / Operations Manager,Operations End User
Cloud & Devops Operations Engineer/Cloud & Devops Operations Engineer,Operations End User
Associate Consultant / Creative Content Writer / Graphic Designer / Video Editor,Marketing End User
Software Engineer/ 소프트웨어 엔지니어,Technology End User
Product Development Manager,Product Decision Maker
Testing,Technology End User
Managing Director,Other Decision Maker
Associate Software Engineer,Technology End User
Ceo,Chief Executive
Associate Software Engineer,Technology End User
Software Engineer,Technology End User
Business Intelligence Lead Developer,Data End User
Information Technology Operations Team Lead,Information End User
Senior Planning Engineer,Operations End User
Co Founder/Student,Industry LOB - Edu Exec
Data engineer,Technology End User
Advertising Account Manager,Marketing End User
Senior Product Manager ICT,Product Decision Maker
Technical Lead,Technology End User
Ai Lead & Co-Founder,Technology End User
Technical Support Engineer,Technology End User
Senior Software Engineer,Technology End User
Corporate Vice President,Other Decision Maker
Full Stack Developer,Technology End User
Founding Member- Hyloship (Built in collaboration with Aframax),Other End User
Tech lead,Technology End User
Software Developer,Technology End User
Aws cloud support Engineer,Sales End User
Junior Manager - Data Specialist of Enterprise Data Management Division,Data Decision Maker
Support specialist,Information End User
IT Project Manager,Information Decision Maker
Head of Software Engineer,Technology Executive
Intern,Industry LOB - Edu End User
System Engineer,Technology End User
Staff Devops Engineer,Technology End User
Software Developer,Technology End User
Sr. Officer - Catalog Content & Quality,Product End User
Supervisor,Other End User
Group Product Manager,Product Decision Maker
Cloud Operations Engineer,Technology End User
Senior Software Engineer,Technology End User
Sde-1,Other End User
Back End Developer,Technology End User
Senior Backend Engineer,Technology End User
Product Design & UX Manager,Product Decision Maker
"Geo Marketing Manager /  Senior Manager - Global Marketing, Sales Pipeline, Finance/Admin and HR experience",Finance Decision Maker
Software engineer,Technology End User
Post Management Officer,Information Decision Maker
IT Engineer,Information End User
Machine Learning Engineer,Technology End User
Product Manager Fellowship,Product End User
Assistant Manager: Business Analyst,Data End User
Senior Product Manager,Product Decision Maker
SDE + Instructor,Technology End User
Product Manager,Product Decision Maker
Architect,Technology End User
Professional Software Engineer,Technology End User
CSR Team,Information End User
Engineer,Technology End User
AI ML Engineer,Data End User
Assistant Professor,Industry LOB - Edu End User
Sr developer,Technology End User
E/E Architect,Technology End User
Engineer,Technology End User
Cloud and Systems Engineer,Technology End User
Product Manager,Product End User
Java Developer,Technology End User
Project Engineer,Technology End User
Product Manager,Product Decision Maker
Software Developer,Technology End User
Junior Full Stack Developer,Technology End User
Architect,Technology End User
Owner,Other Decision Maker
Product Manager,Product Decision Maker
Full Stack Engineer,Technology End User
Digital Product Manager,Product Decision Maker
System Engineer,Technology End User
Information Technology Product Manager,Product Decision Maker
Geotechnical Engineer,Technology End User
Product Manager,Product Decision Maker
python developers,Technology End User
Geotechnical Engineer,Technology End User
Vice president,Other Decision Maker
AML Implementation and Support,Information End User
Software Engineer,Technology End User
Full Stack Developer,Technology End User
Operation lead,Operations End User
Assistant Manager,Other End User
Developer,Technology End User
Senior Associate,Other End User
Instrumentation and Control Engineer,Technology End User
Full Stack Developer Intern / Junior Software Engineer,Technology End User
Engineering,Technology End User
Lead Cloud Engineer And Devops Team Lead,Technology End User
Quantum Optics Engineer,Technology End User
Business Development Manager,Sales End User
Senior Machine Learning Engineer,Technology End User
Data engineer,Technology End User
Senior Executive Internal Audit And Risk Department (Operation),Finance Decision Maker
System Engineer,Technology End User
Business,Other End User
Technical Lead,Technology End User
Software Developer,Technology End User
Commercial executive,Other Decision Maker
"Assistant Manager, Product Owner",Product Decision Maker
System Engineer,Technology End User
Fashion designer,Marketing End User
Senior Analyst,Technology End User
DATA SCIENTIST,Data End User
Software Engineer,Technology End User
Senior software test engineer,Technology End User
Collection Executive,Sales End User
Technology Analyst,Technology End User
Senior Development Engineer /  Engineering Office Department Head,Other Decision Maker
BI Engineer,Technology End User
Lead Software Engineer,Technology End User
DevOps Engineer,Technology End User
Junior Network Engineer,Information End User
Process analyst,Technology End User
Application Engineer,Technology End User
高級分析師兼組長,Data End User
Senior Software Developer,Technology End User
Senior Data Scientist,Data End User
MIS,Other End User
Graduate Engineer Trainee,Technology End User
IT Security Engineer,Security End User
Software Engineer,Technology End User
Senior Devops Engineer,Technology End User
Associate consultant,Other End User
Sales,Sales End User
Senior Lead Engineer - Development,Technology End User
Senior Software Test Engineer,Technology End User
Engineer,Technology End User
Fullstack Developer Facilitator,Technology End User
Senior Product Manager,Product Decision Maker
Systems engineer,Technology End User
Software Developer (Tier 2 - Level 7),Technology End User
HEAD OF OPERATION,Operations Decision Maker
Senior Software Engineer,Technology End User
Senior Full Stack Engineer,Technology End User
Junior Software Engineer,Technology End User
Quality Assurance Engineer/Senior Quality Assurance Test Engineer,Technology End User
DECLINE,Other End User
Sales of Marketing,Junk/Invalid
project engineer,Technology End User
Product Manager,Product Decision Maker
Ms Team Lead,Information End User
Business Analyst,Other End User
Corporate Communications Manager,Marketing Decision Maker
Assistant Engineer,Technology End User
Project Engineer,Technology End User
Manager,Other End User
Senior Software Development Engineer,Technology End User
Customer Relationship Manager,Sales End User
Admission officer,Information End User
Web Developer/Business Analyst,Technology End User
Data Analysis Lead,Data End User
Product Manager,Product Decision Maker
CEO,Chief Executive
Developer,Technology End User
Application Developer,Technology End User
Delivery Adherence - CoE,Junk/Invalid
Soc analyst,Security End User
OTT Backend Enginer (Transcoder),Other End User
Academic Professional - Finance and Management,Finance End User
Back End Developer,Technology End User
Senior AI Engineer,Data End User
Digital Analytics Lead,Data End User
Operations associate,Operations End User
Back End Developer,Technology End User
Senior Software Engineer,Technology End User
Specialist Programmer,Technology End User
Computer Science and Engineering,Technology End User
Marketing,Marketing End User
Full Stack Engineer,Technology End User
Software Engineer Specialist,Technology End User
"Team Lead, Infrastructure",Information End User
Delivery stock,Junk/Invalid
Lead Software Developer,Technology End User
Senior DevOps Engineer,Technology End User
Software Developer,Technology End User
Senior Executive Desktop Support / Brand Protection And Monitoring Analyst,Information End User
Senior Implementation Consultant,Technology End User
Product Designer,Product End User
Product Manager,Product Decision Maker
Specialist Data Engineer,Data End User
Artificial Intelligence,Data End User
Assistant Professor In Ai Law,Technology End User
Salesforce QA / Test Engineer,Sales End User
DevOps Engineer 2,Technology End User
Product Owner Agi/Llm,Other End User
java,Technology End User
Lead Developer/Principal Frontend Engineer,Technology End User
Business Analyst,Other End User
Development Lead,Technology End User
Software Developer,Technology End User
SAP Team Lead | SAP Lead Developer | Senior SAP Developer,Technology End User
Jr. Software Engineer,Technology End User
senior product manager,Product End User
Probationary Officer,Industry LOB - Gov End User
Director,Other Decision Maker
Software Engineer,Technology End User
Product Manager,Product End User
Senior Product Manager,Product Decision Maker
Principal Architect - Platform & Cloud Engineering,Other End User
Frontend Web Developer,Technology End User
IT Team Lead,Information End User
QAQC Engineer,Operations End User
Senior Manager,Other End User
Graduate Engineer Trainee,Technology End User
Back End Developer,Technology End User
Software Engineer,Technology End User
Senior Product Manager/Senior Technical Project Manager,Information Decision Maker
Test Product Manager,Product Decision Maker
"Associate, Finance",Finance End User
Frontend Engineer,Technology End User
Senior Software Engineer,Technology End User
Top PM Fellow,Product End User
Software Engineer,Technology End User
Senior Software Engineer,Technology End User
Financial Analysts,Finance End User
IT Product QC Engineer,Technology End User
Senior Developer,Technology End User
Data Product Manager,Product Decision Maker
DevOps Engineer (Security),Security End User
Network engineer,Other End User
Senior Associate- Web Development,Technology End User
Software Engineer,Technology End User
Senior Associate,Other End User
Frontend Platform Engineer,Technology End User
Chief Operating Officer,Chief Executive
Ceo,Chief Executive
Software Engineer,Technology End User
Product Manager,Product End User
Software Engineer,Technology End User
Application Delivery Manager,Technology End User
Junior Software Engineer,Technology End User
Facebook Marketing And Research Manager,Marketing End User
App Developer,Technology End User
Line 1 Risk,Junk/Invalid
Web Developer,Technology End User
Senior software engineer,Technology End User
Specialist programmer,Technology End User
Jr. Lead Software Engineer,Technology End User
Product Manager,Product Decision Maker
Commercial operations executive,Operations Decision Maker
Senior IT project Manager,Information End User
高級分析師兼組長,Data End User
Senior Software Developer,Technology End User
Head Of AI Engineering,Data Executive
Accountant,Finance End User
Lead Software Engineer,Technology End User
Lead Back-end Developer,Technology End User
Web Developer,Technology End User
Software Engineer,Technology End User
Product Manager,Product Decision Maker
Cashier,Other End User
Senior ai  engineer,Technology End User
Technical Lead,Technology End User
Senior Consultant,Other End User
Creator,Other End User
Senior software engineer,Technology End User
Product Owner - Data Platform,Data End User
Subject Matter Expert,Other End User
Business Development Executive,Sales Decision Maker
Operations Associate,Operations End User
Lead Engineer/DevOps Engineer,Technology End User
AI ENGINEER,Technology End User
DevOps Engineer,Technology End User
Relationship Manager,HR End User
Lecturer/Technical Trainer,Technology End User
Lead Data Engineer,Technology End User
Accountant,Finance End User
Senior Operations Manager,Operations End User
Associate Software Engineer,Technology End User
Software Developer,Technology End User
Senior Data Scientist,Data End User
Frontend Developer,Technology End User
Data Engineer,Technology End User
Senior Project Engineer,Technology End User
Copywriter,Marketing End User
Solution Architect,Technology End User
Senior Software Engineer,Technology End User
DEVELOPER,Technology End User
Full Stack Developer,Technology End User
Mechanical Engineer,Technology End User
"IT Architect, Product Solution Architect",Technology End User
Web Developer / Analyst Programmer,Technology End User
Application Product Manager,Product Decision Maker
Software engineer,Technology End User
Marketing Analyst,Other End User
Lead Software Engineer,Technology End User
Founder,Other Decision Maker
Research analyst,Data End User
Software Engineer,Technology End User
Software Developer,Technology End User
Software QA Developer,Technology End User
Technical manager,Technology End User
MERN Stack Developer,Technology End User
Technical Lead,Technology End User
Frontend Developer,Technology End User
Asstistant Professor,Other End User
Owner,Other Decision Maker
System Engineer,Technology End User
Service manager,Other End User
Captain,Other End User
Engineer,Technology End User
Senior Delivery Manager,Operations End User
Operations Associate,Operations End User
Software Engineer,Technology End User
Technology Developer,Technology End User
Senior engineer,Technology End User
AI Engineer,Technology End User
Associate Software Engineer L2,Technology End User
https://github.com/linhndqdev,Junk/Invalid
Software Engineer II,Technology End User
Software Engineer,Technology End User
Business Development Manager,Sales End User
Dig Marketing And It Manager,Information Decision Maker
Frontend developer,Technology End User
Managing partner,Other Decision Maker
Python developer,Technology End User
Cloud Engineer,Technology End User
Founder,Other Decision Maker
Machine Learning Engineer,Technology End User
Full Stack Developer,Technology End User
Machine Learning Engineer,Technology End User
Lead Software Engineer,Technology End User
Machine Learning Engineer,Technology End User
Ai Lead Consultant,Data End User
Tea,Junk/Invalid
"Product Manager, Design Systems",Product Decision Maker
DECLINE,Other End User
Maintenance Engineer,Operations End User
Software Engineer,Technology End User
csr,Other End User
Assistant professor,Industry LOB - Edu End User
Lead Digital Consultant,Marketing End User
Technical Team Lead,Technology End User
Senior Product Manager At Glints | Full-Stack Developer,Product Decision Maker
Associate,Other End User
Software Engineer - Data platform,Data End User
Full Stack Javascript Instructor | Phase 3,Technology End User
Lead Product Manager,Product Decision Maker
Freelance Web Developer At 2600 Technologies | Information Systems Analyst,Technology End User
Senior Process Executive / Team Lead,Other End User
Accounting and Finance/Accounting Officer (JR),Finance Executive
Account,Other End User
Founder,Other Executive
Net Trainee,Other End User
Lead Technology,Technology End User
CTO,Technology Executive
Software Developer,Technology End User
Ops & Customer Experience,Other End User
Marketing Manager,Marketing End User
Product Manager,Product End User
Data analyst,Data End User
Delegate Acquisition,Other Decision Maker
Software Engineer 2,Technology End User
AI Engineer,Technology End User
"Software Engineer, Professional",Technology End User
Senior Global IT Infrastructure Engineer,Information End User
Product Manager & Manager,Product Decision Maker
Principal Engineer,Technology End User
Senior Software Engineer,Technology End User
Product Owner,Product End User
Application Development Support,Technology End User
Head sales manager,Sales Decision Maker
Software Engineer,Technology End User
Technology Analyst,Technology End User
Digital Marketing Executive,Marketing Decision Maker
Product Manager,Product Decision Maker
Protection Engineer,Technology End User
Associate QA,Other End User
Software Engineer,Technology End User
Senior Executive CSR,Other Decision Maker
DEVELOPER,Technology End User
Senior Software Engineer,Technology End User
Software Engineer,Technology End User
Technical Lead,Technology End User
MLOps Engineer,Technology End User
Data Science Associate Consultant( 3 ),Other End User
Software Engineer,Technology End User
Medical Indemnity Product Manager,Industry LOB - Healthcare DM
Network Engineer,Other End User
Associate AI Engineer,Data End User
QA Engineer,Technology End User
Data Science,Data End User
"Engineer, Contract Engineer",Technology End User
AI Tech Engineer,Other End User
Devops,Technology End User
"Quality Manager - Ingredients, Supply Chain",Operations Decision Maker
Deputy Manager,Other End User
Technical Product Consultant,Product End User
Principal Engineer DevOps - Engineering Manager,Other End User
General Manager - Group Digital Products,Marketing Decision Maker
Senior Product Manager,Product Decision Maker
Senior Manager Legal Internal Audit Risk,Finance Decision Maker
Senior Technical Support Officer,Technology Executive
Systems Coordinator,Technology End User
asd,Other End User
Cloud Engineer,Technology End User
Quality Assurance executive,Operations End User
Design And Development Engineer,Marketing End User
Ai ml engineer,Data End User
Senior Machine Learning Engineer,Technology End User
Graduate Engineer Trainee,Technology End User
Assistant System Engineer,Technology End User
Software Engineer,Technology End User
Product Manager,Product Decision Maker
Information Technology,Technology End User
Data Engineer ( 1 ),Technology End User
Software Engineer,Technology End User
Systems Engineer,Technology End User
Senior Software Engineer,Technology End User
Head of Engineering,Technology Executive
Associate Consultant,Other End User
Senior Engineer,Technology End User
Team lead,Other End User
Founder,Other Decision Maker
DevOps Engineer (Security),Security End User
DECLINE,Other End User
Bi Staff Consultant,Data End User
Motors,Junk/Invalid
CSR,Other End User
Associate Category Manager,Other End User
Engineer,Technology End User
Senior Product Marketing Manager,Product Decision Maker
project manager,Other End User
SDE,Technology End User
Chief Coach,Other Executive
Digital Specialist Engineer,Technology End User
Materials Engineer,Technology End User
Product Manager,Product End User
Engineer,Technology End User
Network Engineer(Clint:Cisco),Information End User
DevOps Engineer,Technology End User
Sales,Sales End User
Senior Software Engineer,Technology End User
Associate,Other End User
Senior Software Engineer,Technology End User
Data Engineer,Technology End User
Assistant Product Manager,Product Decision Maker
Sales officer,Sales Executive
Lead Software Engineer,Technology End User
Data Engineer,Technology End User
Technical Product Manager – Partner Self-Service,Other Decision Maker
Software Developer,Technology End User
Head of Program Management,Other Decision Maker
Fullstack Engineer // Research And Development Engineer,Other End User
Software Engineer,Technology End User
LLM Fullstack Developer,Other End User
Hardware Software,Technology End User
Data Annotator,Data End User
System analyst,Technology End User
Staff Software Engineer,Technology End User
Director - Marketing & It,Information Decision Maker
Creative Producer Branded Content,Other End User
Team Lead,Other End User
Data Scientist,Data End User
Developer,Technology End User
Associate Full-Stack Systems Developer,Technology End User
Software Engineer,Technology End User
Product Manager,Product End User
Senior Software Engineer,Technology End User
Product Manager & Software Engineer,Technology Decision Maker
Project Engineer,Technology End User
Senior Data Scientist,Data End User
Senior Frontend Developer,Technology End User
Product Manager,Product Decision Maker
Full Stack Developer,Technology End User
CAD Design Engineer,Marketing End User
Business Analyst,Other End User
Sr software engineer,Technology End User
Data Scientist,Data End User
Senior Software Engineer,Technology End User
Head Of Content & Programming - Chhattisgarh,Other Decision Maker
Shift Engineer,Technology End User
"Lead Software Engineer, Fulfillment, Backend",Technology End User
Lead Software Engineer,Technology End User
System Engineer,Technology End User
Full Stack Developer,Technology End User
District programme manager,Other End User
Senior Software Engineer,Technology End User
Admin officer,Information End User
Web Developer,Technology End User
Senior Manager,Other Decision Maker
Owner,Other Decision Maker
Lead - Business Strategy & GTM,Sales End User
Product Manager,Product Decision Maker
General Manager | API Management Platforms | DevOps | Hybrid Cloud,Technology End User
Software Engineer,Technology End User
Hard,Junk/Invalid
"Office administration, Account assistant",Finance End User
Delivery Lead Manager,Other End User
QA Engineer,Technology End User
Project Engineer,Technology End User
General Electronic Facility Engineer,Technology Decision Maker
Artificial Intelligence Developer,Data End User
Engineering Lead,Technology End User
Industry Group Manager Animal Health and Nutrition,Other Decision Maker
Manager,Other End User
Senior Software Developer engineer,Technology End User
Back End Developer,Technology End User
Product Manager GeoSpatial,Product Decision Maker
Software Engineer,Technology End User
Marketing & Creative Head,Marketing Decision Maker
Specialist,Other End User
Bachelor of Engineering,Technology End User
NutriCraft “24/7 Protein,Junk/Invalid
Product manager (AI & E-commerce),Product Decision Maker
AI Product Manager,Data End User
QA ENGINEER,Technology End User
Pranata Komputer,Other End User
Senior Software Engineer,Technology End User
Assistant engineer,Technology End User
Technical Architect/Project Manager - Sitecore,Technology End User
Lead Programmer,Technology End User
Sr Manager - HR,HR End User
Sales Coordinator,Other End User
manager,Other End User
Full Stack Engineer,Technology End User
"Product Manager, Power Platform & Apps DevOps",Product Decision Maker
Lead Software Engineer,Technology End User
SOMETHING ELSE,Other End User
Machine Learning Engineer /  Marketing Strategy Manager,Other Decision Maker
Software Engineer,Technology End User
Full Stack Developer/Software Developer,Technology End User
Assurance Quality Engineer,Technology End User
Junior Software Engineer,Technology End User
System Engineer,Technology End User
Product Manager,Product Decision Maker
QA Manager,Other End User
Project Software Engineer,Technology End User
Advocate,Other End User
Anesthesia Technologist,Technology End User
Digital Transformation Manager,Marketing End User
Technical Consultant,Technology End User
Technical Project Manager,Technology End User
Senior Software Engineer,Technology End User
Software Engineer,Technology End User
Center Manager,Other End User
Principal Consultant | Scrum Master | Sr. Business Analyst,Data End User
Digital Product Manager,Product Decision Maker
Assistant Manager-Business Marketing/Marketing Manager,Other End User
Pm,Other End User
Frontend Engineer,Technology End User
Engineer,Technology End User
Product Marketing Manager,Product Decision Maker
Business Analyst/Generative AI Engineer,Data End User
It Engineer,Information End User
Growth Operations Coordinator,Marketing End User
Senior software engineer,Technology End User
Associate Consultant,Other End User
Team lead,Other End User
"Lead, Business Development",Sales End User
Technical Lead until 2016 present on break,Technology End User
Full Stack Developer,Technology End User
Software Engineer,Technology End User
Assistant Product Manager,Product Decision Maker
"Product Manager (MasterKey, Plum and Corporate)",Marketing Decision Maker
Digital marketer,Marketing End User
Lead Product Manager,Product Decision Maker
HR Generalist,HR End User
Data scientist,Data End User
Application Engineer 2,Technology End User
Co Founder and CEO,Chief Executive
Admission counselor,Industry LOB - Edu End User
Senior System Developer,Technology End User
System Associates,Technology End User
Co Founder,Other Decision Maker
Back End Developer,Technology End User
Jmlt,Junk/Invalid
Technical consultant,Technology End User
Manager,Other End User
Devops Engineer,Technology End User
Software Engineer,Technology End User
Senior IT Executive (Project - Reliance Securities pvt Ltd),Sales Decision Maker
Project Lead,Technology End User
Digital Product Manager,Product Decision Maker
Software Architect / Senior Developer,Technology End User
DevOps Engineer,Technology End User
Senior Engineer,Technology End User
Senior Mobile Engineer / Full Stack Engineer,Technology End User
Senior Product Manager,Product Decision Maker
Software Engineer,Technology End User
Staff Software Engineer,Technology End User
Architect,Technology End User
Technical Lead,Technology End User
Nursing officer,Other End User
Assistant Manager(Jio tech Scholar Program),Other End User
Software Engineer Trainee,Technology End User
Senior Software Engineer,Technology End User
Business consulting Analyst,Other End User
"Software Engineer, Platform Team",Technology End User
Ai Engineer,Technology End User
Software Consultant,Technology End User
Ms Team Lead,Information End User
Software Engineer,Technology End User
Software Engineer(ML),Technology End User
DEVELOPER,Technology End User
Cfd Scientist,Technology End User
Technical leader,Technology End User
Developer,Technology End User
DEVELOPER,Technology End User
Product Manager,Product Decision Maker
Product Manager,Product End User
Senior Engineer,Technology End User
Group Product Manager,Product Decision Maker
Founding Engineer,Technology Decision Maker
Senior Data Engineer,Technology End User
Systems Engineer,Technology End User
Senior Consultant,Other End User
CEO,Chief Executive
IT Software Engineer,Information End User
Senior Systems Engineer,Technology End User
Junior Software Engineer,Technology End User
Techincal Lead,Technology End User
DevOps and Cloud Engineer,Technology End User
NOT APPLICABLE,Technology End User
Senior Software Engineer,Technology End User
ASSOCIATE,Other End User
DGM,Data End User
"Project Manager/ Hr, Finance & Staff Systems Analyst",Information Decision Maker
Software Engineer,Technology End User
Product Manager,Product Decision Maker
Systems Engineer,Technology End User
Product Manager,Product Decision Maker
Management Information System Executive,Information Decision Maker
IT Specialist,Information End User
Application Developer,Technology End User
Quality Engineer,Operations End User
Lead Solution Architect,Technology End User
Software Engineer,Technology End User
Team Lead,Other End User
Systems Engineer,Technology End User
Associate Software Engineer,Technology End User
Engineer,Technology End User
Head of Labs,Other Decision Maker
Senior Software Engineer,Technology End User
Senior Product Manager,Product Decision Maker
Sr Officer,Other End User
AI Architect & Senior AI Engineer,Technology End User
Full Stack Developer,Technology End User
Senior Software Consultant,Technology End User
Manager,Other End User
Senior Executive at Managing Director's Office - Sales & Marketing,Sales Decision Maker
Junior Software Engineer,Technology End User
Specialist Programmer,Technology End User
Data Scientist,Data End User
Business head,Sales Decision Maker
Senior Software Engineer,Technology End User
Doctor,Industry LOB - Healthcare End User
Engineering Manager,Technology End User
Lead Engineer,Technology End User
Guru,Industry LOB - Edu End User
Engineering,Technology End User
Jr. Software Engineer,Technology End User
Solution Architect/Software Architect,Technology End User
Product Manager,Product Decision Maker
Security/Information Technology Engineer,Security End User
Heavybit Developer,Technology End User
System Engineer,Technology End User
Jr associates AI and Data extraction,Technology End User
Assistant Manager Marketing,Marketing End User
Senior Cloud Engineer,Technology End User
Process Engineer,Technology End User
Software Engineer,Technology End User
DATA ENGINEER,Technology End User
Management Trainee,Other End User
System Engineer,Technology End User
DATA ENGINEER,Technology End User
Senior Data Analyst,Data End User
Product Manager,Product Decision Maker
Digital Product Manager,Product Decision Maker
AI Engineer,Technology End User
Construction Engineer,Technology End User
It Manager/ Co-Founder & Managing Partner At Dna Technology,Information End User
Sales,Sales End User
Quality Manager,Other End User
Full Stack Software Engineer,Technology End User
Project Manager,Other End User
Data Scientist,Data End User
Product Manager,Product Decision Maker
People & Marketing Executive,Marketing Executive
Technology Analyst,Technology End User
Business analyst,Other End User
Corporate Social Responsibility,Other End User
Software Development Engineer,Technology End User
Cofounder,Other Decision Maker
Sr. business analyst,Data End User
General Manager,Other Decision Maker
Core Business Application Section Head,Other End User
Product Manager,Product Decision Maker
Lead,Other End User
Human Resources Assistant,HR End User
Customer Service Representative,Sales End User
Associate professor,Industry LOB - Edu End User
Senior Software Developer,Technology End User
Product Manager,Product Decision Maker
"Product Manager, Data and Analytics",Data Decision Maker
Software Engineer,Technology End User
Mobile Application Developer,Technology End User
Product Manager,Product End User
Principal Data Scientist (Analytics),Data End User
Trainee,Industry LOB - Edu End User
Data Scientist,Data End User
Software Developer,Technology End User
Devops Engineer,Technology End User
Pega Decisioning Architect,Technology End User
Head of Engineering,Technology Executive
Associate,Other End User
Python Developer,Technology End User
Loader,Operations End User
Product Manager,Product Decision Maker
Senior Test Engineer,Technology End User
Site Engineer,Technology End User
Lead Software Engineer,Technology End User
Scholar trainee,Other End User
Software Engineer,Technology End User
Software Engineer,Technology End User
Chief Executive Officer,Chief Executive
Software Engineer,Technology End User
Engineer,Technology End User
Senior Executive (Data Analysts),Other Decision Maker
Web Developer/Functional AML,Technology End User
Product Manager,Product Decision Maker
Senior Engineer,Technology End User
Tech Mentor,Technology End User
Senior Engineer,Technology End User
Engineer III,Technology End User
Application Developer,Technology End User
Assistant Engineering Manager,Technology End User
Senior Manager/Senior Manager Analytics - Leading Watches and Wearables analytics,Other End User
Senior Software Engineer,Technology End User
BRE,Junk/Invalid
Python Developer,Technology End User
Junior Software Developer,Technology End User
Data scientist,Data End User
Ar Caller,Other End User
IT Business Analyst (Assistant Manager) | IT Research & Development,Information Decision Maker
Ai Gen,Technology End User
Principal Software Developer,Technology End User
GIS Analyst,Technology End User
Section Lead Software Engineer,Technology End User
Senior Java Web Developer,Technology End User
Insurance Manager,Other End User
Customer Growth Manager,Sales End User
Executive Engineer,Technology Executive
Full-stack Developer,Technology End User
Staff,Other End User
Data Scientist,Data End User
Associate,Other End User
Relationship Manager,HR End User
Mr.,Other End User
Product Owner,Product End User
Software & Data Engineer,Data End User
Senior Software Engineer,Technology End User
Computer Vision Engineer,Technology End User
Owner,Other Decision Maker
Retail Product Manager,Product Decision Maker
Co-Founder,Other Decision Maker
Lead Architect – Platform Engineering & Integration Delivery,Technology End User
AI Engineer / Advanced Technology Division Manager,Technology Decision Maker
Associate consultant,Other End User
Technical Program Manager,Technology End User
Loader,Operations End User
Associate consultant,Other End User
It Professional,Information End User
Cloud DevOps Engineer,Technology End User
Supply Chain Officer,Operations Executive
Technical Leader,Technology End User
Software Engineer,Technology End User
Social Media Executive,Marketing Executive
Director Of Engineering,Technology Decision Maker
Senior Software Engineer,Technology End User
Software Engineer,Technology End User
Medical,Junk/Invalid
Relationship manager,HR End User
Product Manager,Product Decision Maker
Software Engineer,Technology End User
DevOps Engineer,Technology End User
Education & Skill Development,Industry LOB - Edu End User
Assistant Manager/Web Developer,Technology End User
Senior Manager - Product Development,Product Decision Maker
Digital Operations & Product Manager,Product Decision Maker
Executive - Corporate Social Responsibility,Other Decision Maker
Principal Associate,Other Decision Maker
Software Engineer,Technology End User
Frontend Engineer,Technology End User
SDET,Other End User
Performance Marketer( 2 ),Marketing End User
Ai Scientist,Data End User
Backend Developer,Technology End User
Software Engineer,Technology End User
Sustainable Investment Data Scientist,Data End User
Lead Software Engineer,Technology End User
Greenhouse Floriculture Production Intern,Industry LOB - Edu End User
Product Owner Lead,Product End User
Machine Learning Research Engineer,Data End User
Senior Data Scientist,Data End User
Software Engineer,Technology End User
Head of Service Transformation,Technology Executive
Engineering Manager,Technology End User
Accounts executive,Finance Decision Maker
Senior Product Manager,Product Decision Maker
Senior Technology Leader,Technology End User
Senior Software Engineer,Technology End User
Software Engineer,Technology End User
PIC management kontrak dan risiko,Operations Decision Maker
Information Technology Field Engineer/Network & Comms. Engineer,Information End User
Software & Cloud Engineer,Technology End User
Senior Software Engineer,Technology End User
Lead Service Delivery - Digital,Other End User
Full Stack Developer,Technology End User
Lead Product Manager,Product Decision Maker
Frontend Web Developer,Technology End User
Software Engineer,Technology End User
Software Engineer,Technology End User
Senior Azure DevOps Engineer,Technology End User
Software Engineer,Technology End User
Software Developer,Technology End User
Mechanical Engineer,Technology End User
DevOps Engineer,Technology End User
Python Developer,Technology End User
Software Engineer,Technology End User
Gaming pc,Other End User
Senior Software Engineer,Technology End User
Associate Director - Strategic Partnerships & Alliances,Sales Decision Maker
COO,Chief Executive
Senior Executive,Other Decision Maker
Sales associate,Sales End User
Product Manager,Product Decision Maker
Software engineer,Technology End User
Back End Developer,Technology End User
Sre,Technology End User
Tech Lead Solutions,Technology End User
Deputy Manager,Other End User
Engineer,Technology End User
Museum Keeper,Other End User
Associate Software Developer,Technology End User
Back End Developer,Technology End User
Junior Software Engineer,Technology End User
Software Engineer,Technology End User
Managing Director,Other Decision Maker
Software engineer,Technology End User
jr officer,Other End User
Software Engineer,Technology End User
Analyst,Data End User
Aerospace Engineer,Technology End User
Software Engineer,Technology End User
IT Services Team Lead,Information End User
Senior Software Engineer Related to Search Terms in Your Query,Technology End User
Information Security Specialist,Other End User
Associate junior developer,Technology End User
Software Engineer,Technology End User
IT Operations Engineer,Information End User
Data Engineer,Technology End User
Senior Associate,Other End User
Analyst I Cloud AI engineer,Data End User
CSR,Other End User
Sr Product Engineer,Product End User
Software Developer,Technology End User
System engineer,Technology End User
Senior Engineer,Technology End User
Assistant professor,Industry LOB - Edu End User
CSR,Other End User
Manager,Other End User
Software Engineer,Technology End User
Design engineer mechanical,Marketing End User
Software Engineer,Technology End User
Senior Solutions Architect,Technology End User
Principal AI and Data Scientist,Data End User
Product Manager,Product Decision Maker
Senior Associate Consultant,Other End User
Ai Engineer,Technology End User
Associate Technology L1,Technology End User
Marketing Team Lead,Marketing End User
System'S Engineer,Technology End User
Program Manager,Other End User
Data Analyst,Data End User
Engineer Planning And Engineering Application/Officer Network Data Quality,Technology End User
Full Stack Developer,Technology End User
Consultant,Other End User
Software Engineer,Technology End User
Site Reliability Engineer,Technology End User
CONSULTANT,Other End User
DEVELOPER,Technology End User
Associate- Marketing,Marketing End User
MANAGER,Other End User
Software Developer,Technology End User
Senior Product Manager,Product Decision Maker
Assistant Manager,Other End User
Senior web developer,Technology End User
Manager,Other End User
Global Head -  Sustainability and Corporate Social Responsibility,Other Decision Maker
Advisory Services Analyst,Other End User
Infrastructure Engineer 2,Information End User
Project Engineer,Technology End User
Senior Technical Consultant,Technology End User
Full stack engineer / Senior Software Engineer,Other End User
Product Manager,Product Decision Maker
DEVELOPER,Technology End User
Associate,Other End User
Sales & Digital Transformation Executive,Sales Executive
Cloud Engineer,Technology End User
Cyber Security Analyst,Other End User
Product Owner Customer Engagement,Product End User
ACCOUNTANT,Finance End User
Technical Architect,Technology End User
Senior Quality Engineer,Other End User
Sr. Software Engineer,Technology End User
Software Engineer,Technology End User
Jooj,Junk/Invalid
Quality assurance,Information End User
"Master of Computer Applications - MCA, Computer Science",Technology End User
Junior Data Scientist,Data End User
Software Engineer,Technology End User
Chief Engineer,Technology Executive
Software Developer & Director,Technology Decision Maker
Security Support engineer,Security End User
Principal Data Scientist,Other End User
Digital Technology Product Manager,Product Decision Maker
Back End Developer,Technology End User
Software Engineer,Technology End User
Compitar engineer,Junk/Invalid
Digital Sales Manager | Product Owner,Sales Decision Maker
Team Lead Technology Projects,Other End User
Analyst,Data End User
Architect,Technology End User
Software Developer / Project Manager,Technology Decision Maker
Automation Developer,Technology End User
Software Engineer Backend,Technology End User
Backend,Other End User
Software Developer - Backend,Technology End User
Software Developer,Technology End User
Team Lead,Other End User
Product Owner,Product End User
engineer,Technology End User
Quality Manager,Other Decision Maker
Mobile Application Developer,Technology End User
Software Engineer,Technology End User
Software Developer,Technology End User
Associate Software Engineer,Technology End User
Back End Developer,Technology End User
Technical Product Manager,Product End User
Frontend Developer / IT 팀장,Technology End User
Software Engineer,Technology End User
Data Scientist,Data End User
AR Specialist,Other End User
Python Developer,Technology End User
Project Engineer,Technology End User
Regulatory and Marketing,Junk/Invalid
Software Engineer,Technology End User
Full-Stack Engineer,Technology End User
Principal Software Engineer,Technology End User
Software Engineer,Technology End User
Kubernetes Engineer SME,Other End User
Project Manager,Other End User
Senior Product Manager,Product Decision Maker
Principal Software Engineer,Technology End User
Internal Auditor (secondment),Finance End User
Engineer,Technology End User
Consultant,Other End User
Service Desk Analyst,Technology End User
Assistant Manager,Other End User
Senior Devops Engineer,Technology End User
Information Technology Web Developer,Information End User
Frontend Developer,Technology End User
CSR,Other End User
Technical Specialist,Technology End User
Director,Other Decision Maker
Principal Engineer,Technology End User
Assistant Brand Manager,Marketing End User
Product Manager,Product Decision Maker
Frontend Developer,Technology End User
Teacher,Industry LOB - Edu End User
Senior Software Engineer,Technology End User
Software Engineer,Technology End User
DevOps Manager/Manager - Cloud,Other End User
Product Manager,Product Decision Maker
Principal Software Engineer,Technology End User
Senior Software Developer,Technology End User
Protection Engineer,Technology End User
DEVELOPER/ Senior Software Engineer,Technology End User
Senior credit manager,Finance End User
Lead Engineer - SRE,Technology End User
Senior Frontend Developer,Technology End User
Senior Product Manager,Product Decision Maker
Representative,Other End User
Vice Principal,Other Decision Maker
Teaching Faculty,Other End User
Consultant,Other End User
Full-Stack Developer,Technology End User
Full Stack Developer,Technology End User
Biomedical Engineer,Technology End User
Project Coordinator,Other End User
System administrator,Technology End User
Senior Software Engineer,Technology End User
Senior Project Engineer,Technology End User
Senior Software Engineer,Technology End User
Product Manager,Product Decision Maker
Software Engineer 2,Technology End User
Software Engineer,Technology End User
Manager,Other End User
Full-stack Developer,Technology End User
Consultant,Other End User
Digital Experience Manager And Product Owner/Product Adoption Manager,Product Decision Maker
Cloud Engineer,Technology End User
Software Engineer/Associate,Technology End User
"Senior Product Manager, Superannuation & Retirement",Product Decision Maker
Senior Software Engineer,Technology End User
Associate Software Engineer,Technology End User
Executive / J3,Junk/Invalid
Product intern,Product End User
Senior Software Engineer,Technology End User
Frontend Developer,Technology End User
Head Of AI Solution,Data Executive
Full Stack Developer,Technology End User
Product Manager,Product Decision Maker
IT Analyst,Information End User
marketing director,Marketing Decision Maker
SYSTEM ENGINEER,Technology End User
Back End Developer,Technology End User
Machine Learning Engineer,Technology End User
Head of Product and Software Development,Technology Executive
Engineer,Technology End User
Product Owner - Digital Platforms,Product End User
Frontend Developer,Technology End User
Technical process,Information End User
Senior Cloud Architect,Technology End User
Frontend Developer,Technology End User
Developer/ 개발자,Junk/Invalid
Assistant System Engineer,Technology End User
Software engineer,Technology End User
Specialist Programmer,Technology End User
Senior Cloud Engineer,Technology End User
Data Engineering And Analytic,Data End User
Senior Software Engineer,Technology End User
Software Engineer,Technology End User
CRM Developer,Technology End User
Product Manager Large Mining Trucks,Product Decision Maker
Web Developer,Technology End User
Asset Systems Tech Lead,Technology End User
Engineer,Technology End User
SOMETHING ELSE,Other End User
Product Manager,Product Decision Maker
Software Engineer,Technology End User
Junior Software Engineer,Technology End User
Apprentice Lead,Other End User
Senior Engineering Manager,Technology End User
Senior Data Scientist,Data End User
Product Manager,Product Decision Maker
Senior Analyst,Technology End User
Cricket,Junk/Invalid
Engineer,Technology End User
Better,Junk/Invalid
Product Manager,Product Decision Maker
Data Scientist,Data End User
Digital Media Analyst,Marketing End User
Team lead,Other End User
Specialist Programmer,Technology End User
Data Scientist,Data End User
Network And Security Automation Engineer,Security End User
"Director, Group Head Of It",Information Decision Maker
Senior Software Developer,Technology End User
Data Scientist,Data End User
Associate software engineer ( 3 ),Technology End User
Design Engineer,Other End User
Software Engineer,Technology End User
Software Engineer 2,Technology End User
Software Engineer,Technology End User
Software Developer,Technology End User
Software Developer,Technology End User
Software Engineer,Technology End User
Senior Software Engineer,Technology End User
Product Manager,Product Decision Maker
Software Engineer,Technology End User
Owner,Other Decision Maker
Software Engineer,Technology End User
Frontend Developer,Technology End User
Lead Frontend Engineer,Technology End User
Sde,Technology End User
Accountant,Finance End User
Consultant,Other End User
"Asst Manager, Product Registration",Product Decision Maker
Lead Software Engineer,Technology End User
Architect,Technology End User
Full-stack Developer,Technology End User
Software Engineer,Technology End User
Design engineer mechanical,Marketing End User
Technical Specialist,Technology End User
PRODUCT MANAGER,Product Decision Maker
Software engineer,Technology End User
Front End Product Owner,Product End User
BIM Engineer,Technology End User
Manager,Other End User
Engineer,Technology End User
Research Associate,Industry LOB - Edu End User
Software Engineer,Technology End User
Software engineer,Technology End User
Full Stack Engineer,Technology End User
Lead - Events and Alliances,Marketing End User
Analyst - Engineer II,Technology End User
Sitamau,Junk/Invalid
Founder & Technical Director | Embedded Systems Engineer | Assistive Technology Innovator,Other Decision Maker
System Engineer,Technology End User
Sr Web Developer,Technology End User
Instructor,Industry LOB - Edu End User
Data Scientist & AI,Data End User
"Cloud Developer, Contributor",Technology End User
Developer,Technology End User
Human Resources Specialist,HR End User
Senior Engineer,Technology End User
AVP - Digital Products,Product Decision Maker
Senior Data Scientist,Data End User
Software Engineer,Technology End User
Csr,Other End User
Software Engineer,Technology End User
Principal Consultant,Other End User
Senior Project Engineer,Technology End User
Programmer analyst trainee,Technology End User
Engineer,Technology End User
Analyst - Data & Content,Data End User
Senior Associate Data Engineering (L2),Technology End User
Designer,Other End User
Location manager,Other End User
CSR,Other End User
Software Engineer,Technology End User
Analyst,Data End User
Full Stack Engineer,Technology End User
Fraud Risk Analyst,Data End User
DevOps Engineer,Technology End User
Team lead,Other End User
Lead Software Engineer,Technology End User
Software Engineer,Technology End User
PRT Music Teacher,Industry LOB - Edu End User
Junior Analyst,Technology End User
Software Engineer,Technology End User
DEVELOPER,Technology End User
Financial Analyst,Finance End User
na,Junk/Invalid
Counselor ( 1 ),Legal End User
Software Developer,Technology End User
Engineering Manager,Technology Decision Maker
Assosiate analyst,Other End User
Biomedical Engineer,Technology End User
Architect,Technology End User
Marketing Executive,Marketing Decision Maker
Assistant Product Manager,Product Decision Maker
Sr account director,Sales Decision Maker
Product Manager,Product Decision Maker
Equity analyst,Data End User
Back End Developer,Technology End User
Product Manager,Product Decision Maker
Product Manager,Product Decision Maker
Senior Software Engineer,Technology End User
Air Assistant Manager,Information End User
Tech lead //Technology Lead,Technology End User
Product Manager,Product Decision Maker
Support Engineer,Information End User
Head Digital Marketing Trainer,Marketing Decision Maker
Product Manager,Product End User
Product & Project Manager/ Head of Operations,Product Executive
Solution Architect,Technology End User
Software Engineer,Technology End User
Data analyst,Data End User
SEO Executive,Other End User
Product Development Engineer - 2,Technology End User
Front End Developer,Technology End User
Information Technology Service Desk Team Lead,Information End User
Executive,Other Decision Maker
Software Test Engineer,Technology End User
Project manager,Other End User
Deputy Operations Manager,Operations Decision Maker
Electrical Engineer & Proprietor,Technology End User
Software Engineer,Technology End User
IT Analyst,Information End User
Technician,Other End User
AI Engineer,Technology End User
System Engineer,Technology End User
Senior Manager-Digital Transformation & Payment Solutions,Technology End User
EDUCATOR/Founder/CEO,Chief Executive
Executive,Other Decision Maker
Software Engineer,Technology End User
Engineer,Technology End User
Founder,Other Decision Maker
DEVELOPER,Technology End User
Product Manager,Product Decision Maker
Founder and Director,Other Decision Maker
Senior Test Engineer,Technology End User
Senior Product Manager,Product Decision Maker
Engineer,Technology End User
Product Manager,Product Decision Maker
Batch manager,Other End User
Senior Web Developer,Technology End User
Software Engineer,Technology End User
Ambaliya mit,Junk/Invalid
Engineer / Maintenance Planner,Other End User
System Engineer,Technology End User
Senior Software Engineer,Technology End User
Lead Software Engineer,Technology End User
Product Manager,Product Decision Maker
Software Engineer,Technology End User
Senior Executive In Quality Control Qms,Other Decision Maker
Devops Engineer,Technology End User
Head of Product Management & LACE,Product Executive
Frontend Web Developer,Technology End User
Product Owner @ IDS,Product End User
Head of Security (Security),Security Executive
Enterprise Test Architect,Technology End User
12,Junk/Invalid
Software Engineer,Technology End User
DESIGN ENGINEER,Other End User
Project Architect,Technology End User
Project Engineer,Technology End User
Fullstack Developer,Technology End User
Sanjj,Junk/Invalid
Supervisor,Other End User
Analyst,Data End User
"Design Approver - ATA 928,924",Other End User
ML Data Associate,Data End User
Engineer,Technology End User
Associate consultant,Other End User
Career and college counsellor,Other End User
IT Engineer,Information End User
Senior Software Engineer,Technology End User
Construction Engineer,Technology End User
Web Developer/Project Lead Developer,Technology End User
Software Engineer,Technology End User
Software Engineer,Technology End User
Lead NLP Engineer,Technology End User
accountant,Finance End User
Senior Software consultant at HCL Tech,Technology End User
Lead Solutions Engineer,Technology End User
Hardware Solution Engineer,Technology End User
IT Specialist,Information End User
Tech Lead,Technology End User
Full Stack Developer,Technology End User
Design Engineer,Other End User
Technical Cloud Support Engineer ll,Technology End User
Product Manager,Product Decision Maker
Electrical Engineer,Technology End User
Cluster Manager,Other End User
Director,Other Decision Maker
Software Engineer,Technology End User
Founder & Technical Director | Embedded Systems Engineer | Assistive Technology Innovator,Other Decision Maker
Senior Software Developer,Technology End User
Associate Marketing Manager,Marketing End User
Engineer,Technology End User
Associate Technical Architect/Software Engineer,Technology End User
Lead Software Engineer,Technology End User
Project Associate Llm,Technology End User
Senior Procurement Manager,Finance End User
facility engineer,Technology End User
Lead Developer,Technology End User
Customer Data Scientist / Forward Deployed Engineer,Data End User
Software Engineer,Technology End User
Business Analyst,Other End User
"Design Approver - ATA 928,924",Other End User
Senior manager,Other End User
Web Developer/Senior Digital Developer,Technology End User
Developer / Radio & Administration Officer,Technology Executive
Assistant consultant,Other End User
Data Visualisation Engineer,Data End User
Global Marketing Manager,Marketing Decision Maker
Learning and development associate,Technology End User
Junior Software Engineer,Technology End User
Associate full stack developer,Technology End User
Business Data Analyst,Data End User
Data Engineer,Technology End User
Data Annotator,Data End User
Engineer,Technology End User
Engineer,Technology End User
Data Engineer( 5 ),Technology End User
Adjunct Assistant Professor,Industry LOB - Edu End User
Assistant Manager,Other End User
Game Development Platforms Manager,Industry LOB - Gaming DM
Senior Frontend Developer,Technology End User
Network engineer,Other End User
Business Intelligence Developer,Data End User
Assistant Vice President,Other Decision Maker
DEVELOPER,Technology End User
AVP Sales,Sales Decision Maker
Product Owner,Product End User
Ceo Founder,Chief Executive
Software Developer,Technology End User
Associate Developer,Technology End User
Senior Product Manager - Custody,Product Decision Maker
Frontend Developer,Technology End User
Transaction Banking Product Team Lead - Digital & Analytics,Finance End User
Senior Software Engineer,Technology End User
IT Operational Engineer,Information End User
Digital Transformation - Commercial,Sales End User
Senior Product Manager ICT,Product Decision Maker
Marketing Specialist (Growth & Operations),Other End User
Affinity - Senior It Consultant,Information End User
Data analyst,Data End User
Mobile Engineer – Flutter,Technology End User
Frontend Developer,Technology End User
Business Development Manager,Sales End User
Software Engineer,Technology End User
Cloud Support Engineer,Sales End User
Senior IT Specialist,Information End User
Digital alliances manager,Marketing End User
Assistant Professor,Industry LOB - Edu End User
Associate Consultant,Other End User
Manager Ecommerce & Marketing,Marketing End User
Data engineer,Technology End User
Staff Engineer,Technology End User
Software Developer,Technology End User
Mechanical Engineer,Technology End User
Software Developer,Technology End User
Back End Developer,Technology End User
DEVELOPER,Technology End User
Consulting,Information End User
System associate,Technology End User
Programmer,Technology End User
Chemical Engineer,Technology End User
Associate,Other End User
Devops Engineer L2 /  Software Consultant | L2 Devops,Technology End User
Product Manager/Product Manager (Crypto),Product Decision Maker
Associate Product Manager,Product End User
Senior Software Engineer,Technology End User
Assistant Consultant - Iiot,Technology End User
Senior UI/UX Designer,Marketing End User
Sr. Software Engineer,Technology End User
Full-stack Developer,Technology End User
O & M engineer,Operations End User
Programmer Analyst,Technology End User
Harji,Junk/Invalid
Game Engineer,Technology End User
Software Engineer,Technology End User
Support Specialist,Information End User
DEVELOPER,Technology End User
Back End Developer,Technology End User
"Consultant, Marketing & Advertising Services",Marketing End User
System Engineer,Technology End User
Machine Learning Engineer,Technology End User
Marketing Director,Marketing Decision Maker
Property Assistant,Other End User
Intern,Industry LOB - Edu End User
Frontline Operation,Operations End User
Software Developer,Technology End User
Engineer,Technology End User
Product Manager,Product Decision Maker
Lead Engineer,Technology End User
"Associate Product Manager, Data",Product Decision Maker
Software Engineer,Technology End User
Associate Software Engineer,Technology End User
Software Engineer,Technology End User
Founder,Other Executive
Senior Associate Consultant,Other End User
Modern Tech Ops,Junk/Invalid
Software Engineer/ Software Developer,Technology End User
Senior Software Engineer,Technology End User
Product Analyst,Product End User
Team lead,Other End User
Engineer-ll,Technology End User
clerk,Other End User
Senior Software Engineer,Technology End User
Data scientist,Data End User
Senior Software Developer,Technology End User
Senior Executive,Other Decision Maker
Senior Site Reliability Engineer (DevOps),Technology End User
Technical Team Lead,Technology End User
HUMAN RESOURCES EXECUTIVE,HR Executive
Frontend Engineer,Technology End User
Thiruverambur,Junk/Invalid
Owner,Other Decision Maker
QA Tester,Operations End User
DevOps Engineer,Technology End User
Ms,Other End User
Design Engineer,Other End User
Engineer,Technology End User
Engineer,Technology End User
Software Engineer,Technology End User
Senior Software Engineer,Technology End User
Cho,Junk/Invalid
Assistant Systems Engineer,Technology End User
Product Manager,Product Decision Maker
Assistant Professor,Industry LOB - Edu End User
Associate AEM Engineer,Technology End User
Business,Other End User
IPR Specialist,Other End User
Solution Architect,Technology End User
Reviewer selection editor,Other End User
Certificate In Artificial Intelligence,Junk/Invalid
Hr Manager,HR Decision Maker
Cloud And Ai Security Architect,Other End User
Engineer,Technology End User
Robotics Trainer,Technology End User
NA,Junk/Invalid
cloud engineer,Technology End User
engineer,Technology End User
Team Lead - Machine Learning,Data End User
Founding Software Engineer,Technology Executive
Back End Developer,Technology End User
Engineer,Technology End User
Business Lead - Developer Transformation Program,Technology End User
SDE I (Backend),Technology End User
Frontend Engineer,Technology End User
"General Manager Marketing, Children's and Penguin Select",Marketing End User
Frontend Developer,Technology End User
Consultant,Other End User
Reliability Engineer,Technology End User
Software Engineer,Technology End User
Head - CSR,Other Decision Maker
Senior Java Full Stack Developer,Technology End User
Business Analyst Associate,Other End User
Techical traine,Technology End User
Founder,Other Decision Maker
work transformation engineer,Other End User
Engineer,Technology End User
"Consultant, Ministry of Culture",Industry LOB - Gov End User
System engineer,Technology End User
Helping tools for pandit ji or guruji,Junk/Invalid
Senior Quality Realibility Engineer (QRE),Technology End User
Software Engineer,Technology End User
Senior/Lead Software Engineer,Technology End User
Senior data engineer,Technology End User
IT Recruiter,HR Decision Maker
Founder,Other Executive
ARCHITECT,Technology End User
Lead Product Manager,Product Decision Maker
electrical engineer,Technology End User
Associate Software Engineer,Technology End User
Software Engineer,Technology End User
Software Developer,Technology End User
Manager,Other End User
HA,Junk/Invalid
Frontend Software Engineer,Technology End User
DEVELOPER,Technology End User
Tech specialist,Technology End User
Senior Software Developer,Technology End User
Senior Consultant,Other End User
Senior data engineer,Technology End User
Product Manager,Product Decision Maker
It Manager/ Co-Founder & Managing Partner At Dna Technology,Information End User
Principal Specialist – System Engineering & Presales,Technology End User
Test Analyst,Technology End User
Senior Software Engineer,Technology End User
Assistant systems Engineer,Technology End User
Systems Engineer,Technology End User
Platform Product Manager,Product Decision Maker
Software Developer,Technology End User
Assistant Manager,Other End User
Azure Integration Architect and Lead Developer / Principal Data Engineer and Solution Architect,Other End User
Functional associate,Other End User
Agriculture,Industry LOB - Manufacturing End User
Data Scientist,Data End User
Technical lead,Technology End User
Senior Assistant Professor,Other End User
Senior Software Engineer,Technology End User
Sr. Software Engineer,Technology End User
Senior Software Developer,Technology End User
Lead Healthcare Research & Data Analyst,Data End User
Associate Professor,Industry LOB - Edu End User
Public speaking coach,Other End User
Senior IPaaS Engineer,Technology End User
Appointment,Technology End User
Lead Back-end Developer,Technology End User
Engineering Manager - Digital,Technology Decision Maker
Principal Engineer,Technology End User
Senior Associate QA,Other End User
Oracle Exadata DBA Architect,Other End User
BA,Other End User
Frontend Developer - Wordpress Developer,Technology Executive
Associate Software Engineer,Technology End User
...,Other End User
Ai Engineer,Technology End User
Broker account analyst,Finance End User
Managing Director,Other Decision Maker
AI Engineer,Technology End User
Engineer - Fibre Planning,Technology End User
Software Engineer Manager,Technology Decision Maker
Senior Engineer - (GenAI),Technology End User
Full-stack developer,Technology End User
Data center support engineer/Data Center Engineer,Information End User
Backend Tech Lead,Technology End User
Lead Engineer,Technology End User
Manager,Other End User
Business Analyst Team Lead,Data End User
Product Governance Manager,Legal Decision Maker
Solution lead,Technology End User
Software Engineer,Technology End User
Software Engineer II,Technology End User
Senior Software Engineer,Technology End User
Software Development Engineer,Technology End User
Analytics,Data End User
CSR,Other End User
Senior Project Manager,Other End User
Associate Software Engineer,Technology End User
DevOps Engineer,Technology End User
Engineer,Technology End User
"Product Manager, Insurance",Product Decision Maker
Software Engineer 3,Technology End User
Data Scientist,Data End User
Information Technology Security Engineer,Security End User
Senior Product Manager,Product Decision Maker
Senior Technical Consultant & Software Engineer. Founder,Technology End User
Product Manager,Product Decision Maker
Technical Lead,Technology End User
Software Engineer,Technology End User
Associate System Engineer,Technology End User
SDET,Other End User
Software Engineer,Technology End User
Founding Engineer,Technology Decision Maker
Senior Software Engineer,Technology End User
Sde 2 / Under Margin Technology Associate,Technology End User
System Engineer Trainee,Technology End User
Principal Software Engineer,Technology End User
Sr Programmer Analyst,Technology End User
"Digital Innovation, Sales & MKT Manager",Sales Decision Maker
Technical Lead,Technology End User
Product engineer,Other End User
Software Engineer,Technology End User
Senior System Engineer,Technology End User
Quality Analyst,Other End User
Product analyst intern,Product End User
Analytics Consultant,Data End User
Digital Product Manager,Product Decision Maker
Business development,Sales End User
Asia-Pacific chief HR Consultant,HR End User
ENT surgeon,Industry LOB - Healthcare End User
Software Quality Assurance Engineer,Operations End User
Technology Lead,Technology End User
Software Engineer,Technology End User
Project Assistant,Other End User
Cloud Engineer,Technology End User
Software Developer,Technology End User
UNM,Junk/Invalid
Associate Product Manager,Product Decision Maker
Product Manager,Product Decision Maker
Java,Technology End User
Senior Advisory Software Engineer,Technology End User
Senior Product Manager,Product Decision Maker
Corporate Social Responsibility Manager,Other Decision Maker
Team Lead,Other End User
Cloud data Engineer/Data Enterprises Architect,Technology End User
Manager,Other End User
"Senior Data Center Operations Engineer, Infrastructure",Information End User
Data Engineer,Technology End User
Senior Back End Engineer,Technology End User
Lead Data Engineer,Technology End User
CEO,Chief Executive
System Engineer,Technology End User
Associate,Other End User
User response prediction,Data End User
Engineer,Technology End User
Frontend Engineer,Technology End User
AI Full Stack Engineer,Data End User
Software Engineer,Technology End User
Software Engineer,Technology End User
Assistant systems engineer,Technology End User
Sde 2,Other End User
Web Developer,Technology End User
Investment Product Manager,Product Decision Maker
Staff Applied Scientist - AI,Other End User
Analyst,Data End User
Test Lead,Technology End User
Senior engineer,Technology End User
Software Engineer,Technology End User
Head of operations,Operations Decision Maker
ML Associate,Data End User
Engineering Manager,Technology Decision Maker
Full Stack Developer,Technology End User
Engineer,Technology End User
Senior Product Manager,Product Decision Maker
Intern,Industry LOB - Edu End User
senior Project Engineer,Technology End User
"Product Manager, Payments Orchestration",Other End User
Flutter Developer,Technology End User
Junior Web Developer,Technology End User
Senior Software Engineer,Technology End User
AI Software Engineer,Technology End User
Senior Frontend Developer,Technology End User
SDE-2,Other End User
Back-end developer,Technology End User
Venture Partner,Sales End User
Development Engineer,Technology End User
Software Engineer,Technology End User
Associate,Other End User
Senior analyst -Credit Decision System,Information End User
Software QA Engineer,Technology End User
Intern,Industry LOB - Edu End User
Associate consultant,Other End User
Data scientist,Data End User
Senior Software Engineer,Technology End User
Cbp Portfolio Manager,Information End User
Software Developer,Technology End User
DATA ANALYST,Data End User
Enterprise Architect,Technology End User
Lead  Software Engineer,Technology End User
Management Trainee,Other End User
Scheme Process Owner,Other Executive
Director - Product & Growth,Product Decision Maker
Lead Product Manager,Product Decision Maker
Product Manager,Product Decision Maker
Product Manager / Senior Product Manager (The Straits Times),Product Decision Maker
Senior developer,Technology End User
Associate Consultant,Other End User
Senior Lead Mobility Engineer / Senior Lead Software Engineer,Technology End User
Security Engineer,Security End User
PRODUCT MANAGER,Product End User
Software Developer,Technology End User
Associate Product Manager,Product Decision Maker
Senior Product Manager,Product Decision Maker
Geotechnical Engineer,Technology End User
Devops engineer,Technology End User
Assistant Product Manager,Product Decision Maker
Product Manager,Product Decision Maker
AI Data Annotator,Data End User
Trainer,Other End User
IT Specialist,Information End User
Software Development Consultant,Technology End User
Director,Other Decision Maker
Data Scientist,Data End User
Engineer,Technology End User
Product Manager,Product Decision Maker
Senior Quality Assurance Associate,Other End User
Frontend Engineer,Technology End User
Senior DevOps Engineer,Technology End User
System Engineer,Technology End User
Product Manager,Product Decision Maker
Assistant Product Manager | Hard Yakka,Product Decision Maker
Product Manager,Product Decision Maker
Digital Transformation Associate,Marketing End User
Ai Researcher,Technology End User
Systems Developer,Technology End User
Ai Engineer,Technology End User
Engineer,Technology End User
Senior Product Manager -,Product Decision Maker
Engineer,Technology End User
AI/ML,Data End User
Software Developer,Technology End User
Consultant SDE L2 FullStack Developer,Technology End User
Software Engineer,Technology End User
DEVOPS ENGINEER,Technology End User
"Student Innovator, Co Founder",Other End User
Biomedical Engineering,Other End User
Product Owner,Product End User
Technical Lead,Technology End User
Backend Developer,Technology End User
Product Manager,Product Decision Maker
Lead Software Engineer,Technology End User
Principal Architect,Technology End User
"Deputy Manager / Program Manager, Strategic Operations & Distribution Strategy",Operations End User
CoCEO,Chief Executive
Product Manager,Product Decision Maker
Associate Web Developer,Technology End User
Lead Data Engineer,Technology End User
DevOps,Technology End User
Developer,Technology End User
Senior Engineer,Technology End User
Full Stack Developer,Technology End User
Senior International Product Manager,Product Decision Maker
Senior Data and AI Engineer,Data End User
Web Developer,Technology End User
Sr. Software Engineer,Technology End User
A.I. Intern,Technology End User
system engineer,Technology End User
Systems engineer //Associate Software Developer,Other End User
Senior Data Engineer,Technology End User
SAP Developer Advocate,Technology End User
Software developer intern,Technology End User
Accounts administration,Other End User
Engineer,Technology End User
Engineer,Technology End User
Corporate Social Responsibility,Other End User
DEVELOPER,Technology End User
Sr Developer,Technology End User
Data Engineer,Technology End User
Senior Software Engineer,Technology End User
Software Test Engineer,Technology End User
Senior Data Analyst,Data End User
Software developer,Technology End User
Cloud Engineer,Technology End User
Senior Product Manager,Product Decision Maker
AI Engineer / AI Engineer with Product Mindset,Data End User
Software Engineer,Technology End User
Senior Project Engineer Powertrain Research & Development (R&D),Technology End User
Group Product Manager,Product Decision Maker
City Manager,Industry LOB - Gov Exec
Senior Software Engineer,Technology End User
Senior Product Manager Customer Information & Digital Products,Product Decision Maker
Software Engineer,Technology End User
Software Engineer,Technology End User
Junior software developer,Technology End User
Practice Head,Other Decision Maker
Data Engineer,Technology End User
It,Junk/Invalid
software developer,Technology End User
Subject matter expert,Other End User
Software Engineer,Technology End User
Coordinator Digital Operations,Operations End User
. Net Lead Developer,Technology End User
Software Engineer,Technology End User
Senior IA Developer,Technology End User
Frontend Developer Lead,Technology End User
Security Engineer,Security End User
Developer / Radio & Administration Officer,Technology Executive
Program Manager,Other End User
Engineer,Technology End User
Team Lead,Other End User
Accounts Payable & Accounts Receivable Specialist,Finance End User
Management Consulting Analyst,Technology End User
Engineer,Technology End User
Investigation Associate,Other End User
Project Engineer of CN235-220M Multi-Purpose Transport for Indonesian Army,Other End User
Cloud Engineer,Technology End User
Data Analyst,Data End User
Artificial Intelligence Engineer,Technology End User
Junior Software Engineer,Technology End User
Multimedia Creator Executive,Marketing Decision Maker
Property Assistant,Other End User
Data analyst,Data End User
Full Stack Developer,Technology End User
Engg,Technology End User
Functional Consultant,Information End User
Founding Llm Engineer Intern,Technology End User
Engineer,Technology End User
Cashier Technician,Finance End User
.NET Developer,Technology End User
Engineer,Technology End User
Assistant Analyst Humas & Corporate Social Responsibility,HR End User
application support engineer,Technology End User
SOFTWARE ENGINEER 1,Technology End User
Full Stack Developer,Technology End User
Web Developer,Technology End User
Technical Lead,Technology End User
Assistant Manager,Other End User
Business Analyst/Generative AI Engineer,Data End User
Data Architect,Data End User
Full-stack developer,Technology End User
Group Manager,Other End User
Engineer,Technology End User
Developer,Technology End User
Instrument & DCS PLC Engineer,Technology End User
Software developer / Technical Head (Research and Engineering),Technology Decision Maker
Cloud Engineer,Technology End User
Technical Customer Success,Technology End User
Jaipur,Junk/Invalid
Technical Team Lead,Technology End User
Technical lead QA,Technology End User
QA Engineer,Technology End User
Research And Development Associate,Other End User
Finance trainee,Finance End User
MACHINE LEARNING ENGINEER,Technology End User
Business & System Analysis Consultant,Technology End User
Software Developer,Technology End User
Engineering Manager,Technology End User
Senior Software Engineer/Head of Unit,Technology Executive
Back End Developer,Technology End User
Software Engineer,Technology End User
Senior Information Technology Manager,Information Decision Maker
Programmer Analyst Trainee,Technology End User
SRE/ Receptionist,Other End User
Junior Data Scientist,Data End User
Frontend Engineer,Technology End User
Senior Lead,Other End User
Product Operation Specialist,Product End User
Full-stack Developer,Technology End User
Software Engineer 1,Technology End User
Assistant Photographer,Other End User
Deputy Manager 2,Other End User
Information Technology Field Engineer,Information End User
Assistant Professor,Industry LOB - Edu End User
..,Other End User
Puravoorkonam,Junk/Invalid
Information Technology Engineer,Information End User
Probationary Engineer,Technology End User
Java Backend Developer,Technology End User
Digital Product Manager,Product Decision Maker
Manager,Other End User
"Menswear Product Manager - Denim, Bases & Jackets",Product Decision Maker
"Junior Associate Engineer, Data Science",Data End User
Aws Cloud Engineer,Technology End User
Senior Engineer,Technology End User
Senior Associate Consultant,Other End User
Full-stack Developer,Technology End User
Product Manager,Product Decision Maker
Software Engineer,Technology End User
Software Engineer,Technology End User
Principal Software Engineer,Technology End User
Full Stack Engineer,Technology End User
Sr Software Developer,Technology End User
Software Engineer,Technology End User
Senior Software Developer / Iteration Manager,Technology Decision Maker
Full Stack Programmer,Technology End User
Process Analyst,Technology End User
"Sr Software Engineer, Mobile",Technology End User
Senior Technical Advisor,Technology End User
Software Engineer,Technology End User
Principal Consultant,Other End User
Cloud Operations Engineer,Technology End User
Ai Agent Architect,Technology End User
Research Engineer,Technology End User
Quality Engineering Analyst,Technology End User
Process Engineer/Sr. Supervisor Platforming & Treating,Technology End User
Software Engineer,Technology End User
System engineer,Technology End User
Software Developer ??React Native / Integration & Customer Success,Technology End User
Team Lead,Other End User
Director Of Platform Engineering,Technology Decision Maker
Trainee Programmer,Technology End User
Associate AI Engineer,Data End User
Shift Engineer,Technology End User
Software Engineer II,Technology End User
Senior Vice President- Network Enablement,Information Decision Maker
Solutions Architect,Technology End User
Back End Developer,Technology End User
Air Assistant Manager,Information End User
Product Analyst,Product End User
Engineer,Technology End User
Staff Software Engineer,Technology End User
Automation Lead Developer,Technology End User
Frontend Engineer / Software Engineer,Technology End User
Lead Software Engineer,Technology End User
Teacher,Industry LOB - Edu End User
Business Strategy Consultant,Other End User
Digital Marketing Trainee,Marketing End User
Senior Software Engineer,Technology End User
Senior Team lead,Technology End User
Senior Data Science Consultant,Data End User
Product Manager,Product Decision Maker
Business Technology Solutions Associate Consultant,Technology End User
Software Developer,Technology End User
Staff Software Engineer,Technology End User
Lead Machine Learning Engineer,Data End User
Software Engineer,Technology End User
Engineer,Technology End User
Android Module Lead,Technology End User
Specialist Architecture,Other End User
Specialist programmer,Technology End User
Technical Engineering Services Lead,Technology End User
Senior Software Engineer-Systems,Technology End User
Grievance officer,Other End User
Product Manager,Product Decision Maker
Senior Software Engineer 2,Technology End User
Clothing,Junk/Invalid
Designer,Other End User
Engineer,Technology End User
Software Developer Senior Analyst,Technology End User
Software Architect,Technology End User
Data Scientist,Data End User
Senior Engineer,Technology End User
Lead visualizer,Other End User
Information Technology Engineer,Information End User
Team leader,Other End User
Engineer II,Technology End User
Business Development Executive,Sales Decision Maker
Product Manager,Product Decision Maker
Software Engineer,Technology End User
Senior Software Engineer,Technology End User
Full Stack Developer,Technology End User
Learning Designer,Marketing End User
Support Engg,Sales End User
Technical Support Engineer,Technology End User
Teacher,Industry LOB - Edu End User
Software Engineer,Technology End User
Lead Engineer,Technology End User
CoFounder,Chief Executive
Marketing Communications,Marketing End User
IT Engineer Leader,Other End User
Data Analytics Engineer,Data End User
Project Lead - SEO,Marketing End User
Senior Product Manager,Product Decision Maker
Senior DevOps Engineer,Technology End User
Software Engineer,Technology End User
Frontend Engineer,Technology End User
Senior Product Manager,Product Decision Maker
Senior Product Manager,Product Decision Maker
Assistant Professor,Industry LOB - Edu End User
Senior Leader Product Owner,Product End User
System Engineer,Technology End User
Ai Full Stack Developer,Technology End User
"Head of Operations, Platform Engineering",Technology Executive
Full Stack Web Developer,Technology End User
Software Developer,Technology End User
Full Stack Developer,Technology End User
Service Delivery Manager,Information End User
Founder,Other Executive
Data Analyst Marketing,Data End User
Graduate Trainee,Other End User
Software Engineer Trainee,Technology End User
engineer,Technology End User
Senior Analyst II,Technology End User
Associate Software Engineer,Technology End User
Senior Cloud Engineer,Technology End User
Senior Machine Learning Engineer,Technology End User
Cloud Support Engineer,Sales End User
Developer,Technology End User
Senior Compliance Analyst,Legal End User
Product Manager,Product Decision Maker
Associate Product Manager,Product Decision Maker
Founder,Other Decision Maker
Engineer,Technology End User
Consultant,Other End User
Data science,Data End User
Enterprise Product Manager,Product Decision Maker
"Program Manager, Information Security Partnership APEC",Security End User
Sales Executive,Sales Decision Maker
senior software engineer,Technology End User
Account receivable trainee,Finance End User
Medical Officer,Information End User
Data Engineer,Technology End User
Senior .Net Developer / IT Team Lead,Technology End User
Senior Data Engineer,Technology End User
Software Engineer Supervisor,Technology End User
Technology Analyst,Technology End User
Product expert,Product End User
Graduate Engineering Trainee,Technology End User
Data Engineer,Technology End User
Information Technology Supervisor,Other End User
Software Engineer,Technology End User
Full Stack Developer,Technology End User
Software Engineer,Technology End User
System Engineer,Technology End User
Managing Director - North Asia & Pacific,Other Decision Maker
Software Engineer,Technology End User
DEVELOPER,Technology End User
Cloud Solutions Architect,Technology End User
Store Incharge,Operations Decision Maker
Back End Developer,Technology End User
Product Manager - Designer & Underground,Other Decision Maker
Product Manager,Product End User
Senior Materials Engineer,Technology End User
Gen ai simulation,Junk/Invalid
Game Engineer,Technology End User
Product Engineer Intern,Product End User
Junior Software Engineer,Technology End User
Software Engineer,Technology End User
Calling,Junk/Invalid
Head of Software Engineer,Technology Executive
Product Analyst,Product End User
Junior Software Developer,Technology End User
Senior Cloud Engineer Lead/Assistant Manager,Technology Decision Maker
Assistant manager,Other End User
Product Manager,Product End User
Senior software engineer,Technology End User
Software test engineer,Technology End User
Senior Software Engineer,Technology End User
Software Developer,Technology End User
Ui Ux Designer,Marketing End User
Product Manager,Product Decision Maker
Lead Software Engineer,Technology End User
Clinician Scientist,Other End User
Program Manager and Lead Mentor - Innovation Centre,Technology End User
Ankit verma,Junk/Invalid
Hav,Junk/Invalid
CEO & Founder,Chief Executive
Engineer,Technology End User
Technical Lead -Embedded/AI,Technology End User
Senior Software Engineer,Technology End User
Software Engineer,Technology End User
Web Developer,Technology End User
Product Manager/ Product Lead,Product End User
Technical Team Lead,Technology End User
Engineer,Technology End User
Team Lead,Other End User
Architect,Technology End User
Ai Engineer,Technology End User
Software Engineer,Technology End User
Senior Implementation Specialist & Project Lead,Information End User
Regional Account Manager - APAC - OneERP,Other End User
Data analyst,Data End User
Principal Software Engineer,Technology End User
"Marol Naka , Andheri",Junk/Invalid
Assistant Software Engineer,Technology End User
Web3 Builder,Technology End User
Senior Software Engineer - 2,Technology End User
Senior Product Manager,Product Decision Maker
Senior Software Engineer I,Technology End User
Software Engineer,Technology End User
Assistant Project Manager,Other End User
Product Owner,Product End User
Network Engineer,Other End User
Staff Engineer,Technology End User
Founder,Other Decision Maker
Software Engineer,Technology End User
QA Test Engineer,Operations End User
Application Software Engineer,Technology End User
Full Stack Engineer,Technology End User
Product Owner/ Head of Pawn Department,Product Decision Maker
Consultant,Other End User
Chief Executive Officer,Chief Executive
Senior Manager,Other End User
Associate,Other End User
SRE,Technology End User
Associate technical consultant,Technology End User
Machine Learning Developer,Data End User
Senior creative executive,Marketing Executive
Drilling Engineer,Technology End User
DevOps Engineer,Technology End User
Software Engineer,Technology End User
Group Product Manager,Product Decision Maker
Data Scientist,Data End User
General Manager,Other End User
SOMETHING ELSE,Other End User
Associate Consultant,Other End User
"""Développeur, Consultant Java/J2Ee""",Technology End User
Oracle Application Developer,Technology End User
Developer,Technology End User
Founder,Other Decision Maker
Product Manager,Product Decision Maker
Full Stack Software Engineer,Technology End User
Senior SEO Executive,Other End User
Senior Engineer,Technology End User
Engineer,Technology End User
Development Manager,Technology End User
Company Owner,Chief Executive
Assistant,Other End User
AI Engineer,Technology End User
Back End Engineer,Technology End User
Compliance and Documentation Associate-MedTech,Legal End User
Product Owner,Product End User
Graphic Designer,Marketing End User
Machine Learning Engineer,Technology End User
Senior Desktop Engineer,Technology End User
Geographic Information Systems Analyst,Information End User
Senior Data Scientist,Data End User
AI Engineer,Technology End User
Web Developer,Technology End User
Engineer,Technology End User
Manager,Other Decision Maker
Appeals Rep,Other End User
Product Manager,Product Decision Maker
Data Annotation Analyst,Data End User
Founder,Other Decision Maker
Senior Test Engineer,Technology End User
Data Scientist & Principal,Data End User
Lead Software Engineer | Head of IT,Information Executive
Senior Engineer/Executive Engineer (Projects),Other End User
Data Analyst,Data End User
"Senior Software Engineer, Mobile (iOS)",Technology End User
Lead Product Manager,Product Decision Maker
Software Developer,Technology End User
Engineer,Technology End User
"Head of Technology Strategy Team, Principle AI Engineer",Technology Executive
Software Consultant,Technology End User
Module lead,Other End User
Export Product Development Manager,Product Decision Maker
Frontend Engineer,Technology End User
ERP consultant,Other End User
Quality Control Engineer Ii,Technology End User
Full Stack Software Engineer,Technology End User
Associate software engineer,Technology End User
Software engineer,Technology End User
Engineer,Technology End User
Data and Technology Expert,Technology End User
Senior Solutions Architect,Technology End User
Product Manager //Senior Digital Product Owner,Product End User
Specialist Programmer,Technology End User
Engineer,Technology End User
Process Engineer,Technology End User
Data Scientist,Data End User
Account executive,Sales End User
Founder,Other Decision Maker
Assistant Manager,Other End User
Manager,Other End User
Developer,Technology End User
DevOps Engineer,Technology End User
Software Engineer,Technology End User
AI Engineer,Technology End User
.NET Fullstack Developer,Technology End User
Operations Manager,Operations End User
Security Engineer,Security End User
Systems Developer,Technology End User
Associate Software Engineer,Technology End User
Associate L2,Other End User
Software Developer,Technology End User
Specialist Cloud Engineering,Technology End User
NET Developer,Technology End User
Senior Frontend Developer,Technology End User
Data Analyst,Data End User
Category Account Manager,Sales Decision Maker
Senior Software Engineer,Technology End User
.NET Software Developer / Web development,Technology End User
Analyst,Data End User
Technology Expert,Technology End User
Senior Sharepoint Developer,Technology End User
CENTER MANAGER,Other End User
Game Developer,Technology End User
Product Manager,Product Decision Maker
Full Stack Engineer,Technology End User
Lead Data Engineer,Technology End User
Associate,Other End User
Application Engineer,Technology End User
Co-Founder & Product Architect,Product Decision Maker
Customer care associate,Other End User
Engineer/Procurement Assistant,Other End User
Business Intelligence Developer,Data End User
IT Solution Engineer,Information End User
Analyst,Data End User
Senior Team Lead,Technology End User
AI Engineer | Team Lead,Technology End User
Senior Software Engineer,Technology End User
Junior Engineer(GIS),Technology End User
Software Developer,Technology End User
Product Content Specialist,Product End User
Geotechnical Engineer,Technology End User
Observability Engineer,Technology End User
Automation Test Engineer,Technology End User
Green,Junk/Invalid
IT Systems Head,Information Executive
Staff (Senior Chief) Engineer,Technology End User
AI Engineer,Technology End User
Technical Team Lead,Technology End User
Team Lead Technology Projects,Other End User
System Engineer,Technology End User
Product Manager APAC,Product Decision Maker
COO & Co-Founder of Qiscus,Other Executive
Junior Relationship Executive,Sales End User
Senior Software Engineer,Technology End User
Senior Brand & Product Manager,Product Decision Maker
Senior Full-Stack Developer,Technology End User
It Specialist,Information End User
Senior Software Engineer,Technology End User
Cybersecurity Analyst,Security End User
Senior Technical Specialist,Technology End User
Manager – Founder's Office,Other End User
DevSecOps Consultant,Technology End User
Product Manager,Product Decision Maker
Lead Product Manager,Product Decision Maker
Software engineer,Technology End User
Kirti,Junk/Invalid
Associate Software Developer ( Frontend + Mobile Developer ),Technology End User
Partner,Sales Decision Maker
"FAVP & Regional Head - CMSME Credit, Credit Risk Management",Finance Executive
AAI,Junk/Invalid
Senior Engineer,Technology End User
Information Technology Manager,Information End User
Project Engineer,Technology End User
Software Development Engineer,Technology End User
Software Test Engineer,Technology End User
Senior Software Engineer,Technology End User
Systems Engineer,Technology End User
IT Team Lead,Information End User
Solutions Architect,Technology End User
Digital Developer,Technology End User
Data Engineer,Technology End User
Product Manager,Product Decision Maker
"Senior Resident, Anaesthesiology",Other End User
Engineer,Technology End User
Proprietor,Other Decision Maker
DECLINE,Other End User
IT Engineer | Technical Trainer,Other End User
Marketing Manager,Marketing End User
Placement Dt It Service Manager,Information End User
Environmental Engineer,Technology End User
Senior Software Engineer,Technology End User
Manager,Other End User
Intern,Industry LOB - Edu End User
Data And Ai Sales Executive,Sales End User
Senior Software Engineer,Technology End User
Principal Software Engineer,Technology End User
Project Program Coordinator,Other End User
Full Stack Engineer,Technology End User
Financial Operations Associate,Finance End User
Assistant Manager/Web Developer,Technology End User
Machine Learning Engineer,Technology End User
Software Developer,Technology End User
"Product and Loyalty Manager, Digital and Data",Product Decision Maker
Senior Software Engineer,Technology End User
erp exe.,Junk/Invalid
Engineer Of Power System Engineering,Technology End User
Senior Frontend Developer,Technology End User
Field Application Engineer,Technology End User
Software Engineer,Technology End User
Technical Lead,Technology End User
System Engineer,Technology End User
Software Engineer,Technology End User
Project Manager / Assistant Manager,Other End User
Frontend Engineer,Technology End User
Senior Associate,Other End User
Full-stack Developer,Technology End User
Software Engineer,Technology End User
Service Engineer,Technology End User
Information Technology Infrastructure Engineer,Other End User
System Engineer,Technology End User
Product Manager,Product Decision Maker
IT Support Engineer,Information End User
Data Engineer,Technology End User
Advanced Analyst - Law,Data End User
Deputy Manager,Other End User
UX/UI  Designer,Marketing End User
Associate,Other End User
Product Manager,Product Decision Maker
Product Ops Manager,Product End User
Senior Software Developer,Technology End User
Product Owner,Product End User
System Engineer,Technology End User
Artificial Intelligence,Data End User
EDUCATOR,Industry LOB - Edu End User
Junior Software Developer,Technology End User
QA Engineer,Technology End User
Web Developer,Technology End User
Assistant Manager,Other End User
Senior Software Development Engineer,Technology End User
Senior Technical Support Engineer,Technology End User
General Manager,Other End User
Lead Software Engineer,Technology End User
Software Engineer,Technology End User
Frontend Developer,Technology End User
Account Receivable specialist,Finance End User
Machine Learning Engineer,Technology End User
Information Security Engineer  / Technical Solutions Team Lead,Security End User
Software Developer,Technology End User
SDE,Technology End User
SDE II,Other End User
Software Developer,Technology End User
Deputy superintendent,Industry LOB - Gov Exec
Software Developer,Technology End User
Software Engineer,Technology End User
Project Manager,Other End User
Fullstack Developer,Technology End User
Product Manager,Product Decision Maker
Senior Project Engineer,Technology End User
DevOps Engineer,Technology End User
engineer,Technology End User
Erp - Specialist,Technology End User
Product Owner,Product End User
Production Manager,Operations End User
Data Scientist Director,Data Decision Maker
Senior Ai Engineer,Data End User
DEVELOPER ADVOCATE,Technology End User
Software Engineer,Technology End User
"Manager, Content Writing",Other End User
Software Development Engineer 3,Technology End User
Engineer,Technology End User
Senior Full Stack Engineer | AI Agent Architect,Technology End User
"Executive Project Engineer, Rail Systems",Technology End User
Associate Director,Other Decision Maker
Associate Consultant,Other End User
Junior Doctor,Other End User
Business technology solutions associate,Technology End User
Senior Marking Manager,Marketing End User
AAI,Junk/Invalid
Senior programatic analyst,Technology End User
Principal Architect,Technology End User
Lead Software Engineer,Technology End User
ARCHITECT,Technology End User
Developer,Technology End User
DevOps Engineer,Technology End User
Product Manager,Product Decision Maker
Associate Consultant,Other End User
MIS Executive,Other End User
Assistant Team Lead,Other End User
Senior Software Engineer,Technology End User
Full Stack Developer,Technology End User
Web Developer,Technology End User
Engineer,Technology End User
Team Lead,Other End User
Software Engineer,Technology End User
Naveen,Junk/Invalid
Business Intelligence Developer (SAP BO),Data End User
Solution Architect,Technology End User
Senior process associate,Other End User
Founder and Software Developer,Technology End User
Lead Business Intelligence Developer,Data End User
Krishna,Junk/Invalid
Assistance sales administrator,Sales End User
Software Engineer,Technology End User
Manufacturing Engineer,Other End User
Consultant,Other End User
Process Engineer/Project Engineer,Technology End User
Software Engineer,Technology End User
Assistant Engineer,Technology End User
Site Engineer,Technology End User
Full Stack Web Developer,Technology End User
Senior Solutions Architect,Technology End User
Sde,Technology End User
Agentic Ai Engineer Manager,Technology Decision Maker
Software Engineer,Technology End User
Back End Developer,Technology End User
Software Developer,Technology End User
Frontend Software Engineer,Technology End User
Software Engineer Trainee,Technology End User
Consultation Engineer,Technology End User
Performance Marketing Manager,Marketing End User
Data Science Internship,Data End User
Motion Graphic Designer,Marketing End User
head of analytics,Data Decision Maker
Data science intern,Data End User
Full stack developer,Technology End User
Program Manager,Other End User
Sr web developer,Technology End User
Senior Software Engineer,Technology End User
Assistant Manager,Other End User
Computer Scientist,Technology End User
Affiliate Development & Strategist,Sales End User
AI Engineer,Technology End User
Operations Head,Operations Decision Maker
Product Manager - da Vinci Surgery,Product Decision Maker
Software Quality Assurance Engineer,Operations End User
SRE,Technology End User
Data scientist,Data End User
Platform Engineer,Technology End User
Senior Merchant Sales Manager,Sales End User
Assistant Professor,Industry LOB - Edu End User
Senior Technical Program Manager,Technology End User
Customer Success Manager,Sales End User
DEVELOPER,Technology End User
Associate,Other End User
Engineer,Technology End User
It Support,Information End User
Engineering Trainee,Technology End User
Supervisor Frontend Developer,Technology End User
Marketing manager,Marketing End User
Service process Coordinator/ DevOps Micro Internship (DMI) Cohort  - Multi-Cloud Infrastructure & CI/CD Automation,Technology End User
Cloud Engineer,Technology End User
Sanitary Inspector,Industry LOB - Gov End User
Principal Software Engineer,Technology End User
CTO,Technology Executive
Digital Service Digitization Tribe | Backend Developer,Technology End User
Senior Technical Lead,Technology End User
Senior Business Development Associate,Other End User
Services IT Development Program Senior Associate II,Information End User
Product Manager,Product Decision Maker
Data Engineer,Technology End User
Administrative officer,Other Executive
Customer Success Executive,Other Decision Maker
System Engineer,Technology End User
Senior Software Engineer,Technology End User
Full Stack Engineer (Java)/Team Lead & Tech Lead,Technology End User
Principal Consultant,Other End User
Cybersecurity Analyst,Security End User
Electrical Design Engineer,Marketing End User
Product Manager,Product Decision Maker
Founder,Other Decision Maker
Associate Analyst,Technology End User
Director Marketing,Marketing Decision Maker
HR Executive,HR Executive
Data analyst,Data End User
Devops Engineer I,Technology End User
Software Developer,Technology End User
Editing,Junk/Invalid
IT Engineer,Information End User
Senior Associate It Ops Services,Information Decision Maker
Rpa Developer,Technology End User
Technical Lead,Technology End User
Associate,Other End User
Software Developer,Technology End User
SQL Developer,Technology End User
Product Manager / Foreign Visitor Tax Refund Service Team,Product Decision Maker
Full dedication,Junk/Invalid
solutions architect,Technology End User
Frontend Developer,Technology End User
Senior Software Engineer,Technology End User
Senior AI Architect (Platforms & Innovation) - CTO,Technology Executive
Assistant Manger,Other End User
Software Engineer,Technology End User
Software Engineer,Technology End User
Manager,Other Decision Maker
Engineering Manager,Technology End User
Customer Support engineer,Other End User
Manager,Other End User
Technical Lead,Technology End User
DEVELOPER,Technology End User
Lead Web Developer,Technology End User
Technology & AI Automation Lead,Technology End User
Senior Associate,Other End User
Navigo,Junk/Invalid
Head Writer,Other Decision Maker
Associate Director,Other Decision Maker
System engineer,Technology End User
Software Engineer,Technology End User
Project Engineer,Technology End User
Software Developer,Technology End User
Senior Solutions Architect,Technology End User
Air Assistant Manager,Information End User
Full Stack Developer,Technology End User
EDUCATOR,Industry LOB - Edu End User
DATABASE ADMIN,Information End User
DEVELOPER,Technology End User
Software Engineer Mobile iOS Lead,Other End User
Cfd Scientist,Technology End User
Employe,Other End User
Project Leader,Other End User
Product Manager,Product Decision Maker
Recruiter,HR End User
Senior Software Engineering,Technology End User
DevOps Engineer,Technology End User
Lead - Software Development,Technology End User
Software Engineer,Technology End User
Associate,Other End User
Software Engineer,Technology End User
Compensation and reward officer,HR End User
DevOps Manager,Technology End User
Lead Full Stack Developer,Technology End User
Accounts and Finance Manager,Finance End User
ADAS Engineer,Technology End User
Director Project Management,Technology Decision Maker
Technology Analyst,Technology End User
Software Engineer,Technology End User
Software Engineer,Technology End User
CoFounder + CTO,Technology Executive
Senior Account Executive,Sales End User
Safety Engineer,Other End User
Systems Engineer,Technology End User
Interior Designer,Marketing End User
Gen AI Engineer,Data End User
Full Stack Engineer,Technology End User
Exceutive,Other End User
Assistant Professor,Industry LOB - Edu End User
Nothing,Other End User
Second Engineer,Technology End User
Post Graduate Development Trainee,Other End User
Sr. Product Manager,Product Decision Maker
Assistant Publication Officer,Information End User
GAT,Junk/Invalid
Destination Product Manager,Product Decision Maker
Digital Product Manager,Product Decision Maker
Data Science and AI Teacher,Technology End User
Software Engineer,Technology End User
Systems Architect and Developer,Technology End User
Managing Director,Other Decision Maker
无指定,Junk/Invalid
Engineering Manager,Technology End User
HR Manager,HR End User
Project Coordinator,Other End User
business development executive,Sales Decision Maker
Software developer,Technology End User
Executive Market Research Analyst,Data End User
Senior Software Developer,Technology End User
Digital Product Lead,Product End User
Software Engineer,Technology End User
Application Developer,Technology End User
SDE,Technology End User
Software Developer,Technology End User
Software Engineer,Technology End User
Product Manager,Product Decision Maker
Frontend Developer,Technology End User
Technical lead,Technology End User
Lead Software Developer,Technology End User
Product Marketing Manager,Product Decision Maker
Senior UI/UX Designer,Marketing End User
Senior Customer Care Executive,Other Decision Maker
Senior Back End Developer,Technology End User
Senior Software Engineer,Technology End User
Software Developer,Technology End User
Lead Data Scientist - Forward-Deployed AI Systems,Data End User
ARCHITECT,Technology End User
Presales Engineer,Sales End User
data,Data End User
Assistant manager,Other End User
Founder,Other Decision Maker
network engineer,Other End User
Full Stack Developer,Technology End User
Agile Project Manager/ Product Owner,Product Decision Maker
"""Desarrollo De Negocio, Marketing Cloud""",Technology End User
Software Engineer,Technology End User
Lead Data Scientist,Data End User
Gaming,Industry LOB - Gaming End User
Technical Lead,Technology End User
Web Developer,Technology End User
Analyst,Data End User
Network Engineer,Other End User
Risk Analyst,Data End User
Senior associate consultant,Other End User
Product Manager,Product End User
Senior Software Engineer,Technology End User
Software Engineer,Technology End User
DEVELOPER,Technology End User
No Problem,Junk/Invalid
Manager/Cloud Engineer,Technology Decision Maker
Internal reporting,Information End User
Senior Associate Marketing Manager - Southeast Asia,Marketing End User
Associate Automation Engineer,Technology End User
AI Engineer & Technical Specialist,Data End User
Systems Engineer Trainee,Technology End User
Project Manager,Other End User
Machine Learning Intern,Data End User
AI Engineer,Technology End User
Geotechnical Engineer,Technology End User
Project engineer,Technology End User
Software Enginner,Technology End User
Associate Data Scientist,Data End User
Principal Geologist,Other Decision Maker
AI Engineer,Technology End User
Program Manager,Other Decision Maker
Digital Marketing Executive,Marketing Decision Maker
Senior Software Engineer,Technology End User
"""Développeur, Consultant Java/J2Ee""",Technology End User
Teacher,Industry LOB - Edu End User
Software Developer,Technology End User
network engineer,Other End User
Analytics And Insights Lead,Data End User
Business development associate,Sales End User
Healthcare logistics telecalling 2022-2023,Industry LOB - Healthcare End User
Software designer,Technology End User
Operations Forester,Operations End User
Erode,Junk/Invalid
Software Developer,Technology End User
UX/UI Designer (Delivery Project Lead),Technology End User
Engineer II / Engineer I,Other End User
Wealth Manager,Finance End User
Founder,Other Decision Maker
Engineer,Technology End User
Sr. Product Manager,Product Decision Maker
Software Engineer,Technology End User
Senior Frontend Developer,Technology End User
Mining Engineer,Technology End User
Ai/Ml Senior Associate,Other End User
Product Manager - In Life,Product Decision Maker
Telecommunication Engineer,Technology End User
Purchase executive,Operations End User
Software Engineer,Technology End User
Data annotation Engineer,Data End User
Test Engineer,Technology End User
AI Engineer,Technology End User
Product Manager,Product Decision Maker
Product Manager,Product Decision Maker
Field Data Collector,Data End User
Founder,Other Decision Maker
Junior Engineer-1,Technology End User
Machine Learning Engineer,Technology End User
Software engineer/Dotnet Developer,Technology End User
Cloud Engineer,Technology End User
Engineer,Technology End User
Frontend Developer,Technology End User
Blockchain & Backend Developer,Security End User
Senior Software Developer,Technology End User
Full Stack Engineer,Technology End User
Senior Product Specialist - Advanced Analytics,Product End User
Data Analyst,Data End User
Developer,Technology End User
Engineer,Technology End User
ARCHITECT,Technology End User
Global Product Manager,Product Decision Maker
Deputy Manager,Other End User
CSR Officer (CSR Lead),Other End User
Product Owner | Delivery Lead,Product End User
Ai/Ml engineer,Data End User
Senior Manager - Business Development,Sales End User
Manager internal corporate event,Marketing Decision Maker
Product Manager,Product Decision Maker
Technical Lead,Technology End User
Machine learning engg,Data End User
pm,Other End User
Lead Developer,Technology End User
Software Engineer,Technology End User
Android Lead,Technology End User
Research associate,Industry LOB - Edu End User
Risk Analyst,Data End User
Linux engineer,Technology End User
Web Developer,Technology End User
Frontend Ui Developer,Technology End User
Senior Product Manager,Product Decision Maker
DATA SCIENTIST,Data End User
CSM,Junk/Invalid
Director & Software Engineer,Technology Decision Maker
Co-Founder,Other Decision Maker
Software Engineer,Technology End User
Applied AI Engineer,Data End User
Software Engineer,Technology End User
Associate Vice President,Other Decision Maker
Engineer,Technology End User
Software Engineer,Technology End User
UXUI Engineer,Technology End User
Talent Acquisition,HR End User
Jay,Junk/Invalid
Software Engineer,Technology End User
Graphic,Junk/Invalid
Mobile Developer,Technology End User
AI Engineer Lead,Data End User
Software Engineer - Full Stack,Technology End User
Back End Developer/ Health and well-being,Other End User
General Manager (Employee On Duty),Other Decision Maker
Program Manager,Other End User
Software Engineer,Technology End User
Software Engineer,Technology End User
Consultant,Other End User
Assistant professor,Industry LOB - Edu End User
Artificial Intelligence Engineer,Technology End User
Associate engineer,Technology End User
Teacher,Industry LOB - Edu End User
Principal Product Manager,Product Decision Maker
Application Engineer,Technology End User
Software Designer,Technology End User
Pricing Owner,Other Executive
Sr. Product Manager,Product Decision Maker
Junior Software Engineer,Technology End User
Consulting Engineer,Technology End User
Engineer,Technology End User
Full Stack Engineer,Technology End User
Google Service and Support,Information End User
Senior Technical Lead,Technology End User
Assistant Manager,Other End User
Lead Structural Engineer,Technology End User
Digital Product Manager,Product Decision Maker
Network Engineer,Other End User
Frontend Developer,Technology End User
Engineer,Technology End User
无指定,Junk/Invalid
Senior Software Developer,Technology End User
Senior Data Analyst,Data End User
Senior Software Engineer,Technology End User
Senior Software Engineer,Technology End User
Data Science Analyst,Data End User
Team lead,Other End User
Social media and community associate,Marketing End User
Associate Application Engineer/Associate Software Developer,Technology End User
Associate Product Manager,Product Decision Maker
Software Engineer,Technology End User
Rm,Junk/Invalid
Project Development Engineer,Technology End User
Sales,Sales End User
Lead DevOps Engineer,Technology End User
Cloud Engineer,Technology End User
College Student,Other End User
Game Developer,Technology End User
Electrical Engineer,Technology End User
Principal Software Engineer,Technology End User
Software Engineer,Technology End User
Senior Data Analyst,Data End User
Product Manager,Product Decision Maker
Product Manager,Product Decision Maker
Business Partner Manager It Hr,Information End User
Software Engineer AI/ML,Technology End User
Backend Developer,Technology End User
Senior Software Engineer,Technology End User
Applied R&D Engineer- 3,Technology End User
Software Developer,Technology End User
Software Engineer,Technology End User
Process Engineer,Technology End User
Software Engineer,Technology End User
Senior Software Engineer,Technology End User
Freelancing,Other End User
Team Lead & Senior Software Engineer,Technology End User
Programmer Analyst Trainee,Technology End User
Consultant | AI Business Solutions,Data End User
Solution Architect,Technology End User
Knowledge Management Specialist,Other End User
Director,Other Decision Maker
Software Engineer,Technology End User
Product Manager,Product End User
Product designer,Product End User
Senior Full Stack Engineer,Technology End User
Cloud Ops Lead,Technology End User
DevOps Engineer,Technology End User
Junior Cloud Development Engineer,Technology End User
Senior Manager - Product Development,Product Decision Maker
Marketing,Marketing End User
Affinity - Senior It Consultant,Information End User
Research Engineer,Technology End User
Web Developer,Technology End User
Tech Lead,Technology End User
Youtuber,Other End User
CMO,Marketing Executive
Senior Consultant,Other End User
Human Resource,HR End User
Analyst,Data End User
Data Engineer,Technology End User
Senior Software Engineer,Technology End User
Product Manager,Product Decision Maker
Maintenance Engineer,Operations End User
Software Developer,Technology End User
Head of Engineering,Technology Executive
Pharmacist,Other End User
Developer,Technology End User
Senior Quality Engineer,Other End User
Senior Platform Engineer,Technology End User
Sr. Lead Architect (AVP-Engineering),Technology Decision Maker
Product Manager,Product Decision Maker
Senior Software Engineer,Technology End User
Graphic Design Manager,Marketing End User
Admission counselor,Industry LOB - Edu End User
Senior Manager,Other End User
Reliability Engineer,Technology End User
Software Developer,Technology End User
Media trainee,Marketing End User
Senior Customer Service Executive,Other End User
Aircraft Maintenance Planner,Data End User
Game Developer,Technology End User
Frontend Web Developer,Technology End User
Developer,Technology End User
Corporate Social Responsibility Manager,Other End User
Frontend Engineer,Technology End User
Delivery Manager,Other End User
Lead Full Stack Developer,Technology End User
Full Stack Developer,Technology End User
Associate Software Engineer,Technology End User
Senior Engineer,Technology End User
Associate,Other End User
Webmaster,Technology End User
Product Manager,Product Decision Maker
Head of Product - Geniebook,Product Executive
Founder,Other Decision Maker
Senior Software Engineer,Technology End User
Students,Industry LOB - Edu End User
Software Engineer,Technology End User
UI/UX Developer,Technology End User
Technical Project Manager,Technology End User
Electrical Engineer,Technology End User
Product Manager Lead,Product Decision Maker
Associate Ai Consultant,Technology End User
Devops Engineer,Technology End User
Senior Engineer,Technology End User
Software Engineer,Technology End User
Marketing Manager,Marketing End User
Product Manager,Product Decision Maker
Software Engineer AI,Technology End User
Product Designer,Product End User
Software Developer,Technology End User
Device and Software Engineer,Technology End User
Senior Software Developer,Technology End User
Senior Software Engineer,Technology End User
Senior Staff Software Engineer,Technology End User
Product Manager,Product Decision Maker
Software Engineer,Technology End User
Automation System Engineer,Technology End User
Solution Delivery Lead (Mechanical Engineer),Other End User
DEVELOPER,Technology End User
Programmer (Data Engineer),Technology End User
Software Test Engineer/软件测试工程师,Technology End User
RPA Developer,Technology End User
Co partener,Junk/Invalid
Engineer,Technology End User
Data Scientist,Data End User
Software Engineer,Technology End User
Associate Director,Other Decision Maker
Frontend Developer,Technology End User
Flutter Developer,Technology End User
game software,Junk/Invalid
Accountant,Finance End User
Software Development Team Lead,Technology End User
Analyst,Data End User
Engineer,Technology End User
Manager,Other End User
Software Engineer Frontend,Technology End User
Associate Software Engineer,Technology End User
Software Engineer,Technology End User
Freelance,Junk/Invalid
Software Engineer,Technology End User
Functional Analyst,Data End User
Contact Center Agent,Other End User
Senior Cloud Engineer,Technology End User
AI/ML Data Engineer,Data End User
Senior Manager - Product Development,Product Decision Maker
Senior Software Development Engineer,Technology End User
Software Engineer,Technology End User
Associate Software Engineer,Technology End User
Senior Technologist,Technology End User
Software Engineer,Technology End User
Application Developer,Technology End User
Vikas,Junk/Invalid
Business,Other End User
Digital Marketing Manager,Marketing End User
Senior Software Engineer,Technology End User
Software Quality Engineer,Technology End User
Backup administrator,Information End User
Manager,Other End User
Founder,Other Decision Maker
Lead Developer,Technology End User
Research Associate in Pharma,Technology End User
Manager - Test Engineering,Technology Decision Maker
PGT,Junk/Invalid
Webmaster,Technology End User
Cloud DBA,Technology End User
Senior Software Engineer,Technology End User
Software Engineer,Technology End User
Full Stack Developer,Technology End User
Site reliability engineer,Technology End User
Site Reliability Engineer (E2),Technology End User
Network Engineer,Other End User
DevOps Engineer,Technology End User
Software engineer,Technology End User
Java developer,Technology End User
Software Engineer,Technology End User
Senior Manager,Other End User
Angular developer,Technology End User
Accounts executive,Finance Decision Maker
Technician,Other End User
Engineer - Technical Support,Technology End User
Senior Product Specialist - Advanced Analytics,Product End User
Mobile Application Developer,Technology End User
Software Engineer,Technology End User
Consultant,Other End User
Chief Executive Officer,Chief Executive
Senior Executive leadership and OD,Other Decision Maker
AI Project Manager,Data Decision Maker
Team Lead,Other End User
Gopalnagar,Junk/Invalid
Manager,Other End User
Lead Analyst,Technology End User
X.,Other End User
Product Manager Mail,Product Decision Maker
Software Developer,Technology End User
Senior Manager - O+O/Product/ Channels - Health Services Proposition,Industry LOB - Healthcare DM
It- Officer,Information End User
AI Engineer,Technology End User
Assistant Professor / Faculty Placement Coordinator CRC,Other End User
ML Services Analyst II,Technology End User
Software Engineer,Technology End User
Senior Software Engineer,Technology End User
Ai Swe,Data End User
Ai Developer Advocate,Data End User
"Director, ERM",Other Decision Maker
Full Stack Software Engineer,Technology End User
Ai Engineer,Technology End User
manager,Other End User
PRODUCT MANAGER,Product End User
Recovery Agent,Other End User
Senior Engineer,Technology End User
Automation QA Engineer,Operations End User
Associate,Other End User
Senior Software Engineer & Data Engineer,Data End User
"Research Engineer/ Manager, Engineering Project Manager",Technology Decision Maker
CoFounder + CTO,Technology Executive
Development Producer,Industry LOB - Media Entertainment DM
Manager,Other End User
Software Engineer,Technology End User
ASSISTANT PROFESSOR,Industry LOB - Edu End User
"Regulatory Affairs & Product Manager - Taiwan, Hong Kong & Macau",Product Decision Maker
Lead Operations,Operations End User
Network Engineer,Other End User
Product Selling,Junk/Invalid
Lead Software Developer,Technology End User
Product Engineer,Other End User
Associate software engineer,Technology End User
Principal Software Engineer,Technology End User
Engineer,Technology End User
Technical Specialist,Technology End User
Proposals Engineer,Technology End User
Data Governance Lead,Data End User
Senior Specialist,Other End User
DevOps Specialist,Technology End User
Legal Consultant ai,Legal End User
"Area Service Manager - KTM, Husqvarna and Triumph",Operations End User
Manager,Other End User
Associate Software Engineer,Technology End User
Software Developer,Technology End User
Marketing Communications Lead,Marketing End User
Fullstack Developer,Technology End User
Entrupeneur,Other End User
Software Developer,Technology End User
Back End Developer,Technology End User
DATA ANALYST,Data End User
Deputy Editor,Other Decision Maker
Engineer,Technology End User
Associate,Other End User
BUSINESS & INTEGRATION ARCHITECTURE LEAD,Technology End User
Software Engineer 1,Technology End User
Lead Software Engineer / Manager,Technology Decision Maker
Helperself Employed,Junk/Invalid
Staff,Other End User
Web Developer,Technology End User
Manager - Customer Success,Sales End User
Product Manager,Product Decision Maker
Engineer,Technology End User
Caio Director,Information Decision Maker
Jr. Website Manager,Technology End User
Business Analyst & Project Manager,Sales Decision Maker
DEVELOPER,Technology End User
Lead Product Manager/Game Director & Product Lead,Product Decision Maker
Back End Developer,Technology End User
--,Other End User
Software Engineer,Technology End User
Founding Engineer,Technology Decision Maker
Software Engineer,Technology End User
Devops Program Manager,Technology End User
Engineer,Technology End User
Manager,Other End User
Software Development Team Lead,Technology End User
Frontend Developer - Web Designer,Technology End User
Mobile Application Developer,Technology End User
System Developer,Technology End User
Engineer,Technology End User
Senior Frontend Engineer,Technology End User
Business Development Executive,Sales Decision Maker
Design Lead,Marketing End User
People & Culture Senior analyst,HR End User
Backend Software Engineer,Technology End User
Assistant Manager Marketing,Marketing End User
Computer Science Engineering Student,Industry LOB - Edu End User
AI/ML Engineer,Data End User
DATA ENGINEER,Technology End User
Product Manager Team Lead,Product Decision Maker
Ai Applications,Technology End User
Automation Engineer,Technology End User
"Marketing Manager, Cucurbits",Marketing Decision Maker
Founder,Other Decision Maker
Senior Product Manager,Product Decision Maker
Technical Lead,Technology End User
Subject Matter Experts -AI/ML,Technology End User
Assistant Engineer,Technology End User
Associate Engineer Software Develiper,Technology End User
Software Engineer,Technology End User
Senior Product Manager,Product Decision Maker
Founder,Other Decision Maker
Software Engineer,Technology End User
Software Engineer,Technology End User
Engineer,Technology End User
Stock analyst,Technology End User
"Director - It, Operations And Marketing",Information Decision Maker
AI Related to Search Terms in Your Query Engineer Related to Search Terms in Your Query ??Tech Lead,Other End User
Product Cybersecurity Expert,Other End User
Senior C++ Developer,Technology End User
Engineer,Technology End User
Geospatial Developer,Technology End User
Machine Learning Engineer,Technology End User
Supervisor,Other End User
Software engineer,Technology End User
Product Manager,Product Decision Maker
OTT Backend Enginer (Transcoder),Other End User
Senior Software Developer / Development Team Lead,Technology End User
Senior Product Owner,Product End User
Project Engineer,Technology End User
Psychologist / Life Skills Manager,Other End User
Product Manager,Product Decision Maker
Manager,Other End User
Employee,Technology End User
Csr,Other End User
Principal Software Engineer,Technology End User
Web Developer,Technology End User
Web Developer,Technology End User
"Senior UI/UX Designer, UI/UX Designer",Technology End User
Founder,Other Decision Maker
Sr.Technical Architect,Technology End User
Software Developer,Technology End User
Backend Engineer,Technology End User
Architect,Technology End User
Senior Software Developer,Technology End User
RT,Junk/Invalid
Product Manager,Product Decision Maker
Chief Technology Officer,Technology Executive
Data Analyst,Data End User
Data Scientist,Data End User
Software Engineer,Technology End User
Chief General Manager It,Information End User
전시 서비스 파트장 (Exhibition Service Part Leader),Information End User
Mobile App Developer/Mobile App Developer (Flutter),Technology End User
Self employed,Other End User
Senior Associate Consultant,Other End User
consultant,Other End User
Manager-MIS (Data & Reporting Analyst Role),Data End User
Team Lead DNS DHCP and IPAM (DDI) for Managed Operation On Telkomsel,Information End User
Developer,Technology End User
Cloud Engineer,Technology End User
Senior Software Engineer,Technology End User
Head of IT Security,Security Decision Maker
Assistant,Other End User
Developer,Technology End User
Ai Solution Designer,Data End User
It support,Information End User
Principal Software Engineer,Technology End User
Data Scientist 2,Data End User
Lead UX Designer,Marketing End User
Engineer,Technology End User
Head of Product,Product Executive
Staff Engineer,Technology End User
Senior Microbiologist,Other End User
Senior Program Manager- Cybersecurity & Special Projects,Security End User
AI Researcher and Engineer,Technology End User
Software Engineer,Technology End User
B.Tech ECE/ IT Analyst,Data End User
Business Analyst / Program Manager,Other End User
AI Related to Search Terms in Your Query Engineer Related to Search Terms in Your Query ??Tech Lead,Other End User
Software Engineer,Technology End User
APAC Project Installation Manager,Other Decision Maker
IT Manager,Information End User
Staff Software Engineer,Technology End User
Application Developer Analyst,Technology End User
Software Development Engineer 1,Technology End User
Assistant Manager,Other End User
Incubation Program Manager,Product End User
Director,Other Decision Maker
Junior Assistant,Other End User
Assistant Professor (Research),Industry LOB - Edu End User
Sr software engineer,Technology End User
Process Developer,Technology End User
Senior Android Developer,Technology End User
Sr. Staff Engineer | Project Manager,Technology End User
Senior Software Development Engineer,Technology End User
"Senior Software Developer / Developer, Machine learning",Other End User
Back End Developer,Technology End User
Senior analyst / Global Investment Operations,Finance End User
TCMO - Ticket counters Maintenance Operation,Operations End User
Proceess Executive,Other End User
Senior Csr,Junk/Invalid
DATA ENGINEER/ Lead Data Engineer | Data Acquisition,Data End User
"Co-Founder, Frontend Web Developer",Technology End User
Advance Data Engineer,Data End User
Junior Data Analyst,Data End User
Frontend Engineer,Technology End User
"Director, Group Head Of It",Information Decision Maker
Tech lead,Technology End User
Senior Devops Engineer,Technology End User
Software Developer,Technology End User
Software Engineer,Technology End User
Associate Research Analyst,Technology End User
Product Manager,Product Decision Maker
Associate Software Developer,Technology End User
Senior Engineer,Technology End User
Manager DevOps,Technology End User
Embedded Software Engineer,Technology End User
Data engineer,Technology End User
Principal Analyst,Technology End User
Manager CSR,Other End User
Senior Marketing Manager UK & I Marketing,Marketing End User
Data Engineer,Technology End User
OFFIcer,Other End User
Management consultant,Other End User
Relationship Manager,HR End User
AVIATION OFFICER,Information End User
PILI Green Network,Junk/Invalid
Software Developer,Technology End User
Associate Product Manager/IT Product Management Section Head,Other Executive
Senior Engineer,Technology End User
Sr Consultant,Other End User
Project Manager,Other End User
GST Consultant,Finance End User
Engineering Manager,Technology Decision Maker
Software Developer,Technology End User
Air Assistant Manager,Information End User
Founder,Other Decision Maker
Senior Software Engineer,Technology End User
SYSADMIN,Information End User
Senior Data Analyst,Data End User
Medical Officer,Information End User
Software Developer Team Lead,Technology End User
CSR,Other End User
Associate Software Engineer,Technology End User
Senior Partner,Sales Executive
IT Analyst,Information End User
Ai engineer,Technology End User
Software Engineer,Technology End User
Software developer,Technology End User
Outsystems Developer,Technology End User
Assistant Vice President,Other Executive
Engineer,Technology End User
Full Stack Developer,Technology End User
Sr Associate IS Prog Analyst,Data End User
Product Manager,Product Decision Maker
DevOps engineer,Technology End User
Senior BFA Process Advisor,Data End User
Audit Assistant,Finance End User
Software Engineer,Technology End User
Technical Support Engineer,Technology End User
Aa,Other End User
"Team Lead, Product Development Manager / Senior Manager, Product Development",Product Decision Maker
Deputy General Manager- Global HRBP | HR Head,HR End User
Founder Managing Director,Other Decision Maker
Associate Consultant/Data Engineer,Technology End User
Windows Server Administrator,Information End User
Senior process executive,Information End User
Chief Privacy Officer,Legal Executive
Product Manager,Product Decision Maker
Presales Engineer,Sales End User
Product Manager,Product End User
Associate Manager,Other End User
Data Analyst,Data End User
Business Analyst (Data Analytics),Data End User
Programmer Analyst,Technology End User
Analyst,Data End User
Nursing officer,Other End User
product engineer,Other End User
Senior Software Engineer,Technology End User
Principal Engineer,Technology End User
Product Manager,Product Decision Maker
Team Leader – 3 Waters Asset Data Management and Analytics,Data Decision Maker
Technical Specialist,Technology End User
Cloud Infrastructure Engineer,Information End User
Data Architect,Data End User
PETA-Appreciate/ Private Equity Advisor - Data Analyst (Apprentice),Finance End User
Product Manager,Product Decision Maker
Engineer,Technology End User
Technical Specialist,Technology End User
Principal Engineer,Technology End User
It Processor,Information End User
Researcher,Other End User
Software Engineer,Technology End User
Principal Project Engineer,Technology End User
Software Developer,Technology End User
Lead Qa,Operations End User
Associate Product Manager,Product End User
Finance Manager,Finance End User
Senior Data Scientist,Data End User
Project Lead,Technology End User
Front Office Executive,Information End User
Senior Consultant,Other End User
ESA,Junk/Invalid
Senior Software Developer,Technology End User
Full Stack Developer,Technology End User
"""Rn, Bsn, Senior Staff Developer""",Technology End User
Python Developer,Technology End User
Software Engineer,Technology End User
Product Owner,Product End User
Product Manager,Product Decision Maker
Deputy Manager Marketing,Marketing End User
Software Engineer,Technology End User
Software Development Engineer,Technology End User
Technical Team Lead,Technology End User
Senior Software Engineer,Technology End User
"CEO , CTO & Sales Head",Chief Executive
IT System administrator,Information End User
Software Engineer,Technology End User
Project Engineer,Technology End User
CDMA2000 Product Manager,Product Decision Maker
Software Engineer,Technology End User
Data Scientist,Data End User
Front-end developer,Technology End User
NPO Engineer,Technology End User
Senior Medical writer,Other End User
Senior Software Developer,Technology End User
Founding Member,Other Decision Maker
Credit card Product Manager,Product Decision Maker
Divisi Digital Product,Junk/Invalid
Assistant officer,Information End User
Principal Data Scientist,Other End User
Full Stack Developer,Technology End User
subject matter expert,Other End User
Java Software Developer,Technology End User
Product Manager,Product Decision Maker
Engineer,Technology End User
Field loan officer,Finance Decision Maker
Digital Unsecured Lending Product Manager,Finance Decision Maker
Web Developer,Technology End User
SAP ABAP Consultant,Technology End User
Senior Systems Engineer,Technology End User
Co-Founder,Other Decision Maker
System Engineer,Technology End User
Systems Engineer,Technology End User
Software Engineer,Technology End User
Instrument Engineer,Technology End User
DEVELOPER,Technology End User
Head of CSR,Other Decision Maker
It Manager Software Engineer,Information Decision Maker
Service analyst,Technology End User
Technical Lead 1,Technology End User
Mobile Application Developer,Technology End User
DEVELOPER,Technology End User
User Experience Designer,Product End User
Information Technology Engineer,Information End User
Head Of Product,Product Decision Maker
CoE Specialist - Automation,Technology End User
No designation,Junk/Invalid
Officer,Other End User
Frontend Developer,Technology End User
Engineer,Technology End User
Application Developer,Technology End User
Senior Academic Administrator,Industry LOB - Edu DM
Software Engineer,Technology End User
Application Developer Trainee(techno-Business Analyst),Technology End User
Senior Assistant Professor,Other End User
Software Engineer,Technology End User
Finance Executive,Finance Executive
Senior Analyst,Technology End User
Developer,Technology End User
Senior Software Developer,Technology End User
Cloud Practice Lead,Information End User
AI Engineer,Technology End User
Senior Software Engineer,Technology End User
Digital marketing Specialist,Marketing End User
Software Engineer - Senior Web Developer,Technology End User
Senior Frontend Developer,Technology End User
Senior Data Scientist,Data End User
Data annotation,Data End User
Software Engineering Team Lead,Technology End User
CEO,Chief Executive
Associate Consultant,Other End User
"Senior Frontend Web Developer, Creator/Maintainer Design System",Technology End User
DevOps Engineer,Technology End User
Software Engineer - Senior Candidate,Technology End User
Head of Product,Product Executive
SDE 3,Other End User
Engineer,Technology End User
Data Analysis,Data End User
Engineer,Technology End User
Digital Marketing Executive,Marketing Decision Maker
Intern,Industry LOB - Edu End User
AI/ML Engineer,Data End User
Senior Software Engineer,Technology End User
Software Developer,Technology End User
Software Engineer,Technology End User
DevSecOps Engineer,Security End User
팀장,Other End User
Frontend Developer,Technology End User
PRODUCT MANAGER,Product Decision Maker
Spring Boot Tech Lead,Technology End User
Product Manager,Product Decision Maker
Rebar detailer,Other End User
Software Engineer,Technology End User
QA Engineer,Technology End User
EDUCATOR,Industry LOB - Edu End User
Full Stack Developer,Technology End User
Senior Associate,Other End User
Technical Product Manager,Product Decision Maker
Information Technology Security Engineer,Security End User
Project Manager,Other End User
Product Manager / Sr. Manager,Product Decision Maker
Senior Software Engineer,Technology End User
Technology Specialist,Technology End User
Product Development Manager,Product Decision Maker
Software Engineer,Technology End User
Cloud Engineer,Technology End User
Assistant Manager,Other End User
Junior Assistant,Other End User
Product Promoter,Product End User
Specialist Programmer,Technology End User
Backend Developer/백엔드 개발자,Other End User
Engineer,Technology End User
Systems emgineer,Technology End User
Industrial Automation,Industry LOB - Manufacturing End User
Production Engineer,Product End User
Product Manager,Product Decision Maker
Software Engineer,Technology End User
Associate Professor & Head-It,Information Decision Maker
Head of Product,Product Executive
Associate,Other End User
Network Engineer,Other End User
Lead - Corporate Sustainability-CSR,Other End User
Frontend Developer,Technology End User
Algorithm Engineer,Data End User
DevOps Engineer,Technology End User
Mining Engineer,Technology End User
Senior Data Scientist,Data End User
Lead Developer,Technology End User
Senior Sales Manager,Sales End User
Senior Mining Engineer,Technology End User
Staff Software Engineer,Technology End User
Lead Data Devops Engineer,Data End User
Application Developer,Technology End User
Data Analyst,Data End User
"Senior Director, Brand Marketing",Other Decision Maker
Project Engineer,Technology End User
Program Manager,Other End User
CTO,Technology Executive
Head of CS,Other Decision Maker
Site Manager,Other End User
DTO,Junk/Invalid
Brand Promoter,Marketing End User
Product Manager,Product Decision Maker
Ai Fellow,Data End User
Software Engineer,Technology End User
AI Developer,Data End User
engineer,Technology End User
Senior Cloud Engineer - Infrastructure & Networking,Technology End User
Senior inspector,Other End User
Director,Other Decision Maker
Civil Engineer,Technology End User
Software Engineer Technical Lead,Technology End User
Lead Brand Visualizer,Marketing End User
Bajaj Finserv Health Limited,Junk/Invalid
Tech. Project Manager & Tech. Business Analyst (RPA),Technology End User
Hardware Engineer,Technology End User
Senior Software Developer,Technology End User
Project Engineer,Technology End User
Software Engineer,Technology End User
Full Stack Engineer,Technology End User
Aircraft Engineer,Technology End User
Data Scientist/Consultant,Data End User
Principal Software Engineer,Technology End User
Chief Technology Officer,Technology Executive
Senior Software Engineer,Technology End User
Lending Product Manager/Head of Enterprise Architecture and IT Strategy,Product Executive
Associate Software Engineer / Associate Engineer,Technology End User
Software Developer,Technology End User
Grower Digital Product Manager,Product Decision Maker
Technical Support,Technology End User
Senior Product Manager,Product Decision Maker
Co-Founder,Chief Executive
Python Developer,Technology End User
Founder,Other Decision Maker
Senior Product Manager (Group Health & Beauty),Product Decision Maker
Machine Learning Engineer,Technology End User
Mechanical Design Engineer,Technology End User
Solution Architect,Technology End User
Partner Manager,Sales Decision Maker
Data Engineer,Technology End User
Senior QA Engineer,Operations End User
Senior Data Engineer,Technology End User
Software Engineer,Technology End User
Data engineer / Software Engineer - Azure data engineer,Data End User
System Engineer,Technology End User
Software developer,Technology End User
Software Developer,Technology End User
Project Manager / Operations Manager,Operations End User
Solutions Architect,Technology End User
SDE-I,Technology End User
Senior Software Engineer,Technology End User
Team lead,Other End User
Lead Software Developer,Technology End User
Data Scientist,Data End User
Engineer,Technology End User
Principal Engineer,Technology End User
Data Scientist,Data End User
Quality engineering Analyst,Technology End User
Senior Network Engineer,Information End User
Product Owner,Product End User
Senior AWS Solutions Architect,Technology End User
Back End Developer,Technology End User
Corporate Social Responsibility Consultant,Other End User
Graduate Engineer Trainee  (R & D),Technology End User
UI/UX Designer,Marketing End User
Service Delivery Lead,Product End User
Senior Member of Technical Staff,Technology End User
Senior Software Engineer,Technology End User
Sr. Software engineer,Technology End User
Software Engineer,Technology End User
Back End Engineer,Technology End User
Owner,Other Decision Maker
BPS associate,Other End User
Product Manager,Product Decision Maker
Software Engineer,Technology End User
Web Developer and Data Analytics / Software Engineer,Data End User
Clinical Informatics Director,Industry LOB - Healthcare DM
Project Engineer,Technology End User
Pranata Komputer,Other End User
Butcher,Operations End User
Assistant manager,Other End User
Air Assistant Manager,Information End User
Data Engineer,Technology End User
Software Engineer,Technology End User
Senior Cloud and AI Engineer,Other End User
Data Engineer/EVP,Other Decision Maker
Data scientist,Data End User
Software Engineer,Technology End User
Software Engineer,Technology End User
Lead Data Operations,Data End User
Associate Product Manager,Product Decision Maker
Software Engineer/Application Specialist,Technology End User
.NET Developer,Technology End User
Software Quality Assurance Engineer,Operations End User
Senior Software Engineer Research Development,Technology End User
Inspector,Other End User
Data Engineer,Technology End User
Manager,Other Decision Maker
Machine Learning Research Engineer,Data End User
Product manager,Product End User
Product Manager,Product Decision Maker
Lead Data Engineer,Technology End User
Software Enginner,Technology End User
Product Manager,Product Decision Maker
QC Engineer,Technology End User
DevOps Engineer,Technology End User
Product manager,Product End User
Software Engineer,Technology End User
Engineering lead,Technology End User
Information Technology Team Lead,Information End User
Graduate Engineer Trainee,Technology End User
SDE-2,Other End User
Business development manager,Sales End User
Product Manager,Product Decision Maker
Automation Architect,Technology End User
DevOps Engineer,Technology End User
Senior Software Engineer / Presales Solutions Engineer,Information Executive
10th,Junk/Invalid
Head Of Engineering,Technology Decision Maker
Senior software engineer,Technology End User
Manager Group Commercial Operation,Sales Decision Maker
Data Scientist,Data End User
Associate Project Lead,Technology End User
Senior Software Engineer,Technology End User
Senior Software Engineer,Technology End User
csr,Other End User
Product Manager,Product End User
Undergarduate Student,Other End User
Product Marketing Manager,Product Decision Maker
Senior Software Engineer,Technology End User
Senior Software Developer,Technology End User
Teacher,Industry LOB - Edu End User
Associate Software Engineer,Technology End User
Staff Software Engineer,Technology End User
Frontend Developer,Technology End User
Managed Cloud Product Manager,Product Decision Maker
Architect,Technology End User
Team Leader – 3 Waters Asset Data Management and Analytics,Data Decision Maker
Csr,Other End User
Senior Software Engineer,Technology End User
Operator,Other End User
RO Jagraon,Junk/Invalid
Engineer,Technology End User
Data engineer,Technology End User
Teacher,Industry LOB - Edu End User
System Engineer,Technology End User
Software Developer,Technology End User
Technology Specialist,Technology End User
Deputy Manager,Other End User
Embedded Software Engineer,Technology End User
Principal Architect,Technology End User
Software Developer,Technology End User
Analyst trainee,Technology End User
Software Engineer 1,Technology End User
Assistant Manager,Other End User
Software Product Manager,Product Decision Maker
Jr. frontend developer,Technology End User
Web Developer / IT Consultant,Information End User
Owner,Other Decision Maker
Senior Web Developer,Technology End User
Founder,Other Decision Maker
Software Developer,Technology End User
Senior Developer,Technology End User
Software Developer,Technology End User
Agent,Other End User
Co-Founder,Chief Executive
Senior Software Engineer,Technology End User
Product Manager,Product Decision Maker
Senior Cloud Engineer,Technology End User
Senior Software Engineer,Technology End User
Engineer,Technology End User
DEVELOPER,Technology End User
Owner,Other Decision Maker
ML engineer,Technology End User
Data Engineer,Technology End User
Am (Is),Junk/Invalid
Full Stack Developer,Technology End User
Software Development Manager,Technology Decision Maker
Frontend Web Developer,Technology End User
Delivery & Client Success Manager,Sales Decision Maker
Module lead,Other End User
AVP,Other Decision Maker
SDE ||,Technology End User
Ml engineer,Technology End User
System Engineer II,Technology End User
Lead Engineer for Data Engineering and ML/AI,Other End User
Deputy General Manager,Other Decision Maker
Software Engineer,Technology End User
Senior node js developer,Technology End User
Cloud Engineer,Technology End User
Senior Consultant,Other End User
Data Scientist,Data End User
SDM,Junk/Invalid
Delivery project lead,Technology End User
Product Manager,Product Decision Maker
Chief Technology Officer,Technology Executive
Civil Engineer,Technology End User
Mobile Application Developer,Technology End User
Software Engineer,Technology End User
Specialist Programmer,Technology End User
Associate Principle engineer,Technology End User
I.T.Manager,Information End User
Lead SDK Software Engineer,Technology End User
Data Governance Analyst,Data End User
Ba,Other End User
Ai Ce,Data End User
Principal AI Engineer,Data End User
IT Product Support Engineer,Information End User
Cloud Architect,Other End User
Product Manager,Product End User
Senior Engineer,Technology End User
Lead DevOps Engineer,Technology End User
Finance Head,Finance Decision Maker
Senior Manager,Other End User
IT System Administrator,Information End User
IT Automation Programmer Analyst,Technology End User
Associate Software Engineer,Technology End User
systems engineer,Technology End User
Central Service Acting Supervisor,Operations End User
Associate consultant,Other End User
Junior Infrastructure Engineer,Information End User
Senior Systems Engineer,Technology End User
Senior Associate Consultant,Other End User
Backend Developer,Technology End User
Associate Product Manager,Product Decision Maker
Senior Data Engineer,Technology End User
Senior Software Engineer,Technology End User
Design Lead,Marketing End User
Product Manager,Product Decision Maker
Project manager,Other End User
Project Coordinator / P.M.O (Project Management Office),Other End User
Product Manager,Product Decision Maker
Tech lead,Technology End User
Chief Executive Officer,Chief Executive
Test Analyst,Technology End User
Accounts,Other End User
Engineer,Technology End User
Bpo Business System Analyst,Technology End User
BIM Engineer,Technology End User
SAP ABAP Developer(specialized in SAP FICO Module),Technology End User
Senior Project Engineer,Technology End User
Software Developer,Technology End User
Engineer,Technology End User
Data Scientist Professional,Data End User
Backend Software Engineer,Technology End User
Learning and Development Manager,Technology End User
Full-stack Developer,Technology End User
Senior Associate,Other End User
Programming Analyst Trainee,Technology End User
Technical support specialist,Technology End User
Product Manager,Product Decision Maker
Software Engineer,Technology End User
Senior Lead Software Engineer,Technology End User
Developer,Technology End User
Senior engineer - quality cum project coordinator,Technology End User
Product Head,Product Executive
Data Engineer,Technology End User
Software Engineer,Technology End User
NA,Junk/Invalid
Grade 1 engineer,Technology End User
Quality Engineer,Operations End User
Recruitment Coordinator,HR End User
Developer,Technology End User
Backend Developer,Technology End User
https://sumitjaat.com/,Junk/Invalid
Software Engineer,Technology End User
Engineer Lead And Devops Engineer,Technology End User
Senior Replacement Executive,Other Decision Maker
MarTech Architecture & Automation Lead,Technology End User
Technology Analyst,Technology End User
Global Product Manager,Product Decision Maker
Ai Intern,Data End User
Staff Software Engineer,Technology End User
리테일 미디어 (스마트스토어 광고) 기획 및 운영,Other End User
Software Developer,Technology End User
Data Scientist,Data End User
Product Manager,Product Decision Maker
Draughtsman civil,Other End User
Data Analyst,Data End User
Co-Founder,Other Decision Maker
Software Engineer,Technology End User
Software Engineer,Technology End User
Cluster Manager - Corporate Strategy,Other End User
Security Engineer,Security End User
Operational Technology Team Lead,Operations End User
Product Marketing Manager,Product Decision Maker
Software Engineer,Technology End User
Account Executive,Sales End User
Cybersecurity Engineer,Security End User
L2 Cloud Engineer (Team Leader),Technology End User
Full Stack Web Developer,Technology End User
Java Developer,Technology End User
Brand Manager,Marketing End User
Software Engineer,Technology End User
Product Manager,Product Decision Maker
Delivery Module Lead,Other End User
Field Specialist Lead(Vx MPFM and SWT),Technology End User
Proprietor,Other Decision Maker
Senior Software Engineer,Technology End User
Product Manager,Product Decision Maker
Senior Data Scientist,Data End User
Software Development Engineer,Technology End User
Senior Manager Delivery,Product End User
Sales,Sales End User
IT Field Engineer,Information End User
Software Developer / Software Engineer,Technology End User
Assistante Ceo,Operations End User
Associate Technical support engineer,Technology End User
SRM,Junk/Invalid
Production Engineer,Product End User
Data Engineer,Technology End User
Planning Engineer/ Wide Body Production Engineering Department Head,Operations Executive
Senior Software Engineer/Lead Software Engineer (Manager),Other Decision Maker
Junior Software Engineer,Technology End User
AI Engineer,Technology End User
Software Developer,Technology End User
ARCHITECT,Technology End User
Mobile Developer,Technology End User
"Senior Product Manager, Diversified Business",Product Decision Maker
Product Manager - Treasury Financial Intelligence,Finance Decision Maker
Miscrosoft Developer,Technology End User
Application Developer,Technology End User
Engineer,Technology End User
Owner,Other Decision Maker
Engineer,Technology End User
AI/ML Engineer,Data End User
Operations  and administration manager,Operations End User
Software Engineer,Technology End User
Manager,Other End User
Engineer Manager / Developer,Technology Decision Maker
Software Engineer,Technology End User
Software Engineer/Java Consultant,Other End User
Software Engineer,Technology End User
Senior Software Engineer,Technology End User
DevOps Technical Lead,Technology End User
Enterprise Architect,Technology End User
Technical Specialist,Technology End User
Full Stack Developer,Technology End User
Assistant Manager Finance,Finance End User
Founder / Senior Innovation Specialist,Information Executive
IT Engineer | Technical Trainer,Other End User
Frontend Engineer,Technology End User
Robotics Trainer,Technology End User
DevOps Engineer,Technology End User
Owner,Other Decision Maker
Data Engineer,Technology End User
AI Engineer,Technology End User
Csr,Other End User
Team Lead Computer Hardware Engineer,Technology End User
Design engineer,Other End User
Senior Full Stack Developer,Technology End User
Data Engineer,Technology End User
Business,Other End User
Technology Analyst( 4.1 ),Technology End User
Back End Developer,Technology End User
Head of Sales and Business Development,Sales Decision Maker
Full Stack Engineer,Technology End User
SOMETHING ELSE,Other End User
Senior Analyst,Technology End User
Software Engineer,Technology End User
It consultant,Information End User
Senior Technologist,Technology End User
Senior Full-Stack Software Developer,Technology End User
Ai/Ml Senior Associate,Other End User
Software engineer,Technology End User
Senior Test Engineer,Technology End User
Lead QE,Other End User
"Senior Product Manager, Offer Docs",Product Decision Maker
Senior Data Engineer,Technology End User
Software Developer,Technology End User
Fullstack Engineer,Technology End User
UI UX designer,Marketing End User
Lead Automation Engineer,Technology End User
Data Analyst,Data End User
Software engineer,Technology End User
"Marketing Director, Head of Marketing, APACI",Marketing Decision Maker
Team leader,Other End User
Analyst,Data End User
Project Engineer,Technology End User
Product Manager,Product Decision Maker
Technical Team Lead,Technology End User
Technical Lead Product Development,Product End User
Software Engineer,Technology End User
Iot Engineer / Project Management Lead,Technology Decision Maker
Software Engineer,Technology End User
Data Analyst,Data End User
Associate software engineer,Technology End User
Software Engineer 2,Technology End User
Senior Software Developer,Technology End User
Technical Specialist,Technology End User
Marketing Head,Marketing Decision Maker
Software Engineer,Technology End User
Software Engineer,Technology End User
Senior Machine Learning Engineer,Technology End User
Product Manager,Product Decision Maker
Technical Lead,Technology End User
Lead sdet,Other End User
Research Fellow,Industry LOB - Edu End User
Delivery Manager,Other End User
Software Engineer,Technology End User
Software Engineer - Tech Lead,Technology End User
Software Engineer,Technology End User
Product Manager,Product Decision Maker
Information Technology Analyst,Information End User
Senior Engineer,Technology End User
Full Stack Developer,Technology End User
IT Technician,Information End User
Back End Developer,Technology End User
Senior Product Manager,Product Decision Maker
Sr Qa Consultant,Operations End User
Engineer,Technology End User
Quality & Completion Engineer,Technology End User
Manager (HRSS),HR End User
AI ML engineer,Data End User
Member of Technical Staff,Technology End User
Principal Software Engineer,Technology End User
Engineer,Technology End User
ANIMAL HUSBANDRY ASSISTANT,Other End User
Associate software engineer,Technology End User
Senior Software Engineer,Technology End User
professional physician,Other End User
Associate Director | Product Manager | Cash Management,Product Decision Maker
Etch process engineer,Technology End User
Full-stack Developer,Technology End User
Sales Manager NAT (Gourmet),Sales End User
TL (Technical Leader),Technology End User
Frontend Engineer / App Market Engineering,Other End User
Back End Developer,Technology End User
NET Developer,Technology End User
ERP Support Engineer,Technology End User
Ai Recruiter,Data End User
Data Analysis,Data End User
Software Engineer,Technology End User
Senior Opeartions Associate,Operations End User
Software Engineer,Technology End User
backend developer,Technology End User
Executive Engineer,Technology Executive
Senior Software Engineer,Technology End User
Software Engineer,Technology End User
"Product Manager - AI/ML, Founder's Office",Product Decision Maker
"""Global Senior Manager Ii, Security""",Security End User
Software Developer,Technology End User
Software Engineer,Technology End User
Automation Architect,Technology End User
Technical Program Associate,Information End User
SDE2,Other End User
Senior Software Engineer,Technology End User
Manager,Other End User
Software Development Senior Analyst,Technology End User
Engineer - Cloud And Infra Management,Technology End User
HR service advisor,HR End User
Software QA Engineer,Technology End User
Chartered Accountant,Finance Decision Maker
System Engineer,Technology End User
Project Manager,Other End User
CEO of AI Agent Workforce,Chief Executive
Non-Gadai Product Owner,Product End User
DEVELOPER,Technology End User
"Manager, Engineering & Sustainability",Operations Decision Maker
Engineering And Consulting Director,Technology Decision Maker
Product Marketing Manager,Product Decision Maker
Manager,Other End User
Senior Solutions Engineer,Technology End User
Software Developer,Technology End User
Software Engineer,Technology End User
Data Analyst,Data End User
Lecturer,Industry LOB - Edu End User
Team leader,Other End User
Software Engineer,Technology End User
Founder,Other Decision Maker
Software Engineer / 대리,Technology End User
Machine Learning Engineer,Technology End User
Quality Engineer,Operations End User
SDE - 2,Technology End User
Developer,Technology End User
Software Engineer,Technology End User
Product Manager - Heavy Transport,Product Decision Maker
Software Engineer,Technology End User
"Web Application Developer / Director, Management Information Systems Office",Information Decision Maker
Data Scientist,Data End User
Senior Software Engineer,Technology End User
Lead Software Engineer,Technology End User
Software Engineer,Technology End User
Software Engineer,Technology End User
Software Developer,Technology End User
Game Manager,Industry LOB - Gaming DM
Graduate Engineering Trainee,Technology End User
Founder,Other Decision Maker
Geotechnical Engineer,Technology End User
Head of YouTube Content & Growth,Marketing Decision Maker
Data Scientist-I,Data End User
Product Manager,Product Decision Maker
Head Of Engineering,Technology Executive
Senior programatic analyst,Technology End User
Engineer,Technology End User
"Agency Growth, AI Lead/Manager, Agency Digital",Marketing Decision Maker
Software Developer,Technology End User
Graduate Developer,Technology End User
Business Analyst,Other End User
Video Editor,Technology End User
Software Engineer,Technology End User
Senior Test Engineer,Technology End User
Cloud & System Integration Engineer,Technology End User
Back End Developer,Technology End User
Machine Learning Engineer,Technology End User
Project General Manager,Other Decision Maker
Senior Gen Ai Professional,Technology End User
Module Lead,Other End User
Specialist programmer,Technology End User
Lead Engineer,Technology End User
Technical Team Lead,Technology End User
Junior Software Developerf,Technology End User
Founder/Founder & Director,Other Decision Maker
AUTOMATION ENGINEER,Technology End User
Software Development Manager,Technology Decision Maker
Modern Workplace Developer,Technology End User
Senior Software Engineer,Technology End User
Information Technology Engineer,Information End User
Software Engineer,Technology End User
System and Application Engineer,Technology End User
Product Manager,Product Decision Maker
Cloud Support Engineer,Sales End User
Engineer,Technology End User
Senior Graphic Designer,Marketing End User
"Machine Learning Engineer, Tech Leader",Other End User
Web Developer,Technology End User
Lead Engineer,Technology End User
Engineering Workshop Maintenance Manager /  Facilities and minor projects manager,Operations Decision Maker
Senior Software Engineer Technical Lead,Technology End User
IT Analyst Management Trainee,Information End User
engineer,Technology End User
Trainee Decision Scientist,Data End User
Cloud Engineer,Technology End User
Data Product Manager,Product Decision Maker
System Engineer,Technology End User
Associate Product Manager,Product Decision Maker
GTM consultant,Other End User
Head of Engineering,Technology Executive
BIM Engineer,Technology End User
Data Engineer,Technology End User
Senior Engineer,Technology End User
Senior Full Stack Developer,Technology End User
Software Developer,Technology End User
Lead Software Engineer,Technology End User
Operations Manager,Operations End User
Software Developer,Technology End User
Admin Manager,Other End User
AGM,Other End User
Software Engineer,Technology End User
Product Manager,Product Decision Maker
Application Engineer 2,Technology End User
Technical Account Specialist Cloud Engineer,Technology End User
Blockchain Developer,Security End User
Product Manager (Lead),Product End User
Engineer,Technology End User
Software Engineer,Technology End User
Senior Data Scientist,Data End User
Maintenance Engineer,Operations End User
Autonomous Product Engineer,Product End User
Lead software engineer,Technology End User
Planning Engineer,Operations End User
Product Developer,Product End User
Senior Product Developer,Product End User
Software Engineer,Technology End User
Promoter,Marketing End User
Product Manager,Product Decision Maker
Principal Associate,Other Decision Maker
Full Stack Developer,Technology End User
Senior Ai Engineer,Data End User
Market research associate,Marketing End User
Enginer,Technology End User
AI Engineer,Technology End User
Project Manager,Other End User
Software Engineer,Technology End User
Senior Automation Engineer,Technology End User
Senior Software Developer,Technology End User
Senior Software Engineer,Technology End User
"Senior Product Manager, Crm",Product Decision Maker
Web Developer,Technology End User
Lead engineer,Technology End User
Associate Marketing Manager,Marketing End User
SDE-II,Other End User
Data Science Manager,Data End User
Systems Engineer,Technology End User
Senior Software Engineer - AI (C11),Data End User
Asst. Engineer,Technology End User
Group Product Manager,Product Decision Maker
Software Engineer,Technology End User
Developer,Technology End User
Co-Founder,Chief Executive
Senior Automation Quality Assurance Engineer,Technology End User
Data Analyst,Data End User
Wfm Leader,Operations End User
Owner,Other Decision Maker
Product Manager / Product Director,Product Decision Maker
Product Manager,Product Decision Maker
Head Of Engineering,Technology Executive
Jr accountant,Finance End User
Engineer Trainee,Technology End User
Accounts,Other End User
Technical support,Technology End User
Senior Executive - Global Bid Management,Sales End User
Lead DevOps Engineer,Technology End User
Software Engineer,Technology End User
Service Delivery Manager,Information Decision Maker
Solution Architect,Technology End User
Engineer,Technology End User
System Developer,Technology End User
Product Manager - Customer Loyalty,Product Decision Maker
Full stack engineer / Senior Dotnet Developer,Technology End User
Marketing Analyst,Other End User
API Gateway Engineer,Technology End User
ARCHITECT,Technology End User
Consultant,Other End User
IT Engineer,Information End User
"Tech Lead, Machine Learning Engineer",Data End User
SAP BTP & Information Technology Security Consultant,Security End User
Senior Analytics Manager,Data Decision Maker
Software Engineer,Technology End User
Web Developer,Technology End User
Recent Graduate,Junk/Invalid
AGM,Other End User
Senior Engineer,Technology End User
DATA ANALYST,Data End User
Product Manager,Product End User
Founder,Other Decision Maker
Furnace Engineering Lead,Technology End User
Product Manager,Product End User
Software Tester,Technology End User
Technical Lead,Technology End User
Program Manager,Other End User
Senior QA Engineer,Operations End User
Analyst,Data End User
Backend Developer,Technology End User
Analytics Manager,Data End User
Senior Manager,Other Decision Maker
Buddy counselor/ Graphic Designer,Other End User
Software Developer,Technology End User
iOS Developer,Technology End User
Teacher,Industry LOB - Edu End User
Sre Eng.,Technology End User
Full Stack Developer,Technology End User
intern,Industry LOB - Edu End User
Founder,Other Executive
Information Technology Infrastructure Engineer,Other End User
Technical Lead,Technology End User
Lead Software Engineer,Technology End User
AI/ML Engineering Specialist,Other End User
Product Manager /  Head of Salary Packaging & FBT,Product Decision Maker
Head Of Engineering,Technology Executive
Owner,Other Decision Maker
Sales,Sales End User
Senior Quality Analyst,Operations End User
Associate Director Analytics,Data Decision Maker
LLM full stack developer,Technology End User
Senior Software Engineer,Technology End User
Project Engineer,Technology End User
Senior Software Engineer,Technology End User
Delivery Manager,Other End User
Customer Service Executive,Other Decision Maker
Information Communication Technology Services Team Lead,Information End User
Trainee Transaction processing officer,Other End User
Systems Engineer,Technology End User
Director,Other Decision Maker
Senior sales Manager,Sales End User
Technical Project Lead,Technology End User
Full Stack Engineer,Technology End User
Senior Manager- Data Scientist,Data End User
Branch manager,Other End User
Software Engineer,Technology End User
Category Specialist,Other End User
Education & Skill Development,Industry LOB - Edu End User
Member of technical staff,Technology End User
Project Engineer,Technology End User
Engineering Manager,Technology Decision Maker
Associate,Other End User
Engineer,Technology End User
Engineer,Technology End User
Senior Data Scientist / Software Engineer,Data End User
Software Engineer 2,Technology End User
Trainee,Industry LOB - Edu End User
Manager,Other Decision Maker
Senior DevOps Engineer,Technology End User
Software Developer,Technology End User
Sr Software Engineer,Technology End User
IT Product QC Engineer,Technology End User
Senior Business Intelligence Developer/Lead Data Engineer,Technology End User
Engineer,Technology End User
Senior Associate (GenAI Developer),Technology Decision Maker
Frontend Web Developer,Technology End User
Co-Founder,Other Decision Maker
Senior Software Engineer,Technology End User
Product Manager,Product Decision Maker
Senior Software Engineer,Technology End User
Senior Reputation Analyst,Other End User
Embedded System Engineer,Technology End User
Broca,Junk/Invalid
Software Engineer,Technology End User
Educator,Industry LOB - Edu End User
Project Engineer,Technology End User
Full Stack Developer,Technology End User
System Engineer,Technology End User
Shift incharge,Other End User
Data Engineer,Technology End User
Founder,Other Decision Maker
Back End Developer,Technology End User
Product Manager,Product Decision Maker
Senior System Administrator,Technology End User
Software Engineer,Technology End User
Software Engineer,Technology End User
IT Project Manager,Information End User
Engineer,Technology End User
Associate,Other End User
Lead Security engineer,Other End User
Global Marketing Manager,Marketing Decision Maker
Product Manager,Product Decision Maker
Marketing Director,Marketing Decision Maker
Associate Director | Product Manager | Cash Management,Product Decision Maker
Manual Tester,Other End User
Associate software engineer,Technology End User
Software Engineer/Lead Senior Software Engineer,Technology End User
Senior Site Reliability Engineer,Technology End User
Systems integration Specialist advisor,Technology End User
Senior Associate Technology,Technology End User
Software Engineer AI/ML,Technology End User
Certified Scrum Master and Lead Information Developer,Information End User
Jr Design Engineer,Technology End User
Delivery,Junk/Invalid
Frontend Developer,Technology End User
Software Engineer,Technology End User
Product Manager - Electrical,Product Decision Maker
Auditor Ti Senior Sox,Finance End User
Frontend Developer,Technology End User
Operating lead,Operations End User
php developer,Technology End User
Senior Software Engineer,Technology End User
Corporate Social Responsibility,Other End User
IAM Engineer,Technology End User
Lead Software Engineer Retail Media,Other End User
Blockchain Developer,Security End User
Contractual Data Scientist/Data Science Engineer,Data End User
"Product Manager, Student Experience",Industry LOB - Edu DM
Application Engineer,Technology End User
Principal Product Manager - 3cat.my,Product End User
Intern,Industry LOB - Edu End User
Engineer,Technology End User
Application Head,Technology Decision Maker
DEVELOPER,Technology End User
Product Marketing Manager - Robotics,Product Decision Maker
Technical Lead,Technology End User
Data Science Engineer,Data End User
Senior Technical Product Manager,Product Decision Maker
Technical Program Manager,Technology End User
Backend Developer,Technology End User
Product Manager,Product Decision Maker
Senior Software Engineer,Technology End User
Full stack developer trainee,Technology End User
Lead Software Engineer,Technology End User
MIS EXECUTIVE,Other End User
Assistant Manager,Other Decision Maker
Software Engineer,Technology End User
Software Engineering,Other End User
A.I. Intern,Technology End User
Engineer,Technology End User
Senior Engineer,Technology End User
Product Manager,Product End User
Developer,Technology End User
Lead Business Application Architect,Technology End User
Product Manager,Product Decision Maker
Software Engineer,Technology End User
Senior Software Engineer,Technology End User
Senior Technical Project Manager,Technology End User
Senior analyst,Technology End User
Product Manager,Product Decision Maker
Manager,Other End User
Senior AI Consultant,Data End User
SAP Developer Advocate,Technology End User
Event Manager,Marketing End User
Software Developer,Technology End User
Software Developer,Technology End User
Consultant/Product Support Specialist,Product End User
Head of Quality Assurance Department,Operations Executive
AI engineer,Technology End User
employe,Other End User
Assistant consultant,Other End User
Automation Engineer,Technology End User
Data Analyst,Data End User
Technical Architect Team Lead,Technology End User
AI / Software Developer,Technology End User
Operations Planning Associate( 1.5 ),Operations End User
A Senior Product Support Specialist,Information End User
Engineer,Technology End User
SAP Functional Consultant,Technology End User
I know,Junk/Invalid
Associate Director - Cybersecurity / Associate Director - Data Security & GRC,Security Decision Maker
Greenhouse Floriculture Production Intern,Industry LOB - Edu End User
Python Automation Engineer,Technology End User
XL Axiata,Junk/Invalid
Product Manager,Product Decision Maker
Founder/CEO,Chief Executive
Senior Product Manager,Product Decision Maker
Technical Manager,Technology End User
Backend Developer,Technology End User
ARCHITECT,Technology End User
Java Software Engineer,Technology End User
Software Engineer,Technology End User
Software Engineer,Technology End User
Senior Analyst,Technology End User
SDE / Lead Generation Specialist,Other End User
Software Engineer,Technology End User
DevOps Engineer,Technology End User
Marketing Manager,Marketing End User
Product Manager Ii,Product Decision Maker
Senior Sales Engineer,Sales End User
Associate Engineer - Cybersecurity,Security End User
"Head of SRE & Cloud Infra / Head of Engineering, Digital Platform and Operations",Other Executive
Programmer Analyst Trainee,Technology End User
Team Leader Fit international Ops,Operations End User
Engineer,Technology End User
Product Manager,Product Decision Maker
Game Developer,Technology End User
Business Development Manager,Sales End User
Analyst Access Management,Information End User
Software Engineer - Tech Lead,Technology End User
Associate Software Engineering Lead,Technology End User
Senior Manager Information System and Security,Security End User
Lead Data Scientist,Data End User
Analyst,Data End User
Software Engineer,Technology End User
Data scientist,Data End User
Associate Professor,Industry LOB - Edu End User
DEVELOPER,Technology End User
Product Developer,Product End User
Machine Learning Engineer E3,Technology End User
Affinity - Senior It Consultant,Information End User
Senior Technical Architect,Technology End User
Software Developer,Technology End User
Senior Devops Engineer,Technology End User
Software Developer,Technology End User
Senior Product Manager,Product Decision Maker
Database Administrator,Information End User
Software Engineer,Technology End User
Lead Architect,Technology End User
Full Stack Developer,Technology End User
Software Development Advisor,Technology End User
Engineer,Technology End User
Date entry operator,Operations End User
Test Automation Specialist,Technology End User
Knowledge Management Specialist,Other End User
Sales/CSR,Sales End User
Software Engineer,Technology End User
Senior Solutions Architect,Technology End User
Software Engineer,Technology End User
Full-stack developer,Technology End User
Deputy Manager - Graphic Design,Marketing End User
Software Engineer,Technology End User
Project Associate,Other End User
Test Analyst,Technology End User
Assistant Consultant,Other End User
Software Engineer,Technology End User
Senior Executive Purchase,Operations Decision Maker
Social Worker,Other End User
Principal Engineer,Technology End User
Soc analyst,Security End User
Senior Manager,Other End User
Owner,Other Decision Maker
Analyst,Data End User
Associate Project Manager,Other End User
Cloud Architect,Other End User
Expert Software Engineer,Technology End User
Senior Software Engineer,Technology End User
Scientific Researcher ??Photovoltaic Software Development,Technology End User
Founder,Other Decision Maker
Security Researcher,Security End User
Team lead,Other End User
Executive,Other Executive
Senior Associate | Lead Developer,Technology End User
Unit Head of Unsecured Lending Product,Security Executive
Decision Analytics Associate,Data End User
Completions Engineer,Technology End User
Cofounder And Digital Marketing Expert,Marketing End User
Senior .Net Developer,Technology End User
System Engineer,Technology End User
SAP Global Lead,Other End User
Head Marketing - Women's Health,Marketing Decision Maker
Senior Software Developer,Technology End User
Software engineer,Technology End User
Deputy Manager,Other End User
Post doctoral fellow,Other End User
Associate Software Developer,Technology End User
Data Engineer,Technology End User
Senior Corporate Social Responsibility Executive,Other Decision Maker
Google workspace Team lead,Technology End User
Team Lead- Genesys Cloud CX Architect & Implementation,Technology End User
Stationary Engineer,Technology End User
Frontend Web Developer,Technology End User
Employees,Junk/Invalid
Industrial Trainee,Other End User
Devops Lead,Technology End User
Application Architect,Technology End User
Web Developer,Technology End User
Product Sales Manager,Sales End User
Senior Software Developer (Cyber-Security Engines),Security End User
Lead Sitecore Developer,Technology End User
Bangalore,Junk/Invalid
Product Analyst,Product End User
Manager - People & Culture,HR End User
Software Engineer,Technology End User
Software Engineer,Technology End User
Lead Web Developer,Technology End User
Associate Software Engineer,Technology End User
Software Engineer,Technology End User
"Assistant Manager, Event and Product Development",Product Decision Maker
Software Engineer,Technology End User
Sr. Engineer,Technology End User
Sr. Software Developer,Technology End User
Intermediate Full Stack Developer,Technology End User
Engineer,Technology End User
Senior Engineering Manager - Architect,Other End User
Technical Manager,Technology End User
Resiliency Consultant,Other End User
Analyst,Data End User
Cloud Engineer,Technology End User
Manager CSR,Other End User
Senior Manager,Other End User
Senior Application Consultant,Technology End User
CSR,Other End User
"Deputy General Manager, PSA China Commercial and Hinterland",Sales Decision Maker
Senior Associate,Other End User
Manager,Other End User
Lead Global Responsible Business Program,Other End User
Staff Data Scientist,Data End User
Devops Lead,Technology End User
Senior Software Engineer,Technology End User
Web Software Developer,Technology End User
DevOps Engineer,Technology End User
Senior Content Producer,Marketing End User
Project manager,Other End User
"Team Lead, Product Manager, Senior Architect, Product Owner, Business Analyst | Digital Planning Lab",Product End User
Executive,Other Decision Maker
public relations,Other End User
Senior Consultant - Package Implementation,Other End User
Software Engineer,Technology End User
Senior Engineer,Technology End User
Assistant Manager Credit Cards team,Finance End User
QA Automation,Technology End User
Software Engineer,Technology End User
Backend Developer,Technology End User
System engineer,Technology End User
Software Engineer,Technology End User
Account Manager | App Growth Specialist,Sales Decision Maker
Fullstack Engineer,Technology End User
Computer Science Student,Industry LOB - Edu End User
Sales Marketing Manager,Sales End User
Product Manager,Product Decision Maker
Engineer,Technology End User
Associate Staff Engineer,Technology End User
Full Stack Engineer,Technology End User
Senior Software Engineer,Technology End User
Software Developer,Technology End User
Analyst,Data End User
Engineer,Technology End User
Production Services Specialist,Information End User
Lead Software Engineer,Technology End User
Tech Lead,Technology End User
"""Analista De Bi, Analytics E Mis""",Data End User
Software Engineer,Technology End User
Engineer,Technology End User
Web Developer,Technology End User
Information Technology Infrastructure Engineer,Other End User
Product Manager Lactose & Derivatives,Product Decision Maker
Data analyst,Data End User
Systems Engineer,Technology End User
Product Manager,Product Decision Maker
Product Manager,Product Decision Maker
Software Engineer,Technology End User
Senior Project Engineer,Technology End User
DEVELOPER,Technology End User
Analog Layout Engineer,Technology End User
Software Engineer,Technology End User
PE Wax Technology Manager,Technology Decision Maker
Product Manager,Product Decision Maker
SDE Intern,Technology End User
Accountant,Finance End User
ERP Technical Specialist,Technology End User
Senior Field Application Engineer,Technology End User
Co-Founder & CEO,Other Decision Maker
Senior Software Engineer,Technology End User
Senior Team Lead - Hr,HR End User
Mr,Other End User
Chairperson,Other Decision Maker
Partner / DIRECTOR,Marketing Decision Maker
Senior Software Engineer,Technology End User
Senior system Developer,Technology End User
IT recruiter,HR Decision Maker
Consultant - Data Analytics and Automation,Technology End User
Software Engineer,Technology End User
Project Coordinator,Other End User
Technical lead,Technology End User
Engineer,Technology End User
Senior Software Engineer,Technology End User
SSE,Technology End User
Engineering Manager,Technology Decision Maker
Data Science,Data End User
S/W Developer,Technology End User
Associate Director Compliance,Legal Decision Maker
Assistant manager,Other End User
Software Developer,Technology End User
"Lead Economist (Data Scientist), Marketplace Strategy",Marketing End User
Affinity - Senior It Consultant,Information End User
Production Engineer,Product End User
Full-stack Developer,Technology End User
Generative AI Engineer,Data End User
QA Lead Engineer,Operations End User
Test engineer,Technology End User
Technical Analyst at the Deputy Assistant for Digital Economy Development,Industry LOB - Gov End User
Cloud Engineer,Technology End User
Business System Analyst,Other End User
Software Developer: Threat Intelligence and Anomaly Detection,Other End User
Executive HRBP,HR Decision Maker
Software Engineer,Technology End User
Qualitative Research Analyst,Technology End User
Engineering Lead,Technology End User
Assistant Product Manager,Product Decision Maker
Cz,Junk/Invalid
副處長,Other Decision Maker
Senior Business Development Executive,Sales Decision Maker
Product Manager,Product Decision Maker
Social Media Marketing,Marketing End User
OE,Junk/Invalid
Power BI Technical Team Lead,Technology End User
Founder,Other Decision Maker
marketing,Marketing End User
Engineering Manager,Technology Decision Maker
Marketing manager,Marketing End User
Lead Software Engineer,Technology End User
Mobile Application Developer,Technology End User
SOMETHING ELSE,Other End User
Associate Analyst,Technology End User
NA,Junk/Invalid
Lead software engineer,Technology End User
Associate product director,Product Decision Maker
Engineer,Technology End User
"Product Manager, Supply Chain",Operations Decision Maker
SOMETHING ELSE,Other End User
Google Account,Information End User
Senior Software Engineer Research Development,Technology End User
Product Manager,Product Decision Maker
Information Technology Operations Team Lead,Information End User
Software Engineer,Technology End User
Founder,Other Decision Maker
Data Scientist,Data End User
Vice President - Manufacturing Excellence,Operations Decision Maker
Product Head - Business Banking,Other Decision Maker
AI Engineer,Technology End User
State Coordinator,Other End User
Frontend Engineer,Technology End User
It analyst,Information End User
Associate Software Engineer,Technology End User
Team Lead,Other End User
Senior Privacy Engineer,Security End User
Software Engineer,Technology End User
Admin,Other End User
Senior Data Analyst,Data End User
Junior Software Engineer,Technology End User
Enterprise Technology Consultant,Technology End User
ENGINEER,Technology End User
Technical Team Lead/Software Development Manager,Technology Decision Maker
Product Manager,Product Decision Maker
Mechanical helper,Other End User
"""Professor, Professor Of Computing""",Information Decision Maker
Product Manager,Product End User
Senior director ecommerce operations,Operations Decision Maker
Senior Specialist,Other End User
AI Engineer,Technology End User
Senior Software Engineer,Technology End User
Solution architect,Technology End User
Senior Technical Architect,Technology End User
Senior Manager,Other End User
Frontend Engineer,Technology End User
Senior Data Visualizer,Data End User
Edp executive,Information Decision Maker
SOMETHING ELSE,Other End User
Electrical Engineer,Technology End User
Account receivable trainee,Finance End User
Software Developer,Technology End User
Senior Information Technology Manager,Information Decision Maker
Assistant System Engineer,Technology End User
Lead Data Scientist,Data End User
Associate Software Development Engineer in Test,Technology End User
Senior Full Stack Engineer,Technology End User
Senior Software Engineer,Technology End User
Devops Engineer,Technology End User
System Engineer,Technology End User
Frontend Engineer,Technology End User
Founder,Other Decision Maker
SQL Developer @ bitsCrunch | BE in Computer Science and Engineering,Technology End User
Lead Software Engineer,Technology End User
Agent,Other End User
Test Automation Engineer,Technology End User
Senior Product Managerbusiness Development,Sales Decision Maker
Product Manager,Product Decision Maker
Information Technology Infrastructure Engineer,Other End User
"Engineer/Manager, Performance Marketing",Marketing Decision Maker
Delivery Manager - Telco Optimisation,Technology Decision Maker
Senior Software Developer (Goldman Sachs CW),Technology End User
Co-Founder/ Head of Operations,Operations Decision Maker
Full Stack Engineer,Technology End User
Advanced DFT Engineer,Technology End User
Senior Product Manager,Product Decision Maker
Full-stack Developer,Technology End User
AI Engineer,Technology End User
Engineer,Technology End User
Global people shared services,HR Decision Maker
PM,Other Decision Maker
Graphic Designer,Marketing End User
Software Engineer,Technology End User
Cloud Engineer,Technology End User
Back End Developer,Technology End User
Adjunct Faculty Member,Other End User
Engineer,Technology End User
Software developer,Technology End User
Software Engineer,Technology End User
Senior Product Manager,Product Decision Maker
Associate,Other End User
Frontend Web Developer,Technology End User
Tech Lead,Technology End User
Software Engineer,Technology End User
Specialist Programmer,Technology End User
Atharva edits 97,Junk/Invalid
Backend Developer,Technology End User
Software Engineer,Technology End User
DevOps Engineer,Technology End User
Practice Lead Data Science & Ai,Technology End User
Engineer,Technology End User
Industrial Engineer,Operations End User
Site Reliability Engineer,Technology End User
Senior Software Engineer,Technology End User
Sr. Strategic Data Analyst,Other End User
Manager,Other End User
Analytics Senior Executive,Data Decision Maker
Procurement Manager,Operations End User
Software Engineer - AI Agent,Other End User
Planning Engineer,Operations End User
Deputy Manager,Other End User
Engineer,Technology End User
Product Manager 2,Product Decision Maker
Senior Consultant (Product Manager),Product Decision Maker
Owner,Other Decision Maker
Senior Product Manager,Product Decision Maker
Assistant System Engineer/System Engineer,Information End User
Senior Engineer (Civil),Other End User
ODOO Devloper,Technology End User
Sr. Software Engineer,Technology End User
It,Junk/Invalid
Research analyst,Data End User
Engineer,Technology End User
Machine Learning Engineer,Technology End User
Principal Data Scientist,Other End User
Software Developer,Technology End User
Database Administrator,Information End User
Assistant System Engineer,Technology End User
Auditor,Finance Decision Maker
Managing Director,Other Decision Maker
Backend and AI Specialist,Other End User
Principal Engineer / Principal Engineer,Other End User
Sr. Project Technical Assistant,Other End User
Senior Specialist packaged Implementation,Technology End User
DECLINE,Other End User
Business development executive/ Business Development Manager,Sales End User
Software Development Manager,Technology Decision Maker
Consultant | Intelligent Automation | Workflow Automation,Technology End User
Machine Learning Engineer,Technology End User
Corporate Trainer / Technical Trainer,Technology End User
I am a FullStack Developer specializing in building scalable web applications,Technology End User
DevOps Engineer,Technology End User
Lead Software Developer,Technology End User
Chemical Engineer,Technology End User
Back End Developer,Technology End User
Software Developer,Technology End User
Ai Engineer,Technology End User
Office assistant,Other End User
Lead Android Developer,Technology End User
Customer service officer,Information End User
Safety Associate - Medical Devices Complaints Handing and Vigilance Reporting Specialist,Legal End User
Principal Software Engineer,Technology End User
Software Developer,Technology End User
System Architect / Developer,Technology End User
Software Engineer,Technology End User
AI Engineer,Technology End User
Automation Engineer,Technology End User
Business Information Manager (Ad hoc Consumer Research Projects),Information Decision Maker
IPRAN Marketing Manager / Product Manager,Product Decision Maker
Sales manager,Sales End User
Programmer Analyst Trainee,Technology End User
Software Engineer,Technology End User
Biomedical Engineer,Technology End User
Data Analyst & BI Intern,Data End User
Senior Analyst,Technology End User
Back End Developer,Technology End User
Full-stack Developer,Technology End User
Product Manager,Product Decision Maker
Developer,Technology End User
Qa Engeering Manager,Technology End User
Associate Software Engineer,Technology End User
Ms Team Lead,Information End User
Senior Software Engineer,Technology End User
Data Scientist,Data End User
Chief Technology Officer,Technology Executive
Software Engineer,Technology End User
Software Engineer,Technology End User
Principal Analyst,Technology End User
Senior Software Engineer,Technology End User
Software Engineer,Technology End User
Trainee Decision Scientist,Data End User
소프트웨어 엔지니어,Technology End User
Programmer Analyst Trainee,Technology End User
Software Engineer,Technology End User
Software Engineer,Technology End User
Product Manager,Product Decision Maker
Manager,Other End User
Senior Software Engineer,Technology End User
Product Manager,Product Decision Maker
IT Engineer,Information End User
Chief Information Officer & Delivery Lead,Information Executive
Software Engineer,Technology End User
Software Engineer,Technology End User
GeoAI,Junk/Invalid
Engineer,Technology End User
Digital Marketing Manager,Marketing End User
Analytics Engineer,Technology End User
Patent Associate,Other End User
Principal Software Engineer,Technology End User
Product Manager,Product Decision Maker
책임,Other Decision Maker
Engineer / Technical Director,Technology Decision Maker
Technical Specialist,Technology End User
IT Engineer,Information End User
CEO & Founder,Chief Executive
DEVELOPER,Technology End User
Ai Engineer,Technology End User
IT System Engineer,Information End User
Product Manager - Fulfillment,Product Decision Maker
Engineering Manager,Technology Decision Maker
Managing Director,Other Decision Maker
Machine Learning Analyst,Data End User
Procurement & Finance/Data Entry Operator,Data End User
Senior Supply Chain Planner,Operations End User
Senior Consultant,Other End User
Information Technology,Technology End User
Frontend Developer,Technology End User
Data Engineer,Technology End User
Entrepreneur in Residence,Technology End User
Full dedication,Junk/Invalid
Intern,Industry LOB - Edu End User
Fertilizer,Junk/Invalid
DEVELOPER,Technology End User
Special Project Engineer,Technology End User
Software Developer,Technology End User
Devops Engineer,Technology End User
Founder & CEO,Other Decision Maker
Corporate Social Responsibility,Other End User
Back End Developer,Technology End User
information security officer/Associate Director,Security Executive
Engineering Manager,Technology End User
Senior Data Engineer,Technology End User
Diskominfos,Junk/Invalid
Engineer,Technology End User
System Engineer,Technology End User
Regional Sales Manager,Sales End User
Senior Developer/Analyst,Technology End User
Web Developer,Technology End User
Engineer,Technology End User
Client Executive,Sales Decision Maker
lead Product Manager,Product Decision Maker
Business Analyst,Other End User
Packaged app development associate,Technology End User
Manager,Other End User
Applied AI/ML Engineer,Technology End User
Manager,Other End User
Lead | Corporate Social Responsibility,Other End User
소프트웨어 엔지니어,Technology End User
Associate Software Development Engineer,Technology End User
Product Manager,Product Decision Maker
Full Stack Developer,Technology End User
Senior Director of Product Management,Product Decision Maker
Senior Associate consultant,Other End User
Assistant professor,Industry LOB - Edu End User
Manager,Other End User
Software Developer,Technology End User
Senior Software Development Engineer,Technology End User
Senior Product Manager,Product Decision Maker
Back End Developer,Technology End User
Product Manager / Member Leadership Staff,Product End User
Associate Process Leader,Operations End User
Senior Software Engineer,Technology End User
Artificial Intelligence Engineer,Technology End User
Digital Engineering Sr. Engineer,Technology End User
Technical Test Lead / Technology Analyst,Other End User
CEO,Chief Executive
Engineer,Technology End User
CSR,Other End User
Software Developer,Technology End User
Assistant manager,Other End User
Cloud & Security Engineer,Security End User
NA,Junk/Invalid
Business Owner and Lead Website Developer,Technology Executive
Marketing Manager,Marketing End User
Application Support Developer,Technology End User
Telecom Officer,Information End User
Iot Engineer,Technology End User
Quality & Completion Engineer,Technology End User
GM,Other End User
Software Architect,Technology End User
Principal Software Engineer,Technology End User
Director,Other Decision Maker
Group Product Manager,Product Decision Maker
System Engineer,Technology End User
Senior Software Engineer,Technology End User
Software Engineer,Technology End User
Product Engineer,Other End User
Propriter,Junk/Invalid
Principal Data Scientist,Other End User
Associate Consultant,Other End User
Director of Product Management,Product Decision Maker
Senior Software Engineer,Technology End User
Billing,Junk/Invalid
Logistics,Operations End User
AI Engineer,Technology End User
Owner,Other Decision Maker
Data Engineer,Technology End User
Full Stack Engineer /  Software Architect,Other End User
Principal Software Engineer,Technology End User
Data Analyst,Data End User
Senior Product Manager,Product Decision Maker
Product Manager,Product Decision Maker
Senior Software Engineer,Technology End User
Mistri,Junk/Invalid
Software Engineer,Technology End User
Senior Business Analyst,Data End User
Software Engineer,Technology End User
Information Technology Team Lead,Information End User
Small Medium Enterprises,Junk/Invalid
Software engineer,Technology End User
DEVELOPER,Technology End User
Software Developer,Technology End User
Junior Unity Developer,Technology End User
IT Developer,Information End User
Software Engineer,Technology End User
Data Architect,Data End User
Associate Product Marketing Manager,Marketing End User
System Engineer,Technology End User
Web Developer,Technology End User
Sr. Data Scientist,Data End User
Executive Engineer,Technology Executive
Quality engineer,Operations End User
Jr Software Developer,Technology End User
Manager of Data Engineering,Data Decision Maker
Diploma in Computer Engineering,Technology End User
Senior associate consultant,Other End User
International Webchat Associate,Information End User
Software Engineer,Technology End User
Senior Frontend Developer,Technology End User
Senior Business Operations & Ai Program Analyst,Other End User
Senior Product Manager,Product Decision Maker
Developer,Technology End User
Associate Professor,Industry LOB - Edu End User
Senior Engineer,Technology End User
Senior Manager,Other End User
Senior Software Engineer,Technology End User
SDE,Technology End User
Web Developer,Technology End User
Staff Software Engineer,Technology End User
Product Manager,Product Decision Maker
Data Scientist,Data End User
QA Manager,Other End User
Cloud Engineer,Technology End User
System Engineer,Technology End User
Data Scientist/ Data Engineer,Data End User
Analyst,Data End User
Senior full stack developer,Technology End User
Software Engineer,Technology End User
DBA,Information Decision Maker
Information Technology Programmer,Information End User
Data Engineer,Technology End User
Managing Partner,Other Decision Maker
1Km,Junk/Invalid
Team Leader - Cloud Engineer,Technology End User
Co-founder,Other Decision Maker
DATA ENGINEER,Technology End User
Software Engineer,Technology End User
Lead Engineer,Technology End User
Technical Team Lead Enterprise Network Operations | NOC,Information End User
Development Engineer,Technology End User
Web Developer,Technology End User
Order To Invoice,Operations End User
Sde3 Frontend,Technology End User
Project Engineer,Technology End User
it consultant,Information End User
Software Engineer,Technology End User
It Marketing Intern,Information End User
Content Creator,Marketing End User
Software Engineer 2,Technology End User
Founding Engineer/founding engineer,Technology Decision Maker
Architect,Technology End User
Lead Software (.NET) Developer,Technology End User
Manager,Other End User
Senior Software Engineer,Technology End User
Executive - IT Security,Security Decision Maker
Software Developer,Technology End User
Software Developer,Technology End User
Engineer,Technology End User
"Deputy Manager, Information Technology",Information End User
Head of Engineering Related to Search Terms in Your Query,Technology Executive
Bhopal,Junk/Invalid
Partner,Sales Decision Maker
Principal Product Manager,Product Decision Maker
Senior software engineer,Technology End User
Software Engineer,Technology End User
Procurement & Finance/Data Entry Operator,Data End User
engineer,Technology End User
Software Developer,Technology End User
Nlp Engineer,Technology End User
Digital Lending Product Manager,Finance Decision Maker
Java developer,Technology End User
Associate,Other End User
Senior Software Engineer,Technology End User
Assistant / Clerk,Other End User
Junior Cloud Engineer,Technology End User
Senior Product Manager,Product Decision Maker
Principal Data Scientist,Other End User
Back End Developer,Technology End User
Project Manager,Other End User
Full Stack Developer,Technology End User
Associate Software Engineer,Technology End User
Assistant Manager,Other End User
QA Engineer,Technology End User
Lead Sdet,Other End User
Product Manager,Product Decision Maker
Educational Developer,Technology End User
Team lead,Other End User
Product Analyst,Product End User
Technical Expert,Technology End User
DevOps Engineer,Technology End User
Employee,Technology End User
Mechanical Engineer,Technology End User
Senior salesforce developer,Technology End User
CSR,Other End User
Software Developer I - Frontend,Technology End User
Development Team Lead (Promoted in February 2024),Technology End User
Product Marketing Manager,Product Decision Maker
Software Developer,Technology End User
Senior Software engineer,Technology End User
Developer Website/Project Manager,Technology Decision Maker
Senior Product Manager,Product Decision Maker
Software Engineer,Technology End User
Engineer,Technology End User
Software Engineer,Technology End User
Product Owner,Product End User
ML data associate,Data End User
Chief Technology Officer - Low Code Automation Business Unit,Technology Executive
Back End Developer,Technology End User
Engineering Tech Lead,Technology End User
Principal Software Engineer,Technology End User
Lead Product Manager,Product Decision Maker
Frontend Developer,Technology End User
Senior Field Support Engineer,Technology End User
Engineer,Technology End User
Jr. SEO Executive,Sales End User
Software Engineer,Technology End User
Business Analyst,Other End User
Assistant Manager -Talent Acquisition Global People & Culture,HR End User
Senior Manager Data Science,Data End User
Product Manager,Product End User
Marketing Analyst,Other End User
Process Engineer,Technology End User
Software Engineer I,Technology End User
Head of Product | Global Sales Division,Other Executive
Software Engineer,Technology End User
Ai Engineer,Technology End User
Digital media head/Creative Director & Digital Media Lead,Other Decision Maker
Senior Associate Quality Engineer,Technology End User
Senior Development Engineer,Technology End User
Graduate Engineer Trainee,Technology End User
Product Manager,Product Decision Maker
Hardware Engineer,Technology End User
Software Engineer,Technology End User
Senior DevOps Engineer,Technology End User
Product Manager,Product Decision Maker
Deputy Manager Band 2 / RETAIL AND NRI BANKING,Industry LOB - Retail DM
Analyst (B1),Data End User
Junior Site Reliability Engineering,Technology End User
Gen AI,Data End User
SCCM Admin,Information End User
Technical Support Engineer,Technology End User
DEVELOPER,Technology End User
Engineer,Technology End User
Member of Technical Staff,Technology End User
Product Manager,Product Decision Maker
Ai Project Associate,Technology End User
Senior Engineering Lead,Technology End User
Lead Data Scientist,Data End User
Lawyer,Legal End User
JR CCM ENGINEER,Technology End User
Software Engineer,Technology End User
Deputy Manager,Other End User
Software Engineer,Technology End User
Senior Software Developer,Technology End User
Senior Blockchain Developer,Security End User
Full Stack Engineer,Technology End User
Assistant System Engineer,Technology End User
Product Manager,Product End User
Owner,Other Decision Maker
Creative Content Head,Marketing Decision Maker
Head Corporate Social Responsibility,Other Decision Maker
Student of Masters,Other End User
csr,Other End User
Product Manager,Product Decision Maker
Senior Backend Engineer,Technology End User
Senior Software Developer,Technology End User
Product Manager,Product Decision Maker
Senior Software Engineer,Technology End User
Principal Engineer,Technology End User
Director,Other Decision Maker
Devops Engineer,Technology End User
Product Manager,Product Decision Maker
Software developer,Technology End User
Revenue Analyst,Data End User
Senior Marketing Manager,Marketing End User
Data analyst,Data End User
"Azure, Cloud Engineer",Technology End User
Analyst,Data End User
Product Manager,Product Decision Maker
Full Stack Developer,Technology End User
System Analyst,Technology End User
Frontend Developer,Technology End User
"Portfolio Manager & Product Owner, M&C Digital Yield Management, Data CoE Innovation Product",Data End User
Product Owner,Product End User
Software Engineer,Technology End User
IT Technician,Information End User
Product Manager,Product End User
Software Developer,Technology End User
Team Leader - Strategic Initiatives,Other End User
Software Developer,Technology End User
Software Developer,Technology End User
Business Improvement Manager,Operations Decision Maker
Assistant Manager CSR,Other End User
Event Manager,Marketing End User
Founding security engineer,Technology Decision Maker
Associate Software Engineer,Technology End User
Software Engineer,Technology End User
Senior Team Lead,Technology End User
Software Engineer,Technology End User
Senior iOS Developer,Technology End User
Software Engineer,Technology End User
Founder,Other Executive
Engineer,Technology End User
Software Engineer,Technology End User
Platforms Engineer,Technology End User
PRODUCT MANAGER,Product End User
Software Engineer,Technology End User
Software Engineer,Technology End User
Lead Solutions Engineer,Technology End User
Software engineer,Technology End User
Information Communication Technology Engineer,Information End User
System Engineer,Technology End User
Analsyt,Other End User
Associate Lead Software Developer,Technology End User
Back End Developer,Technology End User
Backend Developer,Technology End User
Lead consultant - Data science,Data End User
Data Science Trainee,Data End User
Software Engineer,Technology End User
Software Developer,Technology End User
Software Engineer,Technology End User
Lead Product Manager,Product Decision Maker
Software Engineer & Product Manager,Product Decision Maker
Data analyst,Data End User
System Engineer,Technology End User
Government Relations Manager,Other Decision Maker
Senior Software Developer,Technology End User
Product Manager,Product Decision Maker
Marketing Manager,Marketing End User
Project Engineer,Technology End User
Engineer,Technology End User
Senior Manager,Other End User
Network Engineer,Other End User
Software Engineer,Technology End User
Product Manager,Product Decision Maker
Corporate Social Responsibility Manager,Other End User
Software Engineer/Solutions Architect,Technology End User
Facilities & Engineering Lead (Mission-Critical Infrastructure),Information End User
Software engineer,Technology End User
SDE II,Other End User
Technical Lead,Technology End User
Proprietor,Other Decision Maker
Manager,Other End User
Senior Software Engineer,Technology End User
Director of product,Product Decision Maker
ERP Consultant,Other End User
Associate consultant,Other End User
Principal Software Engineer,Technology End User
Ceo,Chief Executive
DATA ENGINEER,Technology End User
Tech support,Technology End User
Software Engineer,Technology End User
Pharmacy,Industry LOB - Healthcare End User
Senior consultant/QA Automation Specialist,Technology End User
Manager,Other End User
Software Engineer,Technology End User
SDET,Other End User
Member of Technical Staff (L4),Technology End User
Project Engineer of CN235-220M Multi-Purpose Transport for Indonesian Army,Other End User
AI Engineer,Technology End User
Senior Software Engineer,Technology End User
Technical Project Manager,Technology End User
Software Engineer,Technology End User
Back End Developer,Technology End User
--,Other End User
Software Engineer,Technology End User
DECLINE,Other End User
Manager,Other End User
Associate,Other End User
Servicenow developee,Technology End User
CSA,Other End User
Human Resources Executive,HR Executive
Trip advisor,Other End User
Engineering Team Lead,Technology End User
Production Engineer,Product End User
SDE 3,Other End User
"Team Lead, AVP, Digital Product Manager",Product Executive
Lead AI Software Engineer,Technology End User
Batch manager,Other End User
Data Engineering & Analytics Manager,Data End User
Cloud Engineer,Technology End User
Lead Data Scientist,Data End User
Engineer,Technology End User
Protection Engineer,Technology End User
Ai/ML Engineer,Data End User
Senior Graphic Designer,Marketing End User
Infrastructure and Cloud Platform Engineer,Technology End User
Software Developer,Technology End User
Associate Product Marketing Manager,Marketing End User
Senior Lead Infrastructure Engineer,Information End User
Manager,Other End User
Software Developer,Technology End User
Associate System Engineer,Technology End User
Software Developer,Technology End User
Credit Manager,Finance End User
Data Scientist,Data End User
Cyber Security Engineer,Security End User
Strategic Sourcing Management Traine,Operations End User
SE 2,Other End User
Lead Assistant Manager - Software Engineer - Product Development,Technology End User
Product Manager,Product Decision Maker
Senior Product Manager,Product End User
Software Developer,Technology End User
Founder,Other Decision Maker
Engineering Manager,Technology Decision Maker
Data Scientist,Data End User
Engineer,Technology End User
Senior analyst,Technology End User
"IVR Quality Assurance Manager | Telecom Digital Transformation, NA & LATAM Regions",Other End User
Frontend Engineer,Technology End User
Back End Developer,Technology End User
Senior Software Engineer,Technology End User
Project Manager Scrum Master,Product End User
Web Development,Technology End User
Advocate,Other End User
Business Analyst,Other End User
Aegislab,Junk/Invalid
Lead Data and Analytics Developer,Technology End User
flutter,Other End User
Frontend Developer,Technology End User
Product Manager,Product Decision Maker
Addl Vice President It,Information Decision Maker
Chief Technology Officer,Technology Executive
Analyst,Data End User
MACHINE LEARNING ENGINEER,Technology End User
Marketing Manager,Marketing End User
Account Manager,Sales Decision Maker
Service desk analyst // PMO,Information End User
Service desk analyst // PMO,Information End User
Software Development Engineer,Technology End User
Product Manager,Product End User
It Manager,Information End User
Senior Software Engineer,Technology End User
Senior Analyst QEA,Other End User
Business Intelligence Engineer,Data End User
Software Engineer,Technology End User
Engineer,Technology End User
Team Leader,Other End User
System Engineer,Technology End User
Engineer,Technology End User
UI/UX Designer,Marketing End User
Executive Trainer,Other Decision Maker
AI Engineer,Technology End User
Product Manager,Product Decision Maker
Management Trainee,Other End User
Sr Manager,Other End User
Full stack developer,Technology End User
Implementation Engineer,Technology End User
Mobile Application Developer,Technology End User
Product Manager,Product Decision Maker
Product Managment Fellow,Product End User
Lead experience designer,Marketing End User
CSR / Senior Process Executive,Other End User
General Affairs Administrator,Information Decision Maker
Associate Consultant,Other End User
Management Consultant,Other End User
Process Engineer,Technology End User
Software Developer,Technology End User
Product Manager,Product Decision Maker
Physics lecturer,Other End User
Senior Product Manager,Product Decision Maker
Software Engineer,Technology End User
Senior Manager/ Assistant Manager,Other End User
Architect,Technology End User
Business analyst intern,Other End User
Software Engineer (Project Manager),Technology Decision Maker
CEO,Chief Executive
Senior account manager,Sales End User
Senior Software Engineer,Technology End User
Senior Backend Developer,Technology End User
Associate Software Engineer,Technology End User
Senior software engineer,Technology End User
Software Engineer,Technology End User
Data Engineer,Technology End User
프로,Other End User
Engineer,Technology End User
Speech Data Scientist And Manager,Data Decision Maker
SDE 2,Other End User
Specialist,Other End User
Engineer,Technology End User
Product Manager,Product Decision Maker
Analyst,Data End User
Business Development Manager,Sales End User
Data Analytics Apprentice,Data End User
Senior 3D Software Engineer,Technology End User
Associate Developer,Technology End User
Tech Consultant,Technology End User
Frontend Developer,Technology End User
Learning and development,Technology End User
Quality Engineer,Operations End User
Assistant Manager,Other End User
Product Manager  - Payments & Rewards,Product Decision Maker
Founder,Other Decision Maker
Product Manager,Product Decision Maker
Sr Analyst,Technology End User
Senior Executive Equity Advisor,Finance End User
Game Developer,Technology End User
Electrical Engineer,Technology End User
Senior software engineer,Technology End User
Software Engineer,Technology End User
Engagement Manager,Other Decision Maker
Senior Product Manager,Product Decision Maker
Associate,Other End User
"Assistant Manager, Product Development",Product Decision Maker
Software developer,Technology End User
Associate,Other End User
"Senior Manager, Strategic Partnerships",Other End User
Mobile Application Developer,Technology End User
Frontend Developer,Technology End User
tecplix technologies pvt. ltd.,Junk/Invalid
DEVELOPER,Technology End User
Bachelor Of Engineering - Be,Technology End User
UI/UX Designer & Developer,Marketing End User
Senior Technology Specialist,Technology End User
Software Developer,Technology End User
Digital Product Owner / Product Manager - Snr,Product End User
CEO / Ph.D,Chief Executive
Solution Architect,Technology End User
Senior Machine Learning Engineer,Technology End User
Retail Salesperson,Industry LOB - Retail End User
Senior Azure DevOps Engineer,Technology End User
Data Research Analyst,Data End User
Software Engineer,Technology End User
Public Relations Executive,Marketing Decision Maker
BI Consultant,Data End User
Data scientist,Data End User
Overseer,Other End User
Product manager (AI & E-commerce),Product Decision Maker
System Engineer,Technology End User
Developer Intern,Technology End User
Academy Manager,Other End User
Product Manager,Product Decision Maker
Software Engineer,Technology End User
Python Developer,Technology End User
Product Manager - Dynamic Creative,Product Decision Maker
Lead engineer,Technology End User
Senior manager,Other End User
General Manager,Other End User
Product Operation Specialist,Product End User
Jahgehosgj,Junk/Invalid
AI Engineer,Technology End User
Developer,Technology End User
Machine learning engineer,Technology End User
Web developer,Technology End User
Research Engineer/Software Researcher & Flutter Frontend Developer,Technology End User
AVP,Other Decision Maker
Application Developer,Technology End User
HR,HR End User
Executive Director,Other Decision Maker
Senior Manager,Other End User
Product Manager - Websites,Product Decision Maker
Engineer,Technology End User
Customer Executive,Other Decision Maker
Full Stack Developer,Technology End User
Sr. Software Engineer,Technology End User
Senior Executive - Sales Service Excellence (Delivery Team),Sales Decision Maker
Software Developer Engineer,Technology End User
Stock Market Analysis,Other End User
Data Analyst,Data End User
Project Engineer,Technology End User
Sr. iOS Application Developer,Technology End User
PRODUCT MANAGER/Deputy Chief Manager - Innovation,Other End User
Coordinator/ Teacher,Other End User
Manager - Sports & Experiential Marketing,Marketing End User
Software Engineer III,Technology End User
Principal Software Development Engineer,Technology End User
Support Engineer Ii,Information End User
Senior Associate It Ops Services,Information Decision Maker
Software Engineer,Technology End User
Finance Specialist,Finance End User
AI Intern,Data End User
Co founder,Other Decision Maker
Senior Software Engineer (DevOps / Observability),Technology End User
System engineer,Technology End User
Manager,Other End User
Software Engineer,Technology End User
Manager,Other End User
Car transport,Junk/Invalid
Business process lead,Operations End User
Senior Software Engineer,Technology End User
Data associate,Data End User
PRODUCT MANAGER,Product End User
Senior Transmission Engineer,Technology End User
Data Engineer,Technology End User
DevOps Engineer,Technology End User
Software Engineer,Technology End User
IT Architecture Assistant Manager,Information End User
Founder,Other Decision Maker
EAM Product Manager,Product Decision Maker
브랜드 Lab Agent 파트  | 책임,Other End User
Engineering Manager - Operations,Operations Decision Maker
AI Engineer,Technology End User
Marketing Director,Marketing Decision Maker
Product Manager,Product Decision Maker
IT Team Lead,Information End User
Fullstack Engineer,Technology End User
System Engineer / Developer,Technology End User
Couchbase DBA at TCS,Technology End User
Engineer - Cloud And Infra Management,Technology End User
Delivery Director,Other Decision Maker
Product Manager,Product Decision Maker
Senior Software engineer,Technology End User
Associate product manager,Product End User
Senior Process Executive - GWS Billing and EGB,Finance End User
HR Manager,HR End User
Senior Engineer,Technology End User
Senior Product Manager,Product Decision Maker
Team Lead Meat Operations (Fresh),Operations End User
Senior product manager,Product Decision Maker
Technical support Engineer,Technology End User
Consultant,Other End User
Sr. Engineer,Technology End User
Data Science Intern,Data End User
Contributor,Other End User
Manager,Other End User
Lead Software Engineer,Technology End User
"Product Manager, Healthcare Identifiers",Industry LOB - Healthcare DM
Senior Lead Software Engineer,Technology End User
Supervisor,Other End User
Project Manager,Other End User
Software Developer,Technology End User
Software developer,Technology End User
Pipeline Engineer,Other End User
Founder,Other Decision Maker
"Senior Product Manager (FX, Payments)",Product Decision Maker
Senior Product Manager,Product Decision Maker
Site reliability engineer,Technology End User
Data Scientist,Data End User
Devops Engineer,Technology End User
System engineer,Technology End User
Big Data Engineer,Data End User
Senior Software Developer,Technology End User
Frontend Engineer,Technology End User
Senior,Other End User
Software engineer,Technology End User
Data Scientist,Data End User
Software Development Engineer,Technology End User
Ai Contract Engineer,Data End User
Sr Manager,Other End User
Software Development Engineer,Technology End User
Frontend Engineer,Technology End User
Frontend Web Developer,Technology End User
Lead software engineer,Technology End User
Product Manager,Product Decision Maker
Engr/Faculty,Industry LOB - Edu End User
Teacher,Industry LOB - Edu End User
Project Manager,Other End User
Software Developer,Technology End User
Software Engineer,Technology End User
Associate Trans processing,Other End User
Associate Data Engineer,Technology End User
Software engineer,Technology End User
Frontend Developer,Technology End User
Innovation Engineer,Technology End User
Devops Engineer,Technology End User
Software Engineer,Technology End User
Software Developer Engineer 2,Technology End User
"Software Engineer, Director",Technology Decision Maker
Bank BTPN Jenius - React Native Developer,Technology End User
Csr,Other End User
Accountant,Finance End User
Junior Developer,Technology End User
Propritor / Owner,Other Decision Maker
Associate - Projects,Other End User
Software Developer/ React Expert,Technology End User
Software Developer,Technology End User
Performance Marketing Specialista,Marketing Decision Maker
Proprietor,Other Decision Maker
Junior Project Engineer,Technology End User
Aws Devops Engineer,Technology End User
Software Engineer,Technology End User
Senior Cloud Engineer,Technology End User
General Manager Business Development & Product | Product Owner,Other Decision Maker
AI/ML Engineer,Data End User
Campus Ambassador,Other End User
Marketing Manager / Product Owner - Value /  Marketing Manager / Product Owner - Value & Category,Marketing Decision Maker
Senior Software Engineer,Technology End User
Lead Technology,Technology End User
manager,Other End User
Engineer,Technology End User
Assistant manager operations,Operations End User
Senior software engineer,Technology End User
Software Engineer,Technology End User
Engineer,Technology End User
Associate,Other End User
Senior Digital Business Operations Manager,Operations End User
Data / Software Engineer,Data End User
Senior Credit Risk Analyst,Data End User
Senior Engineering Executive,Technology Executive
Founder,Other Executive
Jr Ai engineer,Data End User
Associate Software Engineer,Technology End User
Business Analyst Team Lead,Data End User
Mobile Developer,Technology End User
Data Scientist,Data End User
Software Engineer,Technology End User
Associate Software Engineer,Technology End User
Frontend Engineer,Technology End User
Software Engineer,Technology End User
Only money,Junk/Invalid
Technical Manager,Technology End User
Product Manager,Product Decision Maker
Engineering Technician,Technology End User
Frontend Developer,Technology End User
Deputy Vice President,Other Decision Maker
Senior Software Engineer,Technology End User
Sap Advanced Business Application Programming Developer,Technology End User
"Manager- Business Development- South Asia, Southeast Asia",Other End User
Software Engineer,Technology End User
Data Scientist,Data End User
Systems Engineer,Technology End User
Senior Full Stack Engineer | AI Agent Architect,Technology End User
Software Engineer Supervisor,Technology End User
Electrical Engineer,Technology End User
Education Development,Technology End User
Microservices Engineer (Frontend),Technology End User
Software Engineer,Technology End User
Modern Workplace Developer,Technology End User
Software Engineer,Technology End User
Trainee Decision Scientist,Data End User
Senior Program Manager,Product End User
Blockchain Developer,Security End User
Advisor,Other End User
Senior Software Engineer,Technology End User
Python and AI Trainer,Technology End User
Gandhi fellow,Other End User
Accounts payable analyst,Other End User
India Delivery Head K12 CSR School Programs,Other Decision Maker
Product Manager,Product Decision Maker
Senior Software Engineer,Technology End User
Software Engineer III,Technology End User
SDE 3,Other End User
Software Engineer,Technology End User
Frontend developer,Technology End User
Sr. IT Developer,Information End User
Software Engineer,Technology End User
Software Development Engineer,Technology End User
Engineer,Technology End User
Machine Learning Engineer,Technology End User
Senior Software Engineer,Technology End User
Us recruiter,HR End User
Project manager,Other End User
MCB SPOC & DTP,Junk/Invalid
Senior Backend Developer,Technology End User
Senior Procurement Manager,Finance End User
"Program Head, Analytics at eClerx Services Limited",Data Decision Maker
Business Systems Analysis Analyst,Information End User
Assistant Systems Engineer,Technology End User
Assistant Manager,Other End User
Process Engineer,Technology End User
Software Engineer,Technology End User
總經理,Chief Executive
Systems Engineer,Technology End User
CSR,Other End User
Manager - Customer Care & Product,Product Decision Maker
Full Stack SDE,Technology End User
DATA SCIENTIST,Data End User
Senior Manager Agri Business,Operations End User
Software Engineer,Technology End User
Data Scientist,Data End User
I&C Engineer,Technology End User
Frontend Engineer,Technology End User
Technical Staff,Information End User
Senior Software Developer,Technology End User
Assistant Vice President,Other Decision Maker
Sr. Technical Specialist,Technology End User
Statutory Engineer,Other End User
Software Engineer,Technology End User
Associate,Other End User
Team Lead,Other End User
Software Engineer,Technology End User
Data Engineer,Technology End User
DEVELOPER,Technology End User
Head Of It/Head Of Information Technology & Marketing,Information Decision Maker
System Engineer ( 1 ),Information End User
Data Engineer,Technology End User
Process Risk Analyst,Finance End User
Frontend Developer,Technology End User
Product & Research Support Manager,Product Decision Maker
Frontend Engineer,Technology End User
Senior developer/Senior Full Stack Engineer,Other End User
DevOps Engineer,Technology End User
Deskside Engineer,Technology End User
Senior Assistant Engineer,Technology End User
Event coordinator,Marketing End User
Full-Stack Developer,Technology End User
Field Marketing Manager,Marketing End User
Head of Marketing,Marketing Decision Maker
Product Manager,Product Decision Maker
Data Engineer,Technology End User
Product Manager,Product Decision Maker
Senior Software Engineer,Technology End User
Medical Representative,Other End User
Software Engineer,Technology End User
Backend Developer AI/Middle Officer,Other End User
Engineer,Technology End User
Intern,Industry LOB - Edu End User
Senior Software Developer,Technology End User
Senior Software Engineer,Technology End User
Senior Software Engineer,Technology End User
SENIOR TECHNICAL ARCHITECT,Technology End User
Technology Analyst,Technology End User
Member of Technical Staff (Devops & Cloud),Technology End User
Chief Energy Strategist,Technology Executive
Manager - Strategic Consulting,Other End User
Graduate Engineering Trainee Business,Technology End User
Manager,Other End User
Talent Acquisition Specialist,HR End User
Junior Java Developer,Technology End User
Cto Office Coordinator,Technology End User
Senior Data Analyst,Data End User
Ml Engineer/Al/Ml Engineer,Technology End User
consultant,Other End User
Frontend Developer,Technology End User
Full Stack Dev,Technology End User
Accountant,Finance End User
Product Manager,Product Decision Maker
Product Manager,Product Decision Maker
Marketing,Marketing End User
Full Stack Developer,Technology End User
UI Designer,Marketing End User
Software Engineer,Technology End User
임베디드 엔지니어 / 하드웨어팀 팀장,Other End User
Ase (Ml),Data End User
Software Engineer,Technology End User
Back End Developer,Technology End User
AI/ML Engineer,Data End User
Senior Software Engineer,Technology End User
Director - Analyst Relations | Market Development | Strategy Office,Data End User
Office maintenance,Operations End User
It analyst,Information End User
DevOps Specialist,Technology End User
Growth and Audiences Producer,Marketing End User
Devops Engineer,Technology End User
Assistant Professor - Computer Engineering,Technology End User
Service advisor,Information End User
Manager- Corporate Social Responsibility,Other End User
Front-end Developer,Technology End User
Customer Support,Information End User
Linux System Administrator,Information End User
Senior Software Engineer,Technology End User
Product Manager,Product Decision Maker
Associate Software Engineer,Technology End User
Participant of #JuaraGCP Season 12,Other End User
software dveloper,Technology End User
"Product Manager, Offender Digital Services",Product Decision Maker
Integrations Engineer/Analyst,Data End User
CSR,Other End User
Software Developer,Technology End User
DEVOPS ENGINEER,Technology End User
Senior Technical Consultant,Technology End User
Graduate Engineer Trainee,Technology End User
Decision Analytics Associate,Data End User
CMO / Co-Founder,Marketing Executive
Lead Developer,Technology End User
Developer,Technology End User
AI Engineer,Technology End User
Lead Data Scientist,Data End User
Assistant manager,Other End User
Software engineer / Web Developer,Technology End User
Ai Engineer Search Ai Team,Technology End User
Strategy and Alignment Lead,Other End User
Full Stack Software Engineer,Technology End User
Marketing Communications Lead,Marketing End User
Associate Software Engineer,Technology End User
Management consulting manager,Other End User
Manager,Other End User
Software Engineer,Technology End User
Principal Engineer - Ios Platform,Technology End User
Senior Product Manager,Product Decision Maker
Founder,Other Decision Maker
Core Developer,Technology End User
Information Technology Infrastructure Engineer,Other End User
Senior Software Engineer,Technology End User
Software Configuration,Technology End User
AI Engineer,Technology End User
DATA ANALYST,Data End User
Director,Other Decision Maker
Analyst II Software Engineer,Technology End User
Backend Enginer,Technology End User
BDM,Junk/Invalid
Senior Analyst II,Technology End User
Senior Software Developer,Technology End User
Software Engineer (R&D),Technology End User
Proprietor,Other Decision Maker
Senior Product Manager,Product End User
Senior Engineer,Technology End User
Software Engineer,Technology End User
Ai Fresher,Technology End User
Senior Software Engineer,Technology End User
Director of Internal Quality Assurance Directorate,Other Decision Maker
Consultant,Other End User
Analyst I Software Engineering,Technology End User
Branch Sales Manager,Other End User
Group Head,Other Decision Maker
Cofounder And Digital Marketing Expert,Marketing End User
AI Engineer,Technology End User
Frontend Developer,Technology End User
Project Engineer,Technology End User
Channel head,Other Decision Maker
Product Manager,Product End User
Team Leader,Other End User
Senior Client Partner,Sales Decision Maker
Software developer,Technology End User
Employability Skills instructor,Other End User
Senior Software Engineer,Technology End User
project manager,Other End User
Business Technology Solutions Associate,Technology End User
Assistant Manager Marketing,Marketing End User
Product Implementation,Product End User
Software Engineer,Technology End User
Fullstack Engineer,Technology End User
Frontend Engineer,Technology End User
Senior Software Engineer,Technology End User
Member Technical Staff,Technology End User
Senior Machine Learning Engineer,Technology End User
Product Manager,Product Decision Maker
It Governance,Information End User
IAM Engineer,Technology End User
Application Engineer,Technology End User
Treding,Junk/Invalid
Engineer-Delivery,Other End User
Systems Engineer,Technology End User
Software Engineer,Technology End User
Lead Software Engineer,Technology End User
Software Engineer,Technology End User
Mobile Application Developer,Technology End User
Chief Technology Officer,Technology Executive
NA,Junk/Invalid
Head of Architecture and AI,Technology Executive
ARCHITECT,Technology End User
Senior Frontend Developer,Technology End User
Senior Engineering Manager,Technology End User
Noida,Junk/Invalid
Trainee,Industry LOB - Edu End User
Business development executive,Sales Decision Maker
Global Training Technical Lead,Technology End User
MACHINE LEARNING ENGINEER,Technology End User
Software Development Senior Analyst,Technology End User
Customer Solutions Architect,Technology End User
Scholar,Other End User
Product Manager,Product Decision Maker
Product Engineer L2,Product End User
Android Developer,Technology End User
Applied AI Researcher,Data End User
Software Engineer/Student,Industry LOB - Edu End User
Technical Lead,Technology End User
Full Stack Engineer,Technology End User
Digital marketing Advisor,Marketing End User
DECLINE,Other End User
System Engineer,Technology End User
Data Engineer (Business and Private Banking Division),Technology End User
Assistant Product Manager | Hard Yakka,Product Decision Maker
Proprietor,Other Decision Maker
Software Engineer,Technology End User
SDE ||,Technology End User
Senior Software engineer,Technology End User
Senior Product Manager,Product End User
SMA -Product manager,Product Decision Maker
Senior AI Architect (Platforms & Innovation) - CTO,Technology Executive
Data Engineer,Technology End User
Senior Product Manager,Product Decision Maker
Sr. Representative Executive,Other End User
Corporate Social Responsibility,Other End User
Full-stack Developer,Technology End User
Mobile Developer,Technology End User
React JS Developer,Technology End User
Proprietor,Other Decision Maker
AVP product and Alliance,Product Decision Maker
Data Scientist,Data End User
Business Development Manager,Sales End User
Software Engineer,Technology End User
Senior Systems Analyst / Senior Software Engineer,Technology End User
Senior Mobility Engineer,Technology End User
Software Development Engineer II,Technology End User
Hybrid Cloud Engineer,Technology End User
Group Brand Manager,Marketing End User
Software engineer,Technology End User
Digital Lending Product Manager,Finance Decision Maker
Enterprise Solutions Engineer,Technology End User
Product Growth Manager,Product Decision Maker
Lead Software Engineer,Technology End User
Network Engineer,Other End User
Sales Engineer,Sales End User
Product Manager - New Zealand Traveller Declaration,Product Decision Maker
Full Stack Software Developer,Technology End User
Laravel Developer,Technology End User
Program Analyst,Data End User
Software Developer,Technology End User
Software Engineer,Technology End User
Assistant Manager - Trust & Safety,Security End User
SALES EXECUTIVE,Sales Decision Maker
Project lead,Technology End User
Head Of Engineering,Technology Decision Maker
Senior Hardware Engineer,Technology End User
Ai/Ml Senior Associate,Other End User
Product Manager,Product Decision Maker
Lead - Data Engineering,Data End User
Senior Geotechnical Engineer,Technology End User
Lead consultant,Other End User
Chief Technology Officer,Technology Executive
Associate / Cyber Incident Analyst,Data End User
Web Developer,Technology End User
DATA SCIENTIST,Data End User
Software Engineer,Technology End User
Projects and marketing executive,Marketing Decision Maker
Senior Product Manager,Product Decision Maker
IT engineer,Information End User
Deputy Manager Marketing,Marketing End User
Sales Executive,Sales Decision Maker
Data Specialist,Data End User
Product Manager,Product End User
Software Engineer,Technology End User
Data Analyst,Data End User
Deputy Manager / Associate Staff Engineer,Technology End User
Analyst,Data End User
CSR,Other End User
It,Junk/Invalid
Engineer,Technology End User
Frontend Developer,Technology End User
Back End Developer,Technology End User
Senior Software Developer,Technology End User
Data Scientist,Data End User
IT Engineer,Information End User
Software Developer III/Software Developer II,Technology End User
Certified Drone Operator,Operations End User
Techical,Junk/Invalid
Lead Developer / abap consultent,Technology End User
Principal Software Development Engineer II,Technology End User
Associate Software Engineer,Technology End User
Product Manager,Product Decision Maker
AI Engineer,Technology End User
AM,Junk/Invalid
Senior Consultant,Other End User
Software Development Engineer 2,Technology End User
Senior Engineer,Technology End User
Software Engineer,Technology End User
Facility Management,Information End User
System engineer,Technology End User
Enterprise Application Developer,Technology End User
Product Manager,Product Decision Maker
Senior banking associate,Finance End User
Station Master,Information End User
NA,Junk/Invalid
Software Engineer,Technology End User
Critical incident Manager,Other End User
Senior software engineer,Technology End User
Sr. Manager,Other End User
Quality Engineer,Operations End User
DEVELOPER,Technology End User
Data analyst,Data End User
Machine Learning Engineer,Technology End User
Software Engineer,Technology End User
Digital Marketing,Marketing End User
Information Technology Infrastructure Engineer,Other End User
Backend Engineer & Cloud Engineer,Technology End User
Engineer,Technology End User
Product Manager,Product Decision Maker
Additional Director,Other Decision Maker
AGM,Other End User
A.I. Intern,Technology End User
Trade Planner Analyst,Data End User
Digital Product Manager,Product Decision Maker
IT technician,Information End User
Quality Analyst/System Engineer,Technology End User
Senior Software Quality  Engineer |||,Technology End User
Founder,Other Decision Maker
Application Developer,Technology End User
Sales manager,Sales End User
Senior Product Manager,Product Decision Maker
Assistant Manager,Other Decision Maker
Software Engineer,Technology End User
Senior Software Engineer,Technology End User
Data Scientist,Data End User
Senior Software Engineer,Technology End User
ARCHITECT,Technology End User
Product Owner,Product End User
Back End Developer,Technology End User
DevOps Consultant/ Senior Consultant,Technology End User
Legal Associate,Legal End User
associate consultant,Other End User
Decision Scientist 2,Data End User
Machine Learning Engineer,Technology End User
Senior Software Engineer,Technology End User
CSR,Other End User
Machine Learning Engineer,Technology End User
Generative AI Engineer,Data End User
Software Engineer,Technology End User
Software Engineer,Technology End User
Engineer,Technology End User
Junior Relationship Executive,Sales End User
Software Engineer,Technology End User
Automation Developer,Technology End User
Cloud Engineer,Technology End User
Web Developer/Senior Digital Developer,Technology End User
Senior Software Engineer,Technology End User
Software Engineer,Technology End User
Senior Software Developer Team Lead,Technology End User
Product Manager,Product Decision Maker
Executive Engineer,Technology Executive
Senior Software Engineer,Technology End User
Software Engineer,Technology End User
Lead Engineer - Gen AI,Technology End User
Junior Support Executive,Information End User
PM,Other Decision Maker
Product Manager,Product Decision Maker
Senior Management,Other End User
Lead Developer,Technology End User
Software Engineer,Technology End User
Company Secretary,Other End User
Home,Other End User
Product Owner,Product End User
Management Trainee,Other End User
DEO,Junk/Invalid
Executive - Human Resources,HR Decision Maker
Software Engineer in Test,Technology End User
DEVELOPER,Technology End User
Software Engineer,Technology End User
Lead  Software Engineer,Technology End User
DEVELOPER,Technology End User
Product Owner,Product End User
Back End Developer,Technology End User
Application Development Sr Analyst,Technology End User
Data Scientist,Data End User
Software Developer,Technology End User
Technical Service Engineer,Technology End User
Senior Designer,Other End User
Data Team Lead,Data End User
Senior Engineer,Technology End User
Cloud Engineer,Technology End User
Engineer,Technology End User
Structural Engineer,Technology End User
Head of Sales,Sales Decision Maker
DevOps Engineer,Technology End User
Product Manager,Product Decision Maker
Senior Sales Engineer,Sales End User
Product Manager,Product Decision Maker
Software Engineer,Technology End User
Owner,Other Decision Maker
Medical Officer,Information End User
Information Technology Developer,Technology End User
Process Engineer,Technology End User
CEO,Chief Executive
erp exe.,Junk/Invalid
Back End Web Developer,Technology End User
DevOps Engineer,Technology End User
Nothing,Other End User
Lead Software Engineer,Technology End User
ATM CUSTODIAN,Other End User
Software Developer,Technology End User
Senior Network Engineer,Information End User
Data Scientist,Data End User
Aircraft Maintenance Engineer,Operations End User
Senior Software Engineer,Technology End User
Store keeper,Industry LOB - Retail End User
Senior Software Developer,Technology End User
Owner,Other Decision Maker
Product Manager,Product Decision Maker
Product Manager,Product Decision Maker
Full Stack Developer,Technology End User
Lead Instrument Engineer,Technology End User
lead engineer,Technology End User
Software Engineer,Technology End User
Sr.Business Analyst / Cloud Infrastructure Analyst | Azure & GCP | Hybrid Business Analyst,Data End User
Senior Product Manager,Product Decision Maker
Senior Consultant,Other End User
Developer,Technology End User
QA/Qc Lead System Coodinator,Operations Executive
Lead Software Interoperability Engineer,Technology End User
"""Global Senior Manager Ii, Security""",Security End User
Software Engineer,Technology End User
Cloud Network Engineer,Information End User
Sr. Software engineer,Technology End User
VP of Engineering,Technology Decision Maker
General Manager Transformations,Other End User
Full-stack Developer,Technology End User
Software Engineer,Technology End User
Consultant,Other End User
Full Stack Developer,Technology End User
Product Manager,Product Decision Maker
Manufacturing Engineer,Other End User
Hai,Junk/Invalid
Software Engineer,Technology End User
Project coordinator,Other End User
Sr.engineer,Technology End User
Nothing,Other End User
Graduate Civil Engineer,Technology End User
Senior Software Engineer,Technology End User
Senior Architect,Technology End User
Website Developer,Technology End User
Subject matter expert,Other End User
Senior Product DS,Data End User
UI/UX Designer,Marketing End User
Managing Partner,Other Decision Maker
Senior Software Engineer / Technical Lead,Technology End User
Technology Lead,Technology End User
engineer,Technology End User
Lead Software Engineer,Technology End User
Veterinarian,Other End User
Senior Network Engineer (Chinese Language),Information End User
Developer,Technology End User
Sr. Social Media Executive,Marketing Decision Maker
Senior Associate consultant,Other End User
Lead Technical Specialist / Senior Staff Software Engineer,Other End User
IT System Administrator,Information End User
Software Engineer 2,Technology End User
Customer service,Sales End User
Director,Other Decision Maker
Business Analyst,Other End User
Assistant Manager  Investment Product,Product Decision Maker
Storage engineer,Information End User
Senior Software Engineer,Technology End User
Senior Product Manager,Product Decision Maker
Astronomer,Other End User
DATA SCIENTIST,Data End User
Senior software engineer,Technology End User
Writer,Other End User
Ais Teacher,Data End User
Engineer,Technology End User
Principal Software Development Engineer,Technology End User
Software Developer,Technology End User
Devops engineer,Technology End User
Back End Developer,Technology End User
Software Developer,Technology End User
Senior Product Manager,Product Decision Maker
Assistant,Other End User
Senior Software Engineer,Technology End User
Software Engineer,Technology End User
Software Engineer,Technology End User
Software Engineer,Technology End User
Software Engineer,Technology End User
Assitente de Atendimento SAF,Sales End User
Product Manager,Product Decision Maker
Business Analyst,Other End User
Product Manager Arc Platform,Product Decision Maker
Data Engineer,Technology End User
Intern,Industry LOB - Edu End User
Executive,Other Decision Maker
Quality engineering analyst,Technology End User
Lead Developer,Technology End User
principal,Other Decision Maker
Team Lead,Other End User
Senior Software Engineer,Technology End User
Senior Data Scientist Related to Search Terms in Your Query,Data End User
Team leader,Other End User
IT Staff/Digital Customer Experience Area,Information End User
Digital Strategist,Marketing End User
Frontend Engineer,Technology End User
Software Engineer,Technology End User
Software Engineer,Technology End User
Senior legal manager,Legal End User
System Software Developer,Technology End User
Sr Technical Lead / Software Engineer - Backend & Distributed Systems,Technology End User
Associate Principal Analyst,Technology End User
facility engineer,Technology End User
AI,Data End User
Frontend Developer,Technology End User
Engineer,Technology End User
Senior Software Engineer,Technology End User
Associate Research Analyst,Technology End User
You,Junk/Invalid
AI Engineer,Technology End User
Executive assistant,Other End User
Data Engineer at Banking Institution Project,Data End User
Engineering Manager,Technology Decision Maker
Deputy manager,Other End User
Oracle DBA / Developer,Technology End User
Frontend Engineer,Technology End User
Senior software engineer,Technology End User
Senior Software Engineer,Technology End User
Software Engineer,Technology End User
Senior Linux System Administrator and Cloud Engineer.,Technology End User
DA & Quality Specialist,Data End User
Associate- Marketing,Marketing End User
System engineer,Technology End User
无指定,Junk/Invalid
Quality Engineer - II,Other End User
AI Engineer,Technology End User
senior Project Engineer,Technology End User
Project Engineer,Technology End User
Engineer,Technology End User
Software Engineer,Technology End User
Data Scientist,Data End User
Software Engineer,Technology End User
Senior Software Engineer,Technology End User
NA,Junk/Invalid
Analog Layout Engineer,Technology End User
Kompas.com Facing Product Engineering Manager,Product Decision Maker
IT & Digital Risk Methodology & Governance,Information Decision Maker
Product Manager,Product Decision Maker
Web Developer,Technology End User
Lead Engineer,Technology End User
Staff Engineer / Data Engineer,Technology End User
Software Engineer,Technology End User
"""Agile Developer, Associate Ii""",Technology End User
DevOps Engineer,Technology End User
Sr Staff Optical Development  Engineer,Technology End User
Associate,Other End User
AI and Automation Lead,Technology End User
Technical mentor DSA Python,Technology End User
Cloud Support exicutive,Technology Decision Maker
Senior Product Manager,Product Decision Maker
Site Reliably Engineering,Technology End User
Engineer,Technology End User
Technical Lead,Technology End User
Developer,Technology End User
Sr. GM/ Head- Corporate Social Responsibility,Other Decision Maker
DATA ANALYST,Data End User
Chemical Machine Operator,Operations End User
Senior Associate/AI Application Researcher,Technology End User
AI Developer,Data End User
Senior Product Marketing Manager,Product Decision Maker
Nil,Other End User
IAM Engineer,Technology End User
Frontend Developer,Technology End User
Research Analytics - Graduate Assistant,Data End User
Mining Engineer,Technology End User
Test Engineering Director,Technology Decision Maker
Frontend Developer,Technology End User
DEVELOPER,Technology End User
Engineer,Technology End User
System Engineer,Technology End User
Content Production specialist and Senior Social Media Manager,Marketing End User
Cloud Solution engineer,Technology End User
Lead Application Developer/ Developer Manager,Technology Decision Maker
HR manager,HR End User
DATA ANALYST,Data End User
Digital Marketing Manager,Marketing End User
Senior sales manager,Sales End User
Software Engineer,Technology End User
Machine Learning Engineer,Technology End User
Managing Director,Other Decision Maker
Software Engineer,Technology End User
PL/SQL Developer - L2,Technology End User
Senior Software Engineer,Technology End User
"Founder, CEO, CTO",Technology Executive
Senior Product Manager,Product Decision Maker
Image Editor,Marketing End User
Product Specialist,Other End User
Principal Consultant,Other End User
Android Developer,Technology End User
Brand Strategist,Other End User
Technical analysts,Data End User
AI Engineer,Technology End User
Software Engineer,Technology End User
Senior Software Developer,Technology End User
Business Development & It Manager,Information Decision Maker
Assistant Engineer,Technology End User
Test Engineer,Technology End User
Lab Technician,Technology End User
Software Engineer,Technology End User
Data Analyst L2/ SecOps Analyst,Security End User
System Engineer,Technology End User
Manager,Other End User
AVP-Mobile Engineering,Technology Decision Maker
Software Engineer,Technology End User
Apac It Associate Director,Information Decision Maker
Business Analyst,Other End User
Vpo Khari Sureran Ellenabad,Junk/Invalid
Cofounder & Ai Lead,Technology End User
Member of Technical Staff,Technology End User
DevOps Engineer,Technology End User
Cloud Engineer,Technology End User
founder,Other Decision Maker
digital marketing manager,Marketing End User
Talent acquisition,HR End User
Packaging Engineer,Technology End User
Lecturer in English,Technology End User
founder and ceo,Other Decision Maker
Engineer,Technology End User
Sales man,Sales End User
Laboratory assistant,Other End User
Service Engineer,Technology End User
Associate Software Engineer,Technology End User
Software Developer,Technology End User
Staff Applied Scientist - AI,Other End User
Front End Developer,Technology End User
Senior Product Manager,Product Decision Maker
"Quality Manager - Ingredients, Supply Chain",Operations Decision Maker
Senior Engineer,Technology End User
Independent Contractor,Other End User
Engineer,Technology End User
SOftware Engineer II/DevOps Engineer,Technology End User
Developer,Technology End User
Senior Product Manager,Product Decision Maker
Software Engineer - Backend,Technology End User
Operations Head,Operations Decision Maker
Cloud Engineer,Technology End User
Data Management Officer,Data Executive
Training & Product Specialist,Product End User
"Head of Department , IIoT and digitalization",Technology Decision Maker
Product Manager,Product Decision Maker
Apprentice,Technology End User
Back End Developer,Technology End User
Programmer Analyst,Technology End User
Faculty/auto cad designer,Marketing Decision Maker
Lead Architect,Technology End User
Manager,Other End User
Senior Frontend Engineer,Technology End User
Technical Test Lead,Technology End User
System Engineer,Technology End User
Associate,Other End User
Senior Full Stack Developer,Technology End User
Deputy General Manager,Other Decision Maker
System engineer,Technology End User
Software Engineer,Technology End User
AI Engineer/Data Scientist,Data End User
Customer Engineer,Sales End User
Frontend Developer,Technology End User
Addl Vice President It,Information Decision Maker
Ground Staff,Other End User
Senior Product Manager,Product Decision Maker
Business Analyst,Other End User
Generative AI and Cloud Strategist /  AI/ML Engineer,Technology End User
AI Engineer,Technology End User
Associate Developer,Technology End User
Associate Consultant - AI Engineer,Technology End User
Generative Ai,Data End User
Product Marketing Manager,Product Decision Maker
Frontend Developer,Technology End User
Software Engineer,Technology End User
Sr. Talent acquisition consultant,HR End User
Software Developer,Technology End User
"Software Engineer, Backend",Technology End User
Creative Expert – Brand Design & Visual Communication,Marketing End User
Track Engineer,Technology End User
National Marketing Manager,Marketing End User
Developer,Technology End User
Product Manager,Product Decision Maker
Hardware System Engineer,Technology End User
Data Center Engineer,Data End User
Full Stack Engineer,Technology End User
Education Intelligent – Turning curiosity into knowledge and knowledge into success,Junk/Invalid
Senior Banking Manager,Industry LOB - FinServ DM
Software Engineer,Technology End User
Associate,Other End User
Sr Executive,Other Decision Maker
Senior Software Engineer,Technology End User
Web Developer,Technology End User
Engineering Design Manger,Technology Decision Maker
Web developer,Technology End User
Data Developer/Data Engineer,Technology End User
Network Engineer,Other End User
DE Intern,Junk/Invalid
Data And Ai,Data End User
Assistant Key Account Manager,Sales End User
Software Engineer,Technology End User
Manager Customer experience,Sales End User
Assistant engineer,Technology End User
Software Engineer,Technology End User
Customer Service Representative,Sales End User
Analytics,Data End User
Cloud Engineer,Technology End User
Associate Software Engineer,Technology End User
Member of Technical Staff - 1,Technology End User
Associate Software Engineer,Technology End User
Marketing Head,Marketing Decision Maker
106109 Gandhi Nagar,Junk/Invalid
engineer,Technology End User
Developer And Teacher,Technology End User
Engineer,Technology End User
Engineer,Technology End User
Junior Coordinator,Technology End User
Devops,Technology End User
Web Developer,Technology End User
Google ads executive,Marketing Decision Maker
-,Junk/Invalid
Senior Product Manager,Product Decision Maker
Back End Developer,Technology End User
Assistant Manager Branding & Social Media,Marketing End User
Head of Operation and R&D Delivery,Operations Executive
Systems Engineer,Technology End User
Software Engineer,Technology End User
Fullstack Engineer,Technology End User
Faculty,Other End User
Software Developer,Technology End User
Growth Product Manager,Product Decision Maker
Software Engineer 2,Technology End User
Frontend Developer,Technology End User
AI Engineer,Technology End User
Senior Data Scientist,Data End User
Geotechnical Engineer,Technology End User
Cool,Junk/Invalid
Ai Engineer,Technology End User
Cloud Engineer,Technology End User
manager,Other Decision Maker
Web Developer /  Senior Web Developer,Technology End User
Process Associate,Other End User
Freelance,Junk/Invalid
Back End Developer,Technology End User
Project Manager,Other End User
L2 Support Engineer,Sales End User
Lead/ Buisness Process Lead (BPS),Other End User
Backend Enginer,Technology End User
Software Quality Assurance Engineer,Operations End User
Chartered Accountant • Finance & Tax,Finance End User
Full Stack Engineer,Technology End User
Subject Matter Expert,Other End User
Senior Frontend Developer,Technology End User
Sales Engineer,Sales End User
Owner-Self Employed,Junk/Invalid
Associate Manager,Other End User
Senior Software Engineer,Technology End User
CEO,Chief Executive
Technology Executive,Technology Executive
Mr,Other End User
Customer support specialist,Sales End User
Trainee,Industry LOB - Edu End User
Senior Software Engineer,Technology End User
Oracle APEX Developer,Technology End User
Software Developer,Technology End User
Ai Automation Engineer,Data End User
Modern Workplace Engineer,Technology End User
Resiliency Consultant,Other End User
Product Manager,Product Decision Maker
Senior Software Engineer,Technology End User
Graphic Design Manager,Marketing End User
Lead Principal Software Engineer,Technology End User
Process Associate-II,Operations End User
Specialist Programmer 2,Technology End User
Data Scientist,Data End User
Sales executive,Sales Decision Maker
Product Owner/Manager - Customer Experience,Product Decision Maker
Product And Systems Manager,Product Decision Maker
Guest Faculty,Industry LOB - Edu End User
Senior SDET,Other End User
Senior Software Engineer,Technology End User
Lifting Engineer,Technology End User
Software Engineer,Technology End User
Infrastructure Engineer,Information End User
QA,Operations End User
Sr. It executive / Salesforce Administrator,Information End User
Software Engineer,Technology End User
Product Manager,Product End User
Head - It & Product Deployment,Information Executive
Product Manager 2,Product End User
Software Engineer II,Technology End User
Software Engineer,Technology End User
Software Developer,Technology End User
AI Engineer,Technology End User
Product Manager,Product Decision Maker
Backend Developer,Technology End User
Product manager,Product End User
Technical Solutions Architect,Technology End User
Chief Information Security Officer,Security Executive
Program Manager,Other End User
Project Engineer,Technology End User
Data Analyst,Data End User
Assistant Manager,Other End User
Software Engineer,Technology End User
Machine Learning Engineer,Technology End User
Infrastructure design Engineer,Information End User
cyber security analyst,Other End User
Frontend Engineer,Technology End User
Sr Content Manager,Marketing End User
Data Analytics,Data End User
Engineer,Technology End User
Web Developer,Technology End User
Sr Product Manager,Product Decision Maker
Cloud Developer,Technology End User
Junior ServiceNow Developer,Information End User
CSR,Other End User
Software Engineer,Technology End User
Product Manager,Product Decision Maker
Started NEIS Training to Launch my web Development Business,Junk/Invalid
System Engineer,Technology End User
Project Associate,Other End User
Qa manager,Other End User
Senior Web Developer,Technology End User
Associate Tech Lead,Technology End User
Doctor,Industry LOB - Healthcare End User
Senior Frontend Developer,Technology End User
Senior Engineer,Technology End User
Senior Business Analyst,Data End User
Product Manager,Product Decision Maker
Assistant Manager,Other End User
Senior Engineer,Technology End User
PRODUCT MANAGER,Product End User
Associate Professor / Professor,Junk/Invalid
Product Manager,Product Decision Maker
Head of Digital Marketing,Marketing Decision Maker
DevOps Engineer,Technology End User
Assistant Manager,Other End User
Project Associate,Other End User
Frontend developer,Technology End User
Software Developer,Technology End User
Specialist in Data science(COE),Data End User
SDL,Junk/Invalid
Senior Product Manager,Product Decision Maker
Frontend Developer,Technology End User
Project Engineer/Process Engineer,Technology End User
Senior Solutions specialist,Technology End User
Software Engineer,Technology End User
Full Stack Developer,Technology End User
TPO,Junk/Invalid
Senior Data Scientist,Data End User
Cyber security analyst/Associate Security Analyst,Security End User
Civil Engineer,Technology End User
Senior CLM Analyst,Other End User
CTO,Technology Executive
Front-end Developer,Technology End User
Software Developer,Technology End User
Greater Perth Area,Junk/Invalid
Software Engineer,Technology End User
Software Engineer,Technology End User
Software Engineer,Technology End User
Software Developer,Technology End User
Software Engineer,Technology End User
Software Engineer,Technology End User
AI Engineer,Technology End User
Consulting Manager,Other End User
Senior Web Developer,Technology End User
Software Engineer Supervisor,Technology End User
Senior Software Engineer,Technology End User
Network Engineer,Other End User
seoul gannamgu,Junk/Invalid
Lead Software Engineer,Technology End User
Ac Tech,Technology End User
"Engineer - Data, IoT, AI",Technology End User
Data scientist,Data End User
Engineer,Technology End User
Ai Engineer,Technology End User
DevOps Engineer,Technology End User
Associate Category Manager,Other End User
Product Manager,Product Decision Maker
Head of Section commercial,Sales Executive
AVP growth marketing,Marketing Decision Maker
It Intern,Information End User
Software Engineer,Technology End User
Assistant Professor In Ai Law,Technology End User
SYSTEM OPERATOR,Information End User
Senior Product Manager - Credit Cards,Finance Decision Maker
Owner,Other Decision Maker
Software Developer Engineer I,Technology End User
Senior Data Platform Engineer,Data End User
Director,Other Decision Maker
Product Manager,Product Decision Maker
Sdet,Other End User
Co-Founder,Other Decision Maker
Support Analyst,Data End User
SeniorSystem Engineer,Technology End User
Freelance Web Developer At 2600 Technologies | Information Systems Analyst,Technology End User
Database Architect,Data End User
Planner,Other End User
Scientist,Other End User
Business Development Manager,Sales End User
Sr. Data Engineer,Data End User
Senior Software Engineer,Technology End User
Software Engineer,Technology End User
Engineer,Technology End User
Software Developer,Technology End User
Associate Software Engineer,Technology End User
Sales Engineer,Sales End User
Full-stack Software Engineer,Technology End User
Engineer,Technology End User
Lead Machine Learning Engineer,Data End User
"Frontend Developer, Mobile Developer",Technology End User
Assistant Engineer / GIS Engineer utility,Technology End User
Engineer,Technology End User
Owner of the company,Other Decision Maker
Senior consultant,Other End User
Supervisor,Other End User
UI/UX Designer,Marketing End User
ASM,Junk/Invalid
Program Manager,Other End User
Specialist Programmer( 3 ),Technology End User
Senior Engineer,Technology End User
AI Engineer,Technology End User
Founder,Other Decision Maker
Manager,Other End User
No,Other End User
Product Specialist,Other End User
Executive Director,Other Decision Maker
Lead Cloud Systems Engineer,Technology End User
Bepari,Other End User
Corrugated box Manufacturer,Junk/Invalid
Co Founder and CEO,Chief Executive
Assistant Product Manager,Product Decision Maker
Product Manager,Product Decision Maker
Assistant Manager,Other End User
Technical lead,Technology End User
Lead Engineer,Technology End User
DATA ENGINEER,Technology End User
Senior Oracle Retail Consultant,Other End User
Staff Engineer,Technology End User
Data Scientist,Data End User
Senior Software Engineer,Technology End User
Data Analyst,Data End User
Consultant,Other End User
Data and Dignostic Engineer,Other End User
Product Manager,Product Decision Maker
NETWORK ENGINEER,Other End User
Software Developer,Technology End User
Mr.,Other End User
Research Analyst | Secondary Research | Competitive Analysis | Market Intelligence | Data Analysis,Data End User
Senior Consultant,Other End User
Sales manager,Sales End User
IT ANALYSTS,Technology End User
Central Service Acting Supervisor,Operations End User
Senior Technical Process Executive,Technology Executive
SR ASSTT.GENERAL MANAGER,Other End User
Project Assistant 2,Other End User
Deputy Head Of Engineering / Head of Engineering,Technology Decision Maker
Better society,Junk/Invalid
Software Engineer,Technology End User
Senior Backend Developer,Technology End User
Senior Software Developer,Technology End User
Senior Software Developer,Technology End User
Information Technology Service Desk Team Lead/ Service Desk Team Leader,Information End User
Devops engineer,Technology End User
Engineer,Technology End User
Software engineer,Technology End User
Data Engineer,Technology End User
Junior Research Engineer,Other End User
Senior Software Engineer,Technology End User
Assistant Manager - Brand & Content,Other End User
Ai Writter Freelance,Technology End User
Deputy Manager,Other End User
Software Engineer,Technology End User
Senior Associate,Other End User
.NET Developer,Technology End User
Associate Software Engineer,Technology End User
Marketing Generalist,Marketing Decision Maker
Senior Design Engineer,Other End User
Data Scientist,Data End User
Analyst Access Management,Information End User
Software Quality Assurance Engineer,Operations End User
Software Engineer,Technology End User
Associate Software Engineer,Technology End User
Sr software  engineer,Technology End User
Software Developer,Technology End User
Software Developer,Technology End User
Automation Lead Developer,Technology End User
Engineer Internship,Technology End User
Kerala,Junk/Invalid
Software Developer,Technology End User
Senior HR EXECUTIVE,HR Executive
Head Of Engineering,Technology Executive
"Project Manager, T&D Stations",Technology End User
DECLINE,Other End User
Software Engineer,Technology End User
Senior Software Developer,Technology End User
Data Scientist,Data End User
SENIOR ACCOUNTANT,Finance End User
Assistant Manager,Other End User
MACHINE LEARNING ENGINEER,Technology End User
Software Test Engineer,Technology End User
Clerk,Other End User
DevOps Infrastructure Engineer,Information End User
Product Manager,Product Decision Maker
Head of Sales and Business Development,Sales Decision Maker
Developer,Technology End User
Developer And Programmer,Technology End User
Frontend Developer,Technology End User
Ios Developer,Technology End User
Technical consultant,Technology End User
Principal Software Engineer,Technology End User
Sr. Social Media Executive,Marketing Decision Maker
Senior Software Engineer /  Senior Data Engineer,Other End User
Test Engineer,Technology End User
Project Manager,Other End User
Senior process executive,Information End User
Senior Product Manager,Product End User
Devops Lead,Technology End User
System engineer,Technology End User
Data Analyst,Data End User
Software Engineer,Technology End User
Overseas educator,Other End User
Head of the psychology department,Other Decision Maker
AI Engineer,Technology End User
Product Manager,Product Decision Maker
Technical Lead / Team Lead,Technology End User
Guest Faculty,Industry LOB - Edu End User
Senior Product Manager,Product Decision Maker
HCE,Junk/Invalid
"Manager of Partnerships, Community Engagement, and Alumni Relations in the Faculty of Engineering",Other Decision Maker
SDET,Other End User
Head of Business Development,Sales Decision Maker
Owner,Other Decision Maker
Technical lead,Technology End User
Sr Solutions Developer,Technology End User
Technical Director,Technology Decision Maker
Technical Lead,Technology End User
Frontend Engineer,Technology End User
Senior AWS Solutions Architect,Technology End User
Developer,Technology End User
Senior Lead System Engineer,Technology End User
Back End Developer,Technology End User
Assistant Consultant,Other End User
Business Strategic And Project Developer/ Assistant Section Manager (CEO's Office),Sales Executive
Frontend Developer,Technology End User
Assistant System Engineer,Technology End User
Senior Software Engineer,Technology End User
"Digital Inclusion Lead, Senior Product Manager",Product Decision Maker
Cloud Engineer,Technology End User
Full Stack Web Developer / Application Architect,Technology End User
Data Analyst Quality Engineer,Data End User
Functional Consultant,Information End User
Deputy Commissioner,Industry LOB - Gov Exec
COO & Co-Founder of Qiscus,Other Executive
Software Engineer,Technology End User
Senior Process Engineer,Technology End User
Senior System Engineer,Technology End User
Data operator/Electrical Technician,Data End User
Senior Engineer EUC,Technology End User
Senior Supply Chain Planner,Operations End User
Research Analyst,Data End User
Software Engineer (AI agent),Technology End User
Cum Platform Business Analyst & Consultant,Data End User
Head of Corporate Social Responsibility - Asia Pacific,Other Executive
Customer Support engineer,Other End User
Primary Teacher,Industry LOB - Edu End User
Chembur,Junk/Invalid
"digital marketer / Associate's degree, Digital Communication and Media/Multimedia",Marketing End User
Sr DevOps Engineer,Technology End User
Assistant Engineer,Technology End User
Senior Software Engineer,Technology End User
IT Delivery Manager,Information End User
Teacher,Industry LOB - Edu End User
Software Engineer,Technology End User
Software Developer,Technology End User
Associate It Customer Support,Information End User
Staff Software Engineer,Technology End User
Piping Engineer,Technology End User
Cloud/DevOps Engineer,Technology End User
Software Engineer,Technology End User
Senior Software Engineer,Technology End User
Senior Analyst,Technology End User
Director of Performance Marketing,Other Decision Maker
Software Specialist,Technology End User
Application Developer,Technology End User
Wonar,Junk/Invalid
SQL Developer,Technology End User
It Support,Information End User
Senior analyst,Technology End User
Consultant Engineer,Technology End User
Digital Marketing Executive Cum Trainer,Marketing Decision Maker
无指定,Junk/Invalid
Software Engineer,Technology End User
"Engineering Manager,  Lead Software Engineer",Other Decision Maker
Full-stack Software Engineer,Technology End User
Team Leader,Other End User
Java Software Engineer,Technology End User
Software Engineer,Technology End User
CX/UX Researcher & Strategist,Technology End User
Senior Software Engineer,Technology End User
Senior Software Engineer 1,Technology End User
Senior Engineer / Lifting Engineer,Technology End User
Contract & Commercial,Sales End User
Butcher,Operations End User
Vice President - Business Growth,Other Decision Maker
Senior Software Engineer,Technology End User
Technical product manager,Product End User
Technical mentor DSA Python,Technology End User
Senior software engineer,Technology End User
Design Director,Marketing Decision Maker
Business Architecture Analyst,Other End User
IP Core Network Engineer - Solution Department,Information End User
Site Engineer,Technology End User
App Developer,Technology End User
AI Planning & Operations,Other End User
Facility Engineer,Technology End User
Technology Analyst,Technology End User
Co founder,Other Decision Maker
IoT Solution Lead,Technology End User
Senior Software Engineer,Technology End User
Senior Officer,Other End User
Product Analyst,Product End User
Senior Software Engineer,Technology End User
Senior Software Engineer,Technology End User
Product Manager,Product Decision Maker
Product Manager,Product Decision Maker
Software Engineer 1,Technology End User
Cooking,Operations End User
IT System Engineer,Information End User
Founder,Other Decision Maker
Software Engineer,Technology End User
Gaming,Industry LOB - Gaming End User
Data specialist,Data End User
Senior Project Engineer,Technology End User
Group Product Manager,Product End User
Senior Associate,Other End User
Software Engineer,Technology End User
Software Engineer,Technology End User
Product Manager,Product Decision Maker
Electrical Design Engineer,Marketing End User
Assistant consultant,Other End User
Lead Data Scientist,Data End User
Software Engineer,Technology End User
Team Lead /  Deputy Manager,Other End User
Research Engineer 1,Industry LOB - Edu End User
Software Development Engineer in Test (SDET),Technology End User
Chief Business Officer,Chief Executive
advisor,Other End User
Salesforce Test Lead,Technology End User
Data Analyst,Data End User
Product Manager,Product End User
DIRECTOR,Other Decision Maker
Operations Associate,Operations End User
Product Associate,Product End User
Data Scientist,Data End User
Marketing Manager,Marketing End User
Lead Software Engineer,Technology End User
SSE,Technology End User
Software Engineer / Data Analyst,Data End User
Machine Learning Engineer,Technology End User
Ai engineer,Technology End User
Engineer,Technology End User
Senior Data Engineer,Technology End User
Product Manager,Product Decision Maker
Back End Developer,Technology End User
Frontend Engineer,Technology End User
Web tech,Technology End User
Avp,Other Decision Maker
Customer Relationship,Other End User
Generative AI Engineer,Data End User
Frontend Web Developer,Technology End User
Lead Infrastructure Engineering,Information End User
Quality Assurance Engineer/Senior Quality Assurance Test Engineer,Technology End User
Ai engineer,Technology End User
Amination,Junk/Invalid
Product Manager,Product Decision Maker
Software Engineer,Technology End User
Software Programmer,Technology End User
Data Scientist,Data End User
Frontend Developer,Technology End User
Java Backend Application Developer,Technology End User
Data Engineer,Technology End User
Senior Product Manager / Product Owner,Product Decision Maker
Web Server Developer,Technology End User
Software Developer,Technology End User
Strategy Manager,Sales End User
Machine Learning Engineer,Technology End User
Software Engineer,Technology End User
Senior Manager,Other End User
Data Analyst,Data End User
Auditor Ti Senior Sox,Finance End User
Lead Sdet,Other End User
Senior Software Engineer,Technology End User
Project Engineer,Technology End User
business analyst intern,Other End User
"Manager, Segment Strategy",Other Decision Maker
Sr. Service desk associate,Information End User
Programmar Analyst Trainee,Information End User
Senior Associate,Other End User
GenAI Developer / Generative AI Engineer,Data End User
Senior Engineer Active Mobility,Technology End User
Senior User Access Administrator,Information End User
Product Manager (Seller Success),Product Decision Maker
Senior Engineer,Technology End User
Technical Project Manager,Technology End User
Software Engineer,Technology End User
sr. Data Engineer,Data End User
Test Automation Engineer,Technology End User
Software Engineer,Technology End User
Software Development Engineer,Technology End User
Full Stack Engineer,Technology End User
Senior Associate,Other End User
Application Software Engineer,Technology End User
Software Developer,Technology End User
Principal Engineer,Technology End User
Software Engineer,Technology End User
Frontend Developer,Technology End User
Group Product Manager,Product Decision Maker
Senior Software Engineer,Technology End User
DevOps Engineer,Technology End User
Associate Vice President- Affluent Business Banking,Finance Decision Maker
Software Engineer Frontend,Technology End User
Relationship manager,HR End User
CSR,Other End User
IT Security Engineer,Security End User
Analyst,Data End User
Data analyst,Data End User
Engineer,Technology End User
Engineer,Technology End User
Engineer,Technology End User
Deputy Manager,Other End User
Owner,Other Decision Maker
Product Manager,Product Decision Maker
Frontend Platform Engineer,Technology End User
Full Stack Engineer,Technology End User
Senior Data Engineer,Technology End User
Accounts Executive,Finance Decision Maker
Sr It & Security Analyst,Information End User
Cloud Engineer,Technology End User
Senior iOS Engineer,Technology End User
CEO,Chief Executive
Senior Associate,Other End User
Process Advisor,Other End User
Full Stack Developer,Technology End User
manager,Other End User
Frontend Developer,Technology End User
DevOps Engineer,Technology End User
Software Engineer,Technology End User
Ai Engineer,Technology End User
Associate,Other End User
Brand Manager //Senior Brand Manager,Marketing End User
Devops Engineer,Technology End User
Talent Acquisition Recruiter,HR End User
Talent Acquisition Lead,HR End User
CSE,Junk/Invalid
Senior Product Manager - Credit Cards,Finance Decision Maker
Us recruiter,HR End User
IT and Infra,Information End User
Software Engineer,Technology End User
Customer Onboarding Associate,Information End User
Software Engineer,Technology End User
Founder,Other Decision Maker
Senior Client Partner,Sales Decision Maker
Senior Technical Lead,Technology End User
Engineering Manager,Technology End User
Full-stack Developer,Technology End User
Software Developer,Technology End User
System Engineer,Technology End User
Proprietor,Other Decision Maker
Head - Corporate Social Responsibility,Other Decision Maker
Associate Manager,Other End User
Principal Engineer,Technology End User
Software Engineer,Technology End User
Product Manager - Infrastructure,Information Decision Maker
Software Engineer,Technology End User
Principal Engineer,Technology End User
Product Developer,Product End User
Senior Software Engineer,Technology End User
Lead Software Engineer / Solution Design / Developer MuleSoft / AWS,Technology End User
Data Engineer,Technology End User
Software Engineer,Technology End User
Process Executive,Information End User
Software Developer,Technology End User
Software Engineer,Technology End User
Manager,Other End User
Application Engineer,Technology End User
Senior Blockchain Developer,Security End User
Software Engineer,Technology End User
Director Of Engineering,Technology Decision Maker
Software Developer,Technology End User
Product Manager - Regional Ticketing,Product Decision Maker
Ai Software Engineer,Technology End User
Back End Developer,Technology End User
Senior Associate Consultant,Other End User
"Data And Innovation Analyst, Ceo Office",Data End User
Engineer,Technology End User
Software Engineer,Technology End User
Software Application Developer,Technology End User
Senior Software Engineer,Technology End User
Data Scientist/Engineer,Data End User
Associate Business Data Analyst,Data End User
Software Engineer (Core Team),Technology End User
Sr. Analyst,Technology End User
Ai Tutor,Data End User
Product Development Manager,Product Decision Maker
Ac Tech,Technology End User
Software Engineer,Technology End User
2000,Junk/Invalid
Salesforce Instructor,Technology End User
Senior Software Developer,Technology End User
Engineer,Technology End User
Software Engineer 1,Technology End User
Principal Solutions Architect - Google Cloud,Technology End User
DECLINE,Other End User
Associate Professor,Industry LOB - Edu End User
Nothing,Other End User
Databse Admin Associate,Information End User
Data / Software Engineer,Data End User
Senior Software Developer,Technology End User
Senior Product manager,Product End User
Software Developer,Technology End User
"Co-Founder, CTO",Technology Executive
QA Automation Engineer,Operations End User
Electrical Engineer,Technology End User
Product Manager,Product Decision Maker
Software Engineer,Technology End User
Software Engineer,Technology End User
Developer,Technology End User
Engineer,Technology End User
MANAGER STRUCTURE,Other End User
Timber Category Manager,Product Decision Maker
Product Manager,Product Decision Maker
Frontend Developer,Technology End User
Engineer,Technology End User
Frontend Developer,Technology End User
Software Engineer (2),Technology End User
SAFe Scrum Master,Technology End User
Senior OT Engineer,Technology End User
Consultant,Other End User
Data Engineer,Technology End User
Senior User Research Engineer,Technology End User
DATA ENGINEER,Technology End User
Machine Learning Engineer,Technology End User
Global Talent Acquisition,HR End User
Software Engineer,Technology End User
Associate Software Development Engineer,Technology End User
Frontend Developer,Technology End User
Software Engineer,Technology End User
Digital Specialist Engineer,Technology End User
"RevOps and Sales Enablement, Global",Sales End User
"Senior Manager, Event & Product Development",Product Decision Maker
Analyst,Data End User
Software Engineer,Technology End User
Software Developer Team Lead,Technology End User
Product Manager,Product Decision Maker
Associate Developer,Technology End User
Staff Engineer,Technology End User
Software Test Engineer,Technology End User
Teaching Assistant,Other End User
AI Software Engineer,Technology End User
Frontend Web Developer,Technology End User
Product Manager,Product Decision Maker
SDE / Android Developer,Other End User
Sr. Technical Lead/Lead Data Engineer,Technology End User
Latrobe Valley Regional Airport Manager,Operations Decision Maker
Back End Developer,Technology End User
civil engineer/ Project Engineer,Other End User
Associate Business analyst,Other End User
Senior Product Manager,Product Decision Maker
Senior Data Scientist (Analytics),Data End User
Manager,Other End User
Software Engineer,Technology End User
DEVOPS ENGINEER,Technology End User
Product Manager,Product End User
Sr. Manager / Manager - Ad Sales,Sales End User
소프트웨어 엔지니어,Technology End User
Social Media Head,Marketing Decision Maker
Engineer,Technology End User
Senior Digital Product Manager,Product Decision Maker
Software Developer - Cloud Native and AgenticAI,Technology End User
Senior Cloud and AI Engineer,Other End User
Product Consultant,Product End User
Course Mentor,Other End User
Vice President Of Software Development,Technology Executive
Senior Software Engineer,Technology End User
Manager,Other End User
Head Of Data | Analytics Manager,Data Executive
Data Engineering Team Lead,Data End User
Software Engineer,Technology End User
DEVELOPER/Design Engineer,Marketing End User
Project Manager,Other End User
Engineer,Technology End User
Machine Learning Engineer,Technology End User
Service Innovation,Other End User
Associate Project Manager,Other End User
Research associate,Industry LOB - Edu End User
Project Lead,Technology End User
HR,HR End User
Corporate Social Responsibility,Other End User
Engineer,Technology End User
programmer analyst,Technology End User
Product Manager,Product Decision Maker
Data analyst,Data End User
Application Developer,Technology End User
Frontend Developer,Technology End User
Team Lead,Other End User
senior software engineer,Technology End User
"AI PreSales , Sales and Marketing",Other End User
Analyst Programmer (Placement),Technology End User
Article,Junk/Invalid
Product Associate,Product End User
Engineer,Technology End User
Founder,Other Decision Maker
Analyst,Data End User
Assistante Ceo,Operations End User
Digital Product Manager,Product Decision Maker
Digital Practice Leader,Marketing End User
Web Developer,Technology End User
"Senior Data Scientist/Lead Data Scientist (Analytics), Omnicommerce",Data End User
Pranata Komputer,Other End User
Trainee Decision Scientist,Data End User
Technical Lead,Technology End User
Senior Product Manager,Product Decision Maker
Senior Materials Engineer,Technology End User
Cloud Engineer,Technology End User
Data Scientist,Data End User
Software engineer,Technology End User
Data Analyst,Data End User
Senior Software Developer,Technology End User
Engineer II / Engineer I,Other End User
Product Manager,Product Decision Maker
Software Engineer,Technology End User
Assistant Manager,Other End User
System Engineer,Technology End User
Engineer,Technology End User
Engineer,Technology End User
Software Engineer,Technology End User
Lead Software Developer,Technology End User
Associate Software Engineer,Technology End User
Assistant Consultant,Other End User
General Manager Engineering And Infrastructure,Technology Decision Maker
Software Engineer,Technology End User
Engineer,Technology End User
Software Engineer,Technology End User
Senior IT Engineer,Information End User
Senior Delivery Manager,Operations End User
Associate - Medical Affairs,Other End User
DATA ENGINEER,Technology End User
Project lead,Technology End User
office Management,Information End User
Product Manager,Product Decision Maker
Engineer,Technology End User
Product Owner / Founder & CEO,Product Executive
Software Developer,Technology End User
manager,Other End User
MIS EXECUTIVE,Other End User
Frond end Developer,Technology End User
Product Manager- Generative AI Creative PM,Product Decision Maker
Technical Lead,Technology End User
Air Assistant Manager,Information End User
Team Lead,Other End User
Trainee technician,Technology End User
Product Engineer,Other End User
DEVOPS ENGINEER,Technology End User
Bizcaps Software,Junk/Invalid
Software Engineer,Technology End User
Product Manager,Product Decision Maker
Product Manager,Product Decision Maker
Associate Consultant,Other End User
Software Engineer,Technology End User
Digital Analyst,Marketing End User
Graphic Designer,Marketing End User
Full-stack Developer,Technology End User
Support Manager,Information End User
Database,Information End User
Human Resources Executive in CSR,HR Executive
"Assistant Manager, Event & Product Development",Product Decision Maker
Data Scientist,Data End User
Engineer,Technology End User
associate software engineer,Technology End User
associate principle analyst,Data End User
Frontend Engineer,Technology End User
Ai Developer,Data End User
Co-Founder & Software Engineer,Technology Executive
CSR,Other End User
Product Manager,Product Decision Maker
Development engineer/Cyber Security Engineer /Cyber Security Analyst,Data End User
Software Engineer,Technology End User
Get certification,Junk/Invalid
Data engineering analyst // Analyst,Data End User
Consultant,Other End User
Engineer,Technology End User
Sr.Frontend developer,Technology End User
Testing,Technology End User
Software Engineer,Technology End User
NA,Junk/Invalid
Asst Manager IT Services (Software Engineer),Technology End User
Affinity - Senior It Consultant,Information End User
Software Testing Engineer,Technology End User
OWNER,Other Decision Maker
Research Analyst,Data End User
DevOps engineer,Technology End User
Backend Developer,Technology End User
Senior Product Manager,Product Decision Maker
Senior Full Stack Developer,Technology End User
Chief Executive Officer,Chief Executive
Web Developer at eCentrix Solutions Official,Technology End User
DEVELOPER,Technology End User
Machine Learning Engineer,Technology End User
Assistant System Analyst,Technology End User
Enterprise Customer Success Partner(E-CSP) at SAP,Sales End User
Assistant Product Manager,Product End User
Analyst Engineer(Treasury Applications),Finance End User
Program manager,Other End User
Product Manager,Product Decision Maker
Traniee,Junk/Invalid
Software Engineer / 소프트웨어 엔지니어,Technology End User
Software Intern/Student,Other End User
Representative,Other End User
Web Developer,Technology End User
Product Manager,Product Decision Maker
Aspiring Cloud Engineer | AWS EC2 • S3 • IAM • VPC | Learning Cloud & DevOps | Open to Opportunities,Technology End User
Technical Architect,Technology End User
Mobile Application Developer,Technology End User
Asst Manager Corporate Social Responsibility,Other End User
Lead DevOps Engineer,Technology End User
AI Product Manager,Data Decision Maker
Test Engineer,Technology End User
Dispatch Supervisor,Other End User
Marketing Manager,Marketing End User
Associate Consultant,Other End User
"Senior Product Manager, Everyday Banking",Product Decision Maker
Presales Engineer,Sales End User
Product Manager,Product Decision Maker
Ms Team Lead,Information End User
Data Engineer / Data/AI/ML Engineering Senior Manager,Data Decision Maker
Software Developer,Technology End User
Software Engineee,Technology End User
Java Full Stack developer / Electrical Engineer,Other End User
data analyst,Data End User
Software Enginner,Technology End User
System Engineer,Technology End User
Manager,Other Decision Maker
Karthi7,Junk/Invalid
Senior Software Engineer,Technology End User
SDE-1/Software Engineer Apprentice,Technology End User
Business Analyst,Other End User
Social Networking,Other End User
Technology analyst,Technology End User
Associate Recruiter,HR End User
Full-stack Developer,Technology End User
Gen AI Engineer,Data End User
System and Application Engineer,Technology End User
Data Scientist,Data End User
Manager,Other End User
Systems Engineer,Technology End User
Specialist Programmer,Technology End User
Project Lead - SEO,Marketing End User
Analyst,Data End User
Senior Software Developer,Technology End User
Information Technology,Technology End User
Assistant consultant,Other End User
"Professor and Head, CSE-CY",Other Decision Maker
Lead Designer,Marketing End User
Performance and Programmatic Manager,Other End User
Associate Consultant,Other End User
Lead Software Engineer,Technology End User
Senior Software Engineer,Technology End User
DevOps and Infrastructure Engineer,Information End User
Packaged App Development Assoc Manager,Technology End User
senior software engineer,Technology End User
Web Developer,Technology End User
Corporate Social Responsibility Manager,Other Decision Maker
Software Developer,Technology End User
Engineer,Technology End User
Software Engineer Lead,Technology End User
Sde-1,Other End User
Senior Software Engineer,Technology End User
Senior Software Developer,Technology End User
Senior Executive Engineer,Technology Executive
PPC Specialist,Other End User
Graphic designer,Marketing End User
Machine Learning Engineer,Technology End User
Staff Engineer // Architect (Associate Principal Engineer),Technology End User
Founder,Other Decision Maker
Data Scientist,Data End User
Software Engineer,Technology End User
Software Engineer,Technology End User
Product Manager,Product Decision Maker
Product Manager,Product Decision Maker
Android Developer,Technology End User
Senior Machine Learning Engineer,Technology End User
Cyber security analyst,Other End User
Module lead,Other End User
EIR - Agentic AI,Technology End User
Software Engineer,Technology End User
Co-Founder,Other Decision Maker
Product Manager,Product Decision Maker
Data Analyst,Data End User
TL,Other End User
Engineer,Technology End User
GuideWire traniee,Technology End User
Product owner,Product End User
director,Other Decision Maker
Digital Product Manager,Product Decision Maker
Post doctoral fellow,Other End User
Associate Consultant,Other End User
Application Support Developer,Technology End User
Engineering,Technology End User
Recruitment Coordinator,HR End User
Dataops,Junk/Invalid
Senior Software Engineer,Technology End User
Analyst,Data End User
Software Engineer,Technology End User
Software Engineer-2,Technology End User
Web Developer,Technology End User
Software developer (PHP),Technology End User
"Product Manager, Digital Platform & Card",Product Decision Maker
Software engineer - web & mobile,Technology End User
DevOps Engineer,Technology End User
Associate Devops Engineer,Technology End User
Full Stack Software Engineer,Technology End User
SET / Data Engineer trainee,Technology End User
Tech Lead,Technology End User
Manager,Other End User
Founder,Other Decision Maker
Software Developer,Technology End User
Senior Software Engineer,Technology End User
Software Engineer,Technology End User
"""Analytics, Google Lens""",Data End User
Associate Product Manager,Product End User
SOMETHING ELSE,Other End User
Senior Technical Consultant,Technology End User
DEVOPS ENGINEER,Technology End User
Analyst,Data End User
Principal Software Engineer,Technology End User
Senior Principal Analyst,Technology End User
Software Engineer,Technology End User
Full Stack Developer,Technology End User
Data Scientist/Artificial Intelligence Engineer,Technology End User
SOMETHING ELSE,Other End User
Engineer,Technology End User
Software Engineer,Technology End User
Software Engineer,Technology End User
Lead Software Developer,Technology End User
"Senior Manager, Digital Education and LMS Specialist",Other End User
Lead Software Developer,Technology End User
Software Engineer,Technology End User
"Senior Manager, Merchant Solutions",Other Decision Maker
Officer,Other End User
Electrical supervisior,Other End User
Product Owner,Product End User
Deputy Manager Drug Product Operations,Operations Decision Maker
Data Intern,Data End User
Associate,Other End User
Cloud Compliance Engineer,Security End User
Operations  and administration manager,Operations End User
Senior Data Scientist,Data End User
Software developer 2/ SDE 2,Technology End User
Software Developer,Technology End User
Senior Software Engineer,Technology End User
Senior Marketing Analyst,Marketing End User
Digital Product Manager,Product Decision Maker
Account Product Manager,Product Decision Maker
Associate Recruiter,HR End User
Test Lead,Technology End User
Assistant Business Development / Business Operations Associate,Other End User
Software Developer,Technology End User
Junior Software Quality Assurance Engineer,Technology End User
L2 - Cloud Operation Engineer,Technology End User
Executive Engineer,Technology Executive
Mechanical Engineer,Technology End User
Senior Analyst/Conversational AI Developer,Technology End User
Frontend Developer,Technology End User
DevOps Manager,Technology End User
Senior Technical AI Adoption Architect,Technology End User
Instrument Engineer,Technology End User
Sr. Backend Engineer,Technology End User
Customer Service Department,Information End User
Application Developer,Technology End User
Junior Developer,Technology End User
Consultent,Other End User
Back End Developer,Technology End User
Sr executive // Administrator,Other Decision Maker
Software Engineer,Technology End User
Senior Associate Data Scientist,Data End User
SDE - 3,Technology End User
Software Engineer,Technology End User
Software Engineer,Technology End User
SECURITY PROFESSIONAL,Security End User
Software Developer - Machine Learning,Technology End User
Bulandshahr,Junk/Invalid
Head Of Engineering,Technology Executive
Back End Developer,Technology End User
Project Engineer,Technology End User
Software Engineer,Technology End User
Consulting,Information End User
Software Developer,Technology End User
Inside Sales,Sales End User
Software Engineer,Technology End User
Onsite Engineer,Technology End User
Senior AI Engineer,Data End User
IT Project Coordinator,Information End User
Associate Staff Engineer,Technology End User
AI Intern,Data End User
Associate Data Scientist,Data End User
Data Scientist - Generative AI,Data End User
Algorithm Engineer,Data End User
SAP BTP & Information Technology Security Consultant,Security End User
Research and Development,Technology End User
Associate Software developer,Technology End User
Relationship Manager,HR End User
Analyst,Data End User
Director Software development engineering,Technology Decision Maker
Software Engineer,Technology End User
Gen AI Engineer,Data End User
Founder,Other Decision Maker
Business Analyst,Other End User
Software Engineer,Technology End User
CSR,Other End User
Lead Engineer,Technology End User
Senior Manager,Other End User
Reservior Engineer,Technology End User
專案經理,Other Decision Maker
Executive,Other Decision Maker
Engineer,Technology End User
Principal Consultant,Other End User
Cloud Security Engineer,Other End User
Principal Software Engineer,Technology End User
Systems Coordinator,Technology End User
NA,Junk/Invalid
Software Engineer,Technology End User
Team Lead,Other End User
Startup,Junk/Invalid
"Product Manager, Offline payment service",Other Decision Maker
.NET Developer,Technology End User
Data Engineer / student,Industry LOB - Edu End User
Back End Developer,Technology End User
System & Network Administration,Information End User
Senior Software Engineer,Technology End User
Python Developer,Technology End User
DEVELOPER,Technology End User
Team Lead,Other End User
Technology Analyst,Technology End User
Co-Founder,Other Decision Maker
Country Information Technology Manager,Information Decision Maker
Full Stack Engineer,Technology End User
Data Engineer,Technology End User
Front-end Developer,Technology End User
Product Manager,Product Decision Maker
N/A,Other End User
Frontend Web Developer,Technology End User
Data Intelligence Platform Engineer,Data End User
Web Developer,Technology End User
Seo Specialist,Other End User
Principal Software Engineer,Technology End User
Engineer,Technology End User
Engineer,Technology End User
Senior Quality Assurance Engineer,Technology End User
Integrated Marketing Manager/Integrated Marketing & Category Management,Marketing Decision Maker
Senior Software Engineer,Technology End User
Senior Systems Analyst / Senior Software Engineer,Technology End User
Instrumentation and Control Engineer,Technology End User
Software Developer,Technology End User
Associate Software Engineer,Technology End User
Systems Engineer,Technology End User
System Engineer,Technology End User
Senior consultant,Other End User
Product Manager,Product Decision Maker
Lead Consultant - Analytics Consulting,Data End User
DATA ENGINEER/ Lead Data Engineer | Data Acquisition,Data End User
Senior Lead Software Engineer,Technology End User
Business Analyst,Other End User
Software Engineer,Technology End User
Planning Officer,Operations Executive
Sr. Backend Engineer,Technology End User
Software Engineer,Technology End User
Senior Software Engineer,Technology End User
Senior Software Engineer,Technology End User
Assistant Product Manager,Product Decision Maker
Systems Engineer,Technology End User
Manager 1,Other End User
Delivery Lead,Operations End User
Software Engineer,Technology End User
Assistant Environmental Compliance Manager,Legal End User
Senior Software Engineer,Technology End User
Branch Manager,Other End User
Executive Assistan To Chief Operations Officer,Operations End User
Senior Consultant,Other End User
Instrument Engineer,Technology End User
Product Manager,Product Decision Maker
Senior Lead – Fraud & Federated AI | Product Manager – Federated AI Platform,Other End User
Senior Ml Engineer,Data End User
Data analyst + Web Dev,Other End User
Senior Analyst,Technology End User
FTE,Junk/Invalid
Business Analyst,Other End User
Senior Software Engineer,Technology End User
Engineer,Technology End User
CEO and Data Analyst,Chief Executive
EDUCATOR,Industry LOB - Edu End User
DevOps Engineer,Technology End User
Software Developer,Technology End User
Nuclear shift test engineer,Other End User
Solution Engineer,Technology End User
Software Developer,Technology End User
Trainee engineer,Technology End User
Back End Developer,Technology End User
Frontend Developer,Technology End User
Swe - 2,Technology End User
Senior software engineer,Technology End User
Security Engineer,Security End User
Relationship Executive,HR Executive
DATA SCIENTIST,Data End User
Company Owner,Other Decision Maker
associate,Other End User
Sr Manager,Other End User
machine learning intern,Data End User
Engineer,Technology End User
Lead Software Engineer,Technology End User
Product Manager,Product Decision Maker
Engineer,Technology End User
Shift incharge,Other End User
Sr. Project Manager-Clinical Research Services,Technology End User
Developer,Technology End User
Product Manager,Product Decision Maker
Executive,Other Decision Maker
[[Unknown]],Junk/Invalid
Sales Executive,Sales Decision Maker
Assistant Product Manager,Product Decision Maker
Backend Engineer,Technology End User
Data Scientist,Data End User
Product Manager - Frozen Food,Industry LOB - Retail DM
IP Lead,Other End User
Programming Analyst,Technology End User
Lead AI Engineer,Data End User
Product Manager - Hvac,Product Decision Maker
People analytics and Platform Senior Specialist,Data End User
Qa Lead,Other End User
Junior Software Engineer,Technology End User
Software,Technology End User
Senior Product Manager,Product Decision Maker
Assistant Professor,Industry LOB - Edu End User
Senior Software Engineer,Technology End User
Wireman,Other End User
Chapter Lead,Other End User
Senior Product Manager,Product Decision Maker
Software Development Engineer,Technology End User
Senior IT Support Engineer,Information End User
Consultant Business,Other End User
Teacher,Industry LOB - Edu End User
Software developer,Technology End User
Deputy Manager,Other End User
Tech lead,Technology End User
Engineer,Technology End User
DevOps Engineer,Technology End User
Senior Software Quality Engineer,Technology End User
Software Engineer,Technology End User
Senior Product Manager - Product and Experience,Product Decision Maker
Senior Software Engineer,Technology End User
Quality Engineering Leader,Operations End User
Software Developer,Technology End User
Senior Software Engineer,Technology End User
Technology Developer,Technology End User
Cloud Engineer,Technology End User
Product Manager,Product Decision Maker
Site Reliability Engineer,Technology End User
Software Engineer,Technology End User
Sr. Frontend Developer,Technology End User
Developer,Technology End User
"Group Head, Brand Management",Marketing Decision Maker
Senior Software Developer / Iteration Manager,Technology Decision Maker
Web Developer,Technology End User
Jr.Engineer-Mechanical,Technology End User
Software Engineer,Technology End User
SAP Basis Consultant,Technology End User
Associate Software Engineer,Technology End User
Software Development Engineer 1,Technology End User
System Engineer,Technology End User
SDE - 1,Technology End User
Software Developer,Technology End User
Product Manager,Product Decision Maker
Frontend Developer,Technology End User
Lecturer,Industry LOB - Edu End User
Technical Lead,Technology End User
DevOps Engineer,Technology End User
Partner,Sales Decision Maker
Senior Software Developer,Technology End User
Operation coordinator,Operations End User
Best and good,Junk/Invalid
Trainee Software Engineer,Technology End User
Platform Engineer,Technology End User
Senior Engineer,Technology End User
Development Manager,Technology Decision Maker
Product Manager,Product Decision Maker
Assistant System Engineer,Technology End User
Senior Member Data Scientist / Applied Scientist II,Data End User
Lead Graphic Designer,Other End User
SWE,Other End User
Machine Learning Engineer,Technology End User
Staff Software Engineer,Technology End User
Worker,Other End User
Senior Lead Software Engineer,Technology End User
Product Manager,Product End User
Software Developer,Technology End User
Director - Marketing & It,Information Decision Maker
Lead Backend Developer,Technology End User
It intern,Information End User
Software engineer II,Technology End User
Senior Software Engineer,Technology End User
Founderceo,Chief Executive
Product Manager,Product Decision Maker
Senior Mining Engineer/Product Manager,Product Decision Maker
Bussinessman,Junk/Invalid
Product Developer,Product End User
Software Engineer/Research Scientist,Other End User
Executive Documentation,Other End User
New Product Introduction Project Manager,Product Decision Maker
"Lead Data Scientist, Geo",Data End User
GIS Executive,Information End User
Mobile App Developer/Mobile App Developer (Flutter),Technology End User
Founder,Other Decision Maker
Back End Developer,Technology End User
Data Analyst,Data End User
Technical Architect,Technology End User
Devops/SCM/Configuration/Developer,Technology End User
Mobile Consultant/ Mobile Developer,Technology End User
"CTO, Founding Engineer & Architect",Technology Executive
Product Manager,Product Decision Maker
CSA,Other End User
Siloam,Junk/Invalid
Lifestyle influencer,Marketing End User
Back End Developer,Technology End User
Head Of Data | Analytics Manager,Data Executive
프로,Other End User
Information Technology Security Engineer,Security End User
..,Other End User
Manager - Corporate Social Responsibility,Other End User
Information System Lead (Security),Security End User
FinCrime Analyst,Technology End User
Business Architect,Technology End User
Senior Solution architect,Technology End User
Sous Chef,Other End User
Senior Manager,Other End User
Technology Apprentice,Technology End User
DevOps Engineer,Technology End User
Data Analyst,Data End User
AIML Engineer,Technology End User
Senior Software Development Engineer,Technology End User
Customer Support,Information End User
Technical Consultant,Technology End User
Air Assistant Manager,Information End User
Senior Associate,Other End User
Software Engineer,Technology End User
Assistant Manager Software Developer,Technology End User
Software Engineer,Technology End User
Software Engineer,Technology End User
Genai Prompt Engineer,Technology End User
Senior Cloud and AI Engineer,Other End User
Intern,Industry LOB - Edu End User
Engineering Manager,Technology End User
Software Developer,Technology End User
Product Owner - Loan Product/ Unit Head of Enterprise DB,Product Decision Maker
Backend Developer,Technology End User
Product Manager,Product Decision Maker
Marketing Manager,Marketing End User
Systems Engineer,Technology End User
Lead Quality - Automation,Technology End User
Software Engineer,Technology End User
Systems engineer/Student,Information End User
Cloud Engineer,Technology End User
Associate Automation Engineer,Technology End User
Senior Software Engineer,Technology End User
Bachelor of Information Technology,Information End User
E support officer,Information End User
Outsystems Developer,Technology End User
Consultant - Abap,Technology End User
Manager - People & Culture,HR End User
Marketing Director,Marketing Decision Maker
Frontend Engineer,Technology End User
Data Scientist,Data End User
Business Development Team Lead,Sales End User
Service delivery specialist,Information End User
"""Back-End Developper, Lead Data""",Other End User
Proprietor,Other Decision Maker
Senior Associate,Other End User
Senior Consultant,Other End User
Data Engineer,Technology End User
Product Manager,Product Decision Maker
Software engineer,Technology End User
Technical Lead,Technology End User
Product Manager,Product Decision Maker
Sr Social Media Associate,Marketing End User
Backend Developer,Technology End User
Senior Data Engineer,Technology End User
Head Of Engineering,Technology Executive
Senior full stack developer,Technology End User
Software Engineer,Technology End User
Principal Architect,Technology End User
Digital Marketing & Analyst,Marketing End User
Senior Engineer,Technology End User
IT Engineer,Information End User
Software Engineer,Technology End User
Senior Product Manager (Core Experiences),Product Decision Maker
software engineer,Technology End User
Data Engineer Specialist,Data End User
Technical Project Manager,Technology End User
Product Manager,Product Decision Maker
Engineer,Technology End User
Software Development Engineer Test Lead,Technology End User
SWE,Other End User
Audit,Other End User
Senior Full Stack Developer,Technology End User
Software Engineer,Technology End User
Data Engineer,Technology End User
Senior Business Development Manager,Sales End User
Assistant professor,Industry LOB - Edu End User
System Engineer,Technology End User
Designer,Other End User
DEVOPS ENGINEER,Technology End User
Technical Service Engineer Expert,Technology End User
Sse,Technology End User
Senior Software Engineer - Mobile,Technology End User
.NET Developer,Technology End User
Senior Software Engineer,Technology End User
Senior Software Engineer,Technology End User
Mobile and Web Application Developer,Technology End User
Senior Engineer,Technology End User
Senior Associate Consultant( 5 ),Technology End User
Frontend Developer,Technology End User
Ckib,Junk/Invalid
Senior Relationship Manager,Sales End User
Team Lead - Machine Learning,Data End User
Product Owner,Product End User
Information Technology Infrastructure Engineer,Other End User
Mobile Application Developer,Technology End User
Analyst,Data End User
Service delivery specialist,Information End User
No,Other End User
.NET Developer,Technology End User
Software Engineer,Technology End User
Business Process Lead,Operations End User
associate,Other End User
Senior Risk Analyst,Finance End User
Staff Engineer,Technology End User
Staff Software Engineer,Technology End User
Senior Software Engineer,Technology End User
Fresher,Other End User
Sr PMO,Other End User
Research Engineer,Technology End User
Automation QA Engineer,Operations End User
Software Engineering Consultant,Technology End User
Technical Support Representative,Other End User
Vertical Solution & Project Manager Lead,Technology End User
Software Engineer,Technology End User
Product Manager,Product Decision Maker
Principal Engineer,Technology End User
"Senior Team Lead, Engineering",Technology End User
Solution Architect / Associate Consultant,Technology End User
Junior research fellowship,Industry LOB - Edu End User
Software Developer / Fullstack Developer,Technology End User
Principal Cloud and Devops Engineer,Technology End User
"Software Engineer, Frontend Tech Lead/Frontend Technology Lead Software Engineer",Technology End User
specialist programmer,Technology End User
Senior Technical Consultant,Technology End User
Software Developer,Technology End User
Trust and Safety new Associate,Security End User
Finance Product Manager,Finance Decision Maker
Operations Manager and Product Manager,Operations Decision Maker
Tester / Engineer,Technology End User
Senior Performance Engineer,Technology End User
Assistant Manager,Other End User
Technology Analyst / Database Administrator,Data End User
Interaction Design Analyst,Data End User
Engineer,Technology End User
Software Engineer,Technology End User
Back End Developer,Technology End User
Data Analyst,Data End User
Content Analyst,Marketing End User
Assistant Vice President,Other Decision Maker
Chief Data Scientist,Data Executive
Full Stack Engineer,Technology End User
Graduate Engineering Trainee Business,Technology End User
Mohd Asif,Junk/Invalid
Hr,HR End User
Engineering Manager,Technology Decision Maker
"""Agile Developer, Associate Ii""",Technology End User
Supply Chain Management,Operations End User
Consultant - Package Implementation,Other End User
Senior Associate Consultant,Other End User
Analyst,Data End User
Data Scientist,Data End User
Signal Engineer,Technology End User
Senior Software Design Engineer,Technology End User
Senior MIS executive/Senior Associate,Information Decision Maker
Demand manager,Operations End User
Senior Manager Product Marketing,Marketing Decision Maker
System Engineer,Technology End User
Senior IT Security Engineer,Security End User
A I Educator,Technology End User
Senior Engineer / Embedded Software Engineer,Technology End User
Data Engineer,Technology End User
Sr Social Media Associate,Marketing End User
Vice President Services (on Deputation),Other Decision Maker
SALES EXECUTIVE,Sales Decision Maker
Lead Software Engineer,Technology End User
Senior Network Engineer (Chinese Language),Information End User
Regulatory Affairs Senior  Executive,Legal Decision Maker
Lead Software Engineer,Technology End User
Software engineer 1,Technology End User
Associate consultant,Other End User
System Admin,Information End User
Senior Platform Software Engineer,Technology End User
Technical Lead,Technology End User
Associate Software Engineer,Technology End User
Project Manager,Other End User
Engineering Manager,Technology Decision Maker
Frontend Developer,Technology End User
Director & Software Developer,Technology Decision Maker
Digital Product Manager,Product Decision Maker
Sales manager,Sales End User
Principal Engineer / Principal Engineer,Other End User
Product Manager,Product End User
Data Scientist,Data End User
Technical Leader 1,Technology End User
Assistant Manager,Other End User
Senior Software Engineer,Technology End User
Process executive,Information End User
Engineer,Technology End User
"Manager, Product Lifecycle Engineering",Product Decision Maker
Engineer,Technology End User
Consultant,Other End User
Microsoft Dynamics Business Central Functional Consultant - Team Lead,Sales End User
Software Engineer,Technology End User
Senior Product Engineer,Product End User
Hlo,Junk/Invalid
Associate Director,Other Decision Maker
Web Developer,Technology End User
Software Developer,Technology End User
Regional Sales Engineer,Sales End User
Jr.Engineer,Technology End User
Frontend Developer,Technology End User
Software Developer,Technology End User
Data Engineer,Technology End User
Summer Analyst,Technology End User
Software Engineer,Technology End User
Associate Director - Business Development,Sales Decision Maker
Software Engineer,Technology End User
"Product Manager, Core Skills Division",Product Decision Maker
Trainee,Industry LOB - Edu End User
Senior Process Manager,Operations End User
SOMETHING ELSE,Other End User
Ai Intern,Data End User
Account Manager,Sales End User
product design engineer manager,Product Decision Maker
Executive/Territory Business Manager,Sales End User
Business Operations,Other End User
Software Developer,Technology End User
Product Manager,Product Decision Maker
Senior Process Executive,Information End User
Principal Software Engineer,Technology End User
Back End Developer,Technology End User
Maintenance Engineer,Operations End User
Senior Web Developer,Technology End User
Project Manager,Other End User
Senior Product Manager - Partnership  Product Lending,Finance Decision Maker
Director,Other Decision Maker
Senior Performance Engineer,Technology End User
DEVOPS ENGINEER,Technology End User
Assistant Teacher,Other End User
Data Scientist,Data End User
Senior Software Engineer,Technology End User
Junior Software Developer,Technology End User
Sejal,Junk/Invalid
Mid Weight Designer,Other End User
Data engineer,Technology End User
digital marketing manager,Marketing End User
Devops Engineer I,Technology End User
Head Of Frontend Engineering And Product,Product Executive
AI Engineer,Technology End User
Project Manager,Other End User
Network engineer,Other End User
"Software Engineer, AI Tooling",Data End User
IT Analyst,Information End User
Network operation center engineer,Information End User
主任工程師,Other Decision Maker
Global Product Manager,Product Decision Maker
AI Product Manager,Data Decision Maker
Fullstack Developer,Technology End User
Ai/Ml Senior Associate,Other End User
Manager - Risk and Consulting,Other End User
Associate Software developer,Technology End User
CEO,Chief Executive
PM,Other End User
Senior Software Engineer,Technology End User
Product Owner,Product End User
Cloud engineer,Technology End User
FMS Engineer,Technology End User
Production Engineer,Product End User
Cloud Engineer / DBA,Technology End User
IT Analyst,Information End User
Data Analyst,Data End User
Senior Product Manager,Product Decision Maker
Btech Data Science Student,Industry LOB - Edu End User
IT Excutive,Information Decision Maker
Member Of Technical Staff 2,Technology End User
Senior Data Engineer,Technology End User
Data Analyst,Data End User
Full Stack Developer,Technology End User
Software Engineer,Technology End User
It Pharmacist,Information End User
Senior Full Stack Developer,Technology End User
Ceo,Chief Executive
Engineering Lead/ Principal Engineer,Technology End User
Senior Product Manager,Product Decision Maker
Cloud Operations Engineer,Technology End User
Business Analyst,Other End User
Programmer Analyst Trainee,Technology End User
Data Engineer,Technology End User
IT Engineer Leader,Other End User
Senior Team Lead,Technology End User
Product Manager,Product Decision Maker
Cloud Engineer,Technology End User
Zonal Training Manager,HR End User
Ai Lead & Co-Founder,Technology End User
Full Stack Developer,Technology End User
Software Engineer,Technology End User
Project General Manager,Other Decision Maker
Engineer,Technology End User
swe,Other End User
Frontend Engineer,Technology End User
Sr. Engineer – Software Development Data,Technology End User
Software engineer,Technology End User
Senior Product Manager,Product Decision Maker
Health Tech Research Enthusiast,Technology End User
Data Engineer,Technology End User
Software Developer,Technology End User
Data Scientist,Data End User
"Head of Department , IIoT and digitalization",Technology Decision Maker
Software Engineer,Technology End User
Senior Full Stack Software Developer,Technology End User
Advisory System Analyst,Technology End User
Full Stack Developer,Technology End User
Product Manager,Product Decision Maker
SAMW,Junk/Invalid
Software Engineer,Technology End User
Hybrid Cloud Engineer,Technology End User
jr software engg,Technology End User
Senior Software Engineer,Technology End User
Digital Transformation Strategic,Technology End User
PM / Product Manager,Product Decision Maker
Engineer,Technology End User
Media,Junk/Invalid
Assistant consultant,Other End User
Back End Developer,Technology End User
STUDENT RECRUITMENT SPECIALIST,HR End User
Senior Software Engineer,Technology End User
Entrepreneur,Other End User
Product Manager,Product Decision Maker
Software Engineer,Technology End User
Chief Manager Digitization,Technology Executive
AI Engineer,Technology End User
Product Manager,Product Decision Maker
Site Engineer,Technology End User
Developer,Technology End User
"General Manager Marketing, Children's and Penguin Select",Marketing End User
DevOps Engineer,Technology End User
Senior Systems Manager (Clinical Product Engineering & Management),Industry LOB - Healthcare DM
Mobile Software Engineer,Technology End User
Data Analyst,Data End User
Tech Lead,Technology End User
Research Engineer,Technology End User
Product Manager - Corporate Technology,Technology Decision Maker
Sdet,Other End User
Ai Engineer,Technology End User
Cloud Consultant,Technology End User
Senior full stack developer,Technology End User
Mason,Junk/Invalid
Process Executive Data,Data Decision Maker
Product Manager,Product Decision Maker
Senior Manager (Engineering / Support),Technology Decision Maker
Software Developer,Technology End User
Program analyst traine,Data End User
Associate,Other End User
Senior Dotnet Developer,Technology End User
Software Engineer,Technology End User
Chief Manager-Corporate Social Responsibility,Other End User
Data Scientist,Data End User
Ai Developer,Data End User
Software Engineer,Technology End User
Software Engineer,Technology End User
Senior Software Engineer,Technology End User
Frontend Developer Lead,Technology End User
Data Analyst,Data End User
developer,Technology End User
Human Resource specialist/ Human Resources Executive,HR End User
Technical Documentation Specialist,Technology End User
Senior software associate,Technology End User
Senior Software Engineer,Technology End User
Software Engineer,Technology End User
Data Science Internship,Data End User
Senior UI/UX Designer,Marketing End User
Web Developer,Technology End User
Software Engineer,Technology End User
Data analyst,Data End User
Senior Assistant,Other End User
Information Technology Team Lead,Information End User
Product Category Manager SW+,Product Decision Maker
Small Medium Enterprises,Junk/Invalid
Engineer/Senior ASIC Engineer,Technology End User
Software Engineer,Technology End User
Ai Professor,Technology End User
Senior Software Developer,Technology End User
Technology Specialist,Technology End User
Software Development Manager,Technology Decision Maker
Big,Junk/Invalid
Business owner,Other Decision Maker
Proprietor,Other Decision Maker
Senior Software Developer,Technology End User
Senior Web Application Developer,Technology End User
Product Manager,Product Decision Maker
Associate Consultant,Other End User
Senior Product Manager,Product Decision Maker
Software Test Engineer,Technology End User
Product Manager - Gastroenterology & Hepatology,Other Decision Maker
Cyber Security Engineer / IT Security Engineer,Security End User
AI Engineer,Technology End User
React and Python developer,Technology End User
Process Engineer,Technology End User
Junior Software Engineer,Technology End User
DevOps Engineer,Technology End User
Sales executive,Sales Decision Maker
Sr. Developer IT,Technology End User
Associate Software Engineer,Technology End User
Am - It / Human Resources Executive,Information Decision Maker
Associate Manager,Other End User
Computer Vision Engineer,Technology End User
Product Owner Lead,Product End User
Software Developer,Technology End User
Frontend Engineer,Technology End User
Software Developer,Technology End User
Software Development Manager,Technology Decision Maker
Software Engineer III,Technology End User
Quality Team Leader,Operations End User
Cto,Technology Executive
Talent Manager,HR End User
Software Engineer,Technology End User
Technical Lead,Technology End User
Manager,Other End User
Founder,Other Decision Maker
Enterprise System Architect,Technology End User
Manager - Product Development & Implementation,Product Decision Maker
Software Developer,Technology End User
DATA ENGINEER,Technology End User
Back End & Wordpress Developer,Technology Executive
DevOps Engineer,Technology End User
Software Engineer,Technology End User
Software Engineer,Technology End User
Customer Clerical / Clerical Staff /Office Associate,Information End User
Technical Support,Technology End User
Lead Consultant,Other End User
HR service advisor,HR End User
DevOps Engineer,Technology End User
Telesales Executive,Sales Executive
Intern,Industry LOB - Edu End User
Lead Editor,Other End User
Manager,Other End User
Senior Product Manager,Product Decision Maker
Data Analyst,Data End User
EVP- Google Cloud and AI Business Unit,Technology Executive
Devops,Technology End User
Desktop support engineer L2,Sales End User
Sr. Solution Architect,Technology End User
Sap Support,Technology End User
Flutter Developer,Technology End User
Service delivery Associate,Other End User
Software Intern,Technology End User
Technical trainer,Technology End User
Engineer,Technology End User
Software Engineer,Technology End User
Senior Software Engineer,Technology End User
Project Manager,Other End User
Principal Software Engineer,Technology End User
Cloud Engineer,Technology End User
DevOps Engineer,Technology End User
Kerala,Junk/Invalid
SENIOR SOFTWARE ENGINEER,Technology End User
System Engineer,Technology End User
Senior Software Engineer,Technology End User
Senior Engineer,Technology End User
Senior Software Developer,Technology End User
Technical lead,Technology End User
Senior Consultant Specialist,Other End User
Treasury Analyst,Data End User
Marketing Specialist,Marketing End User
Project Engineer,Technology End User
Lead Software Engineer,Technology End User
Senior Engineer,Technology End User
MLOps Engineer,Technology End User
Frontend Developer,Technology End User
Analytics Senior Executive,Data Decision Maker
Senior Computer Science Faculty,Technology End User
Technical Specialist ( Ts ),Technology End User
Blockchain Developer,Security End User
Software Engineer,Technology End User
Software Engineer,Technology End User
Software Developer,Technology End User
Research Engineer,Technology End User
Front-end developer,Technology End User
Assistant Manager,Other End User
Software engineer,Technology End User
Founder,Other Decision Maker
Senior developer,Technology End User
Software Engineer,Technology End User
Manager - Sports & Experiential Marketing,Marketing End User
Marketing manager,Marketing End User
Senior Software Engineer,Technology End User
Technical Product Manager,Product Decision Maker
Engineer,Technology End User
Product Owner,Product End User
Product Manager,Product Decision Maker
Analytics Squad / Frontend Engineer,Technology End User
Assistant consultant,Other End User
Principal Software Development Engineer,Technology End User
System Engineer //Business Analyst,Information End User
Product manager,Product End User
Senior Engineer - Infosec,Security End User
Partner,Sales Decision Maker
Frontend Developer,Technology End User
Agra,Junk/Invalid
Sr Marketing Manager,Marketing End User
Data Scientist,Data End User
Data Scientist,Data End User
Frontend Developer,Technology End User
Associate,Other End User
Senior Consultant,Other End User
BDE( 1 ),Junk/Invalid
Customer Service Associates,Information End User
Atharva edits 97,Junk/Invalid
Executive,Other Decision Maker
Web developer,Technology End User
Designer,Other End User
Software Engineer,Technology End User
"Manager, Product Management",Product Decision Maker
Principal Engineer,Technology End User
Data Analyst Intern,Data End User
Specialist Programmer,Technology End User
CTO,Technology Executive
Branch manager,Other End User
Senior Product Manager/ Principal Product Manager,Product Decision Maker
Software Engineer,Technology End User
Software Developer,Technology End User
Protect all digital devices,Junk/Invalid
DevOps Engineer,Technology End User
Application Product Manager,Product Decision Maker
Senior Product Manager,Product Decision Maker
Product Owner,Product End User
Brand Manager / Lead - Procurement & Planning,Marketing End User
Engineer-Piping,Other End User
Medical billing,Industry LOB - Healthcare End User
"Manager, Engineering Dept.",Technology Decision Maker
Software Developer Manager,Technology End User
CSR,Other End User
"SAP Fiori Architect, SAP MDG Consultant",Technology End User
Frontend Engineer,Technology End User
Senior IT Support Engineer,Information End User
AI Engineer & Technical Specialist,Data End User
Area Manager,Operations End User
ENGINEER,Technology End User
Ux Designer,Product End User
Frontend Engineer,Technology End User
Manager - FP&A and Credit Controlling,Finance End User
Assistant Business Development / Business Operations Associate,Other End User
Junior Associate Engineer - Data Science,Data End User
DEVELOPER,Technology End User
Deputy Acio,Information Decision Maker
Senior Officer / O2 Senior Accountant,Finance End User
Frontend Developer,Technology End User
Delivery Boy,Other End User
Software Engineer,Technology End User
Software Developer,Technology End User
DevOps Engineer,Technology End User
Customer Solution Design Specialist,Technology End User
Network Engineer,Other End User
Senior Cloud Engineer,Technology End User
Test automation engineer,Technology End User
AI Engineer II,Data End User
Frontend Developer,Technology End User
Frontend Engineer,Technology End User
Cybersecurity Analyst / Security Engineer,Security End User
Co-Founder & CTO,Technology Executive
Additional Professor,Industry LOB - Edu End User
Senior Architect,Technology End User
Product Manager,Product Decision Maker
Software Manager | Senior Developer | IT Consultant,Technology Decision Maker
Senior Marketing Analyst,Marketing End User
Software Developer,Technology End User
Lead Frontend Developer,Technology End User
Quality Audit SME,Information End User
Commi,Junk/Invalid
associate research analyst,Technology End User
Software Developer,Technology End User
Software Developer Engineer I,Technology End User
소프트웨어 개발자,Technology End User
SE,Technology End User
Associate Consultant,Other End User
Lead consultant - Data science,Data End User
Cybersecurity Consultant,Other End User
Debit Card Business Development Sr. Specialist,Sales End User
Digital Marketing Executive,Marketing Decision Maker
Head of Digital Marketing,Marketing Decision Maker
Senior Scrum Master,Technology End User
Technical Support,Technology End User
Manager - Competitor Intelligence,Other End User
Data Scientist,Data End User
Data Scientist,Data End User
CEO & Founder,Chief Executive
Acturial analyst,Finance End User
Senior Software Engineer,Technology End User
Sysop Engineer,Technology End User
Business Consultant,Sales End User
Senior Software Engineer,Technology End User
Sre Cloudops,Technology End User
Software Development Engineer II,Technology End User
Junior Cloud Administrator,Technology End User
Product Manager,Product Decision Maker
Deputy Manager - Motor BU,Other End User
Manager,Other End User
Engineering Manager,Technology End User
Director,Other Decision Maker
System Engineer,Technology End User
Software Developer,Technology End User
iOS App Developer,Technology End User
Web Developer / Senior Engineer,Technology End User
Software Engineer,Technology End User
Systems Engineer,Technology End User
Image Quality Validation Engineer,Technology End User
ENGINEER,Technology End User
Manager CSR,Other End User
Senior Associate,Other End User
Senior Marketing Specialist,Other End User
"""Développeur, Consultant Java/J2Ee""",Technology End User
Principal Systems Architect  / Engineer,Other End User
Faculty Lecturer,Other End User
Senior Software Engineer,Technology End User
"Manager, Assets & Engineering",Technology Decision Maker
Trainee Engineer,Technology End User
Support Engg,Sales End User
Full Stack Developer,Technology End User
Software Engineer,Technology End User
Mobile Application Developer,Technology End User
Finops Analyst,Technology End User
Product Manager - Smart Home,Product Decision Maker
Devops Engineer,Technology End User
Head Of Network Monetization Sre,Technology End User
software Engineer,Technology End User
Machine Learning Engineer,Technology End User
Executive Assistant / Assistant Manager – Client Relationship Management,Other End User
Senior Frontend Developer,Technology End User
Senior Software Engineer,Technology End User
Associate,Other End User
Software Developer,Technology End User
Engineering Manager,Technology Decision Maker
Junior data engineer,Data End User
Back-End Developer,Technology End User
UI Designer,Marketing End User
Full Stack Developer,Technology End User
Architect,Technology End User
Haryana,Junk/Invalid
Data Engineer,Technology End User
Air Assistant Manager,Information End User
"Global Product Manager / Manager, Product Supply Insights",Product Decision Maker
Associate,Other End User
Senior Software Engineer,Technology End User
engineer,Technology End User
Supervisor/ Junior Superintendent,Other End User
Software Developer I,Technology End User
Customer Clerical / Clerical Staff /Office Associate,Information End User
.NET Software Engineer,Technology End User
Product Manager - SBS On Demand,Product Decision Maker
Software Developer,Technology End User
Associate Software Engineer,Technology End User
Air Conditioning,Data End User
Sales Incentives Analyst,Sales End User
Learning And Design Specialist,Marketing End User
Cricket,Junk/Invalid
Software Consultant,Technology End User
Specialist Data Engineer,Data End User
CSR,Other End User
"Manager, Marketing",Marketing End User
It Business Analyst,Information End User
Analytics Engineer,Technology End User
Professor,Industry LOB - Edu End User
Data Analayst,Data End User
HR Recruiter,HR End User
lecturer,Industry LOB - Edu End User
Integration Engineer,Technology End User
Software Developer,Technology End User
Product Support Engineer,Product End User
Assistant system engineer,Technology End User
"Partner; CEO/CIO, Private Credit and Special Situations",Chief Executive
Senior Systems Engineer,Technology End User
Lead Software Engineer / Solution Design / Developer MuleSoft / AWS,Technology End User
Data Analyst,Data End User
Executive Assistant to director and Founder,Other End User
Data Analyst,Data End User
Product Manager,Product Decision Maker
Director It,Information Decision Maker
Risk Analyst,Data End User
Senior Product Manager - Lending,Product Decision Maker
Owner,Other Decision Maker
Senior Software Engineer,Technology End User
DevOps Engineer,Technology End User
Software Developer,Technology End User
Sr Consultant,Other End User
Senior Group Product Manager,Product Decision Maker
Full Stack Developer,Technology End User
Data analyst,Data End User
Catering inflight services,Operations End User
Senior HR EXECUTIVE,HR Executive
Assistant Vice President,Other Decision Maker
Project engineer,Technology End User
Lead Software Engineer,Technology End User
Software Engineer,Technology End User
Manager,Other End User
"Product Manager, Strategy & Delivery",Product Decision Maker
Product Manager,Product Decision Maker
Software Engineer,Technology End User
Senior Software Engineer,Technology End User
Custom Software Engineering Analyst,Technology End User
Qc engineer,Technology End User
Senior DevOps Engineer,Technology End User
Engineer,Technology End User
Software Engineer,Technology End User
B.TECH CSE STUDENT,Industry LOB - Edu End User
Senior Technical Advisor - Team Lead,Technology End User
Software engineer,Technology End User
Engineer,Technology End User
Senior RPA Engineer,Technology End User
PreSales Lead,Sales End User
Software Test Engineer,Technology End User
Back End Developer,Technology End User
ETL Tester,Other End User
Software Developer,Technology End User
Payroll Specialist,Finance End User
IT Support & GRC Specialist,Information End User
DA & Quality Specialist,Data End User
Social Media Manager,Marketing End User
Assistant Manager,Other End User
engineer,Technology End User
Product Manager,Product Decision Maker
Lead Software Engineer,Technology End User
Senior software developer,Technology End User
SAP Basis Administrator,Technology End User
Software Engineer,Technology End User
Backend Developer,Technology End User
Staff nurse,Other End User
Corporate Learning Specialist,Information End User
Partner & VP of Web3 & AI engineering,Technology Executive
Engineer,Technology End User
Full-stack Developer,Technology End User
Program Manager,Other End User
IT System Engineer,Information End User
Founder,Other Decision Maker
Software Engineer,Technology End User
Backend engineer,Technology End User
Associate,Other End User
Senior Analyst Data Development,Data End User
Software Engineer,Technology End User
Product Manager,Product Decision Maker
Research Associate,Industry LOB - Edu End User
Senior Data Scientist,Data End User
Senior Software Engineer,Technology End User
Project Engineer,Technology End User
Technical In-charge / Systems and Design Member,Information End User
Process Associate,Other End User
Web Developer,Technology End User
Mobile Application Developer,Technology End User
Operations Manager,Operations End User
AI Engineer,Technology End User
Electrical Engineer,Technology End User
Software developer / Software Engineer,Technology End User
Founder / Senior Innovation Specialist,Information Executive
Air Assistant Manager,Information End User
"Java Sp, Sql & PSM Maintainer",Technology End User
Digital Product Manager,Product Decision Maker
IT support,Information End User
DevOps & AWS Intern,Technology End User
AI Engineer,Technology End User
Software Developer,Technology End User
Engineering Manager,Technology End User
AI Engineer,Technology End User
Manager,Other End User
Senior Director of Technology - Cricinfo & JioHotstar,Technology Decision Maker
Deputy Manager 2,Other End User
Senior Software Engineer,Technology End User
Senior Member Technical,Technology End User
Data Intelligence Analyst,Data End User
Program & Community Lead,Other End User
Technician,Other End User
Senior Software Developer,Technology End User
Ad Product Manager,Product Decision Maker
Senior Web Developer,Technology End User
Software Engineer,Technology End User
Regional Account Manager - APAC - OneERP,Other End User
Data engineer,Technology End User
Software Engineer,Technology End User
Senior software test engineer,Technology End User
Engineer,Technology End User
DEVOPS ENGINEER II,Technology End User
csr,Other End User
Sr Delivery Manager - AI,Technology End User
Buisness Development Manager,Technology End User
Software Developer,Technology End User
DATA SCIENTIST,Data End User
Scholar trainee,Other End User
Frontend Engineer Specialist,Technology End User
Network Engineer,Other End User
Back End Developer,Technology End User
Senior Data Scientist,Data End User
Senior Software Engineer,Technology End User
Senior CSR / Marketing Manager,Marketing End User
Software Developer,Technology End User
Senior Product Manager,Product Decision Maker
Process Engineer,Technology End User
Software Engineer,Technology End User
Web Developer/Product Leader,Other End User
Product Manager,Product Decision Maker
Consultant,Other End User
Trainee Data Analyst,Data End User
AI Engineer,Technology End User
B2B Leader,Sales End User
Full-stack Developer,Technology End User
Senior Web Developer,Technology End User
Software developer,Technology End User
lead engineer,Technology End User
Senior Software Engineer,Technology End User
Software Developer,Technology End User
Associate Consultant,Other End User
Senior Software Engineer,Technology End User
Product Manager Credit Card,Product Decision Maker
Assistant Manager -Talent Acquisition Global People & Culture,HR End User
Senior Manager - Product Development & Project Management,Product Decision Maker
Owner,Other Decision Maker
Digital Marketing,Marketing End User
Team Leader,Other End User
Associate Software Engineer,Technology End User
Senior Executive/Student,Other End User
Manager,Other End User
Software Engineer,Technology End User
Project Engineer,Technology End User
Senior Trainer,Other End User
Delivery boy,Other End User
Data Scientist,Data End User
Specialist cloud and infra,Technology End User
Operation coordinator,Operations End User
CMS Developer | Technical SEO Specialist | Performance Optimization,Technology End User
Product Manager,Product Decision Maker
"""Back-End Developper, Lead Data""",Other End User
Project Lead Full Stack Developer,Technology End User
"Software Engineer, Backend",Technology End User
Software Engineer,Technology End User
Full Stack Developer,Technology End User
Software Engineer,Technology End User
Software Engineer,Technology End User
Product Owner,Product End User
Product Manager,Product Decision Maker
Application Developer,Technology End User
Survey Product Manager,Product Decision Maker
Manager,Other End User
Sr. Backend & DevOps Engineer,Technology End User
Software Developer,Technology End User
Voice Iot Product Manager,Product Decision Maker
Founder and CEO,Other Decision Maker
DevOps Engineer,Technology End User
Automation Engineer,Technology End User
소프트웨어 엔지니어,Technology End User
Senior Analytics Manager,Data End User
Assistant Manager,Other End User
Software Engineer Intern,Technology End User
Senior Associate,Other End User
Software Engineer and Tech Lead,Technology End User
Business Development Specialist,Other End User
Junior analyst,Technology End User
Manager media planning and buying,Marketing End User
Analytics Senior Executive,Data Decision Maker
Sr. Practice Manager,Other End User
Senior Software Test Engineer,Technology End User
Senior Embedded Software Engineer,Technology End User
Senior Systems Engineer - Cloud Services,Technology End User
Product Manager,Product Decision Maker
Product Brand Manager,Product Decision Maker
Team Lead,Other End User
Head of Engineering,Technology Decision Maker
Sap analyst,Technology End User
EUC Engineer,Technology End User
Astronomer,Other End User
Technical Team Lead,Technology End User
AI Engineer | R&D/ AI Engineer,Data End User
Senior Project Engineer,Technology End User
Software developer /  Product Engineer,Technology End User
Creative Content Head,Marketing Decision Maker
Frontend Developer,Technology End User
Product Line Manager,Product Decision Maker
Digital Product Manager,Product Decision Maker
Web Developer/Product Leader,Other End User
Game Developer,Technology End User
Software Developer,Technology End User
Manager,Other End User
IT Engineer/Quality Engineer,Other End User
Site Reliability Engineer (E2),Technology End User
Marketing Director,Marketing Decision Maker
Senior Operation executive,Operations Decision Maker
Information Technology Team Lead,Information End User
Software Engineer,Technology End User
Cloud Engineer,Technology End User
Senior Data Scientist,Data End User
Owner,Other Decision Maker
Undergraduate Student,Industry LOB - Edu End User
Senior analyst,Technology End User
MACHINE LEARNING ENGINEER,Technology End User
Software Developer,Technology End User
SOMETHING ELSE,Other End User
Investigation specialist,Other End User
Digital Product Manager/Islamic Ecosystem Team Leader,Product End User
ceo,Chief Executive
Team Lead of Information Technology Security,Security End User
Solar PV Development Engineer,Technology End User
Procurement Engineer,Operations End User
Senior Project Engineer,Technology End User
Allrounder,Other End User
Full Stack Developer,Technology End User
Data Scientist,Data End User
Lead enginner,Other End User
DevOps Engineer,Technology End User
Product Manager - Group Account Services and Liquidity Management,Product Decision Maker
Data Engineer,Technology End User
Software Developer,Technology End User
"Lead Data Scientist, Geo",Data End User
AVP Product,Product Executive
Full Stack Developer,Technology End User
Senior Engineer,Technology End User
Manager,Other End User
Product Manager,Product Decision Maker
Graduate Engineer,Technology End User
Project Manager,Other End User
Software Engineer,Technology End User
Principal Engineer DevOps - Engineering Manager,Other End User
Product Engineer (Frontend),Product End User
Senior Product Manager,Product Decision Maker
Manager,Other End User
Cto,Technology Executive
Quality Manager,Other Decision Maker
Product Manager,Product Decision Maker
Devops Engineer,Technology End User
Product Owner | Product Manager,Product End User
Software Engineer,Technology End User
Deputy manager,Other End User
Software Engineer 2,Technology End User
Officer BI & Analytic Platform Operation,Data End User
Jr. Developer,Technology End User
Full-stack developer,Technology End User
Software Development Engineer,Technology End User
Business Analyst,Other End User
Deputy Product Manager,Product Decision Maker
Human Resources Management,HR End User
Sde2,Other End User
Affinity - Senior It Consultant,Information End User
Software Developer,Technology End User
Cloud Engineer,Technology End User
Consultant,Other End User
Lead Developer - Technology,Technology End User
Cloud Engineer,Technology End User
Senior Research and Development Engineer,Technology End User
AI ENGINEER,Technology End User
Consultant,Other End User
AI/ML Lecturer,Technology End User
Graphic designer,Marketing End User
Data Engineer,Technology End User
ASM,Junk/Invalid
Back End Developer,Technology End User
Business Consultant,Sales End User
Full Stack Developer,Technology End User
Software Engineer,Technology End User
Digital Product Manager,Product Decision Maker
Jira AI - Machine Learning Lead,Technology End User
Assistant Vice President,Other Decision Maker
HR & Admin Executive,HR Executive
Account Supervisor,Sales End User
Product Manager,Product Decision Maker
Production Executive,Operations Decision Maker
Software Engineer,Technology End User
Assistant Manager,Other End User
Product Associate,Product End User
Backend Developer Specialist,Technology End User
Consultant Applied AI,Technology End User
Software Engineer,Technology End User
Billing engineer,Technology End User
Data Analyst intern,Data End User
Software Engineer,Technology End User
Senior Software Engineer,Technology End User
Product Manager,Product Decision Maker
CSR,Other End User
Founder,Other Decision Maker
Software developer,Technology End User
Software Engineer,Technology End User
Frontend Developer,Technology End User
Senior Php Developer,Technology End User
Founder,Other Decision Maker
Process Advisor,Other End User
Tech lead,Technology End User
Ml Engineer/Machine Learning Engineer,Technology End User
Application Engineer,Technology End User
Cloud Engineer,Technology End User
Software development,Technology End User
Python Developer,Technology End User
Technical support Engineer,Technology End User
CSR,Other End User
Lead Front-End Developer,Technology End User
Senior Software Engineer,Technology End User
Game Development Platforms Manager,Industry LOB - Gaming DM
Senior Systems Engineer,Technology End User
Backend Developer Intern,Technology End User
Senior Executive,Other Decision Maker
Head Of Department,Other Decision Maker
Business Development Manager,Sales End User
Web Developer,Technology End User
Marketing,Marketing End User
Intern At Newtonai Technolgies,Technology End User
Product Manager,Product Decision Maker
Full-stack Developer,Technology End User
Frontend Developer,Technology End User
SME,Other End User
Development & Integration Manager,Technology Decision Maker
Product Manager,Product Decision Maker
Senior Engineer,Technology End User
Senior Process Associate,Other End User
Web Developer,Technology End User
Software Engineer,Technology End User
Product Manager,Product Decision Maker
Senior Software Developer / Development Team Lead,Technology End User
Plant  Manager,Operations End User
Senior Engineer,Technology End User
Associate,Other End User
Sr Business Analyst,Other End User
It Cc,Information End User
CSR,Other End User
Lead Software Engineer,Technology End User
Software Engineer,Technology End User
Program Officer,Other Executive
Jr. Supervisor,Other End User
Software Engineer,Technology End User
Cloud Engineer,Technology End User
Product Line Manager,Product Decision Maker
Chief Financial Officier,Finance Executive
Senior Product Manager,Product End User
AI/ml engineer,Data End User
Mm,Junk/Invalid
Crm Campaign Analyst,Technology End User
Senior Software Engineer,Technology End User
Principal Software Engineer,Technology End User
Adv,Junk/Invalid
General Sales Manager,Sales Decision Maker
BUSINESS ANALYST,Other End User
Software Engineer,Technology End User
Compliance Engineer,Legal End User
Head IT,Information Executive
Head of Product & Engineering,Product Executive
Undergraduate,Industry LOB - Edu End User
Senior Product Manager,Product Decision Maker
Project Delivery Manager,Product End User
Principal Engineering Manager,Technology End User
E-commerce & Marketplace Manager,Industry LOB - Retail DM
Technical Consultant,Technology End User
Frontend Engineer,Technology End User
Director,Other Decision Maker
Senior Software Engineer,Technology End User
Finance Manager,Finance End User
Senior Software Engineer,Technology End User
Lead software engineer,Technology End User
Associate IT Consultant,Information End User
Collection Executive/Accounts Receivable Executive,Finance Decision Maker
Back End Developer,Technology End User
"VNG is a leading technology and internet company in Vietnam, with a diverse ecosystem of technology",Junk/Invalid
"Product Manager, Health Partnerships",Industry LOB - Healthcare DM
Software Engineer 2,Technology End User
Cyber Security Engineer-L1,Security End User
Software Developer,Technology End User
Process Engineer,Technology End User
Ecommerce Specialist,Marketing End User
Chief Marketing Officer,Marketing Executive
Software Engineer,Technology End User
Systems Developer,Technology End User
Product Manager,Product Decision Maker
System Engineer,Technology End User
Senior Associate,Other End User
Head Of Design Ai Product Manager,Other Decision Maker
Senior Software Engineer,Technology End User
Senior Information Systems Engineer,Information End User
AI Engineer,Technology End User
Senior Software Development Engineer/Senior iOS Software Engineer,Technology End User
Frontend Developer,Technology End User
Mechanical Engineer,Technology End User
Developer,Technology End User
Senior Associate,Other End User
Cloud and IT Infrastructure Technology Operations and Delivery Manager,Technology End User
Corrugated box Manufacturer,Junk/Invalid
Associate Senior Technical Consultant,Technology End User
SEO Specialist,Other End User
Frontend Developer,Technology End User
Analytics Engineer,Technology End User
System Engineer,Technology End User
Senior Software Developer,Technology End User
CA Articleship,Junk/Invalid
Senior backend developer,Technology End User
System Engineer,Technology End User
Devops,Technology End User
DEVELOPER,Technology End User
speciality software engineer,Technology End User
Technology Architect,Technology End User
Staff Software Engineer/ Engineering Manager,Technology Decision Maker
Software Engineer,Technology End User
Itt,Junk/Invalid
Senior Software Consultant,Technology End User
Director,Other Decision Maker
Engineering,Technology End User
Product Manager Small Business,Product Decision Maker
project manager,Other End User
Senior Backend Developer,Technology End User
Assistant Manager,Other End User
E1,Junk/Invalid
Head Of Unit It Web Developer,Information Executive
Ai Business Analyst Lead,Technology End User
AI Engineer / Student,Industry LOB - Edu End User
Full Stack Developer,Technology End User
Scientific Officer,Other End User
Creative Producer,Industry LOB - Media Entertainment DM
Software Engineer,Technology End User
Software Engineer/Software Automation Trainee,Technology End User
DATA ANALYST,Data End User
Electronics Communication Engineering,Technology End User
Data Engineer,Technology End User
software developer,Technology End User
Test Analyst/Senior Software Engineer,Technology End User
Senior QA Analyst,Operations End User
Deputy Head| FDI Enterprise Banking Department| VietinBank Quang Minh Branch,Finance Decision Maker
Junior Engineer,Technology End User
Sr. Manager - Corporate Social Responsibility,Other End User
AI Specialist,Technology End User
Tech Lead,Technology End User
Analyst,Data End User
Full Stack Developer,Technology End User
Software Engineer,Technology End User
Product Owner,Product End User
Technical Services Team Lead  Simulation & Science ( Blacktown),Technology End User
CUSTOMER SUPPORT,Information End User
Director - Marketing,Other Decision Maker
ITA,Junk/Invalid
Diskominfo,Information End User
Na,Junk/Invalid
Co-Founder,Other Decision Maker
Software Developer,Technology End User
Test engineer ( 1 ),Technology End User
Software Engineer,Technology End User
Senior Process Executive,Information End User
No,Other End User
Software Development Manager,Technology Decision Maker
Graduate Engineer,Technology End User
Photography,Other End User
Chief Operating Officer,Chief Executive
Asst. Teacher,Industry LOB - Edu End User
Mern Stack developer,Technology End User
Software Engineering Manager,Technology Decision Maker
AI devops and Automation Engineer,Other End User
Senior Group Head - Brand Solutions,Marketing Decision Maker
"Product Manager, Student Support",Industry LOB - Edu DM
Software Engineer I,Technology End User
Principal Data Scientist,Other End User
Senior Web Developer,Technology End User
Software Engineering Team Lead/Supervior,Technology End User
Software Engineer,Technology End User
Senior Process Associate,Other End User
Deputy Branch Manager,Other End User
Boss,Other End User
Software Developer,Technology End User
AI deployment specialist,Technology End User
.NET Developer,Technology End User
Taxation Manager,Finance End User
Team Lead,Other End User
Associate Design Director,Marketing Decision Maker
Lead engineer,Technology End User
Web Developer,Technology End User
Ios Developer,Technology End User
Social Media Manager,Marketing End User
MACHINE LEARNING ENGINEER,Technology End User
Associate Consultant,Other End User
Lead Developer,Technology End User
Developer Programmer,Technology End User
Aircraft Maintenance Engineer,Operations End User
Data Analyst,Data End User
Developer,Technology End User
Senior Automation Engineer,Technology End User
Software Engineer,Technology End User
Systems Engineer,Technology End User
Analyst,Data End User
Developer,Technology End User
Senior Software Developer,Technology End User
Software engineer l1 / Python Developer,Technology End User
Data Scientist - Generative Ai,Data End User
Software Engineer,Technology End User
Senior Product Manager,Product Decision Maker
SDET,Other End User
Senior Software Engineer,Technology End User
Product Manager,Product Decision Maker
MIS Analyst,Technology End User
Engineer,Technology End User
Field Supervisor,Operations End User
Global Product Team,Product End User
Backend Developer My Telkomsel,Technology End User
Senior ITAnalyst,Information End User
Engineer,Technology End User
Infrastructure Consultant,Information End User
Technical Support Team Lead,Technology End User
Communications Partner (DER),Marketing End User
Full stack developer,Technology End User
Product Manager - Wealth,Product Decision Maker
Android Developer,Technology End User
Lead Software Engineer,Technology End User
Graduate Engineer,Technology End User
Senior Software Engineer,Technology End User
Programmer Analyst Trainee,Technology End User
Technical Lead,Technology End User
Tech Partner,Sales End User
Machine Learning Engineer,Technology End User
Founder's Office,Chief Executive
Senior Software Engineer,Technology End User
Robot Software Engineer,Technology End User
Senior Software Engineer,Technology End User
DATA ANALYST,Data End User
Relationship Manager,HR End User
Senior Team Lead - Hr,HR End User
Developer,Technology End User
Associate Director - Cybersecurity / Associate Director - Data Security & GRC,Security Decision Maker
Software Engineer,Technology End User
Senior Assistant Engineer,Technology End User
SEO Executive,Other End User
AI Engineer II,Data End User
Software Engineer,Technology End User
Developer,Technology End User
Software Developer,Technology End User
Product Manager,Product End User
Currently House Wife It Specialist(Whn Working),Information End User
Digital Banking Product Manager,Product Decision Maker
Timber Category Manager,Product Decision Maker
Solutions Manager,Other End User
Data Engineer,Technology End User
--,Other End User
Corporate Social Responsibility,Other End User
Lead,Other End User
Head of Product Growth and Engagement,Marketing Executive
Senior operations executive,Operations Decision Maker
Full Stack Web Developer,Technology End User
Back End Developer,Technology End User
Digital Product Manager,Product Decision Maker
Software Developer,Technology End User
Engineer,Technology End User
Paid Media Specialist,Marketing End User
Senior associate,Other End User
Engineer,Technology End User
Director of Product & Engineering,Product Decision Maker
Lead Data Scientist/Lead Data Scientist (Analytics),Data End User
Developer,Technology End User
Generative AI and Cloud Strategist /  AI/ML Engineer,Technology End User
Senior Developer and Project Manager,Technology End User
Relationship manager,HR End User
associate consultant,Other End User
Assistant Professor,Industry LOB - Edu End User
Senior Quality Analyst,Operations End User
Area Manager Aftersales,Other End User
Product Manager,Product Decision Maker
Product Support Engineer,Product End User
Specialist Programmer,Technology End User
Frontend Web Developer,Technology End User
Associate Professor,Industry LOB - Edu End User
Lead,Other End User
Senior Software Developer,Technology End User
Floor Manager,Other End User
Data Scientist,Data End User
Senior Project Engineer,Technology End User
Data Analyst,Data End User
Senior systems engineer,Technology End User
Employee,Technology End User
Founder,Other Decision Maker
Ios Developer,Technology End User
Engineering Manager,Technology End User
Engineer,Technology End User
Intern,Industry LOB - Edu End User
Software Engineer,Technology End User
Software Development Engineer,Technology End User
Node.js Backend Developer,Technology End User
Frontend Developer,Technology End User
Dilevery boy,Other End User
Member Engineering,Junk/Invalid
Software Engineer,Technology End User
Senior Product Manager,Product Decision Maker
Product Manager,Product Decision Maker
Engineering Lead/Staff Engineer,Technology End User
Application Developper/ Développeur applications,Technology End User
Business Analyst,Other End User
Packaged app development analyst,Technology End User
Design Engineer,Other End User
BIM Engineer,Technology End User
Firmware Engineer,Technology End User
Senior DevOps Engineer,Technology End User
Founding Engineer,Technology Executive
Technology Analyst,Technology End User
Software Engineer,Technology End User
Team Leader,Other End User
Process Simulation and Optimisation Engineer,Other End User
Software Engineer,Technology End User
Qa,Operations End User
Head Of Technology And Engineering,Technology Executive
Production Manager,Operations End User
Senior Software Engineer,Technology End User
DECLINE,Other End User
Sr Executive Client Aquisition,Sales Decision Maker
Software Engineer,Technology End User
Engineer,Technology End User
Started NEIS Training to Launch my web Development Business,Junk/Invalid
Founder,Other Decision Maker
Deskside Engineer,Technology End User
Founder,Other Decision Maker
Machine Learning Engineer,Technology End User
Social Media Manager,Marketing End User
Assistant Consultant,Other End User
Engineer,Technology End User
Devops,Technology End User
Operations Manager,Operations End User
Senior Member Technical Team,Technology End User
Machine Learning Engineer,Technology End User
Technology Analyst,Technology End User
Head Of Engineering,Technology Executive
Senior Software Engineer,Technology End User
Growth Product Manager,Product End User
Full Stack Engineer,Technology End User
Founder,Other Decision Maker
Backend Engineer,Technology End User
Senior Product Manager,Product Decision Maker
Data scientist,Data End User
Sr.Business Analyst / Cloud Infrastructure Analyst | Azure & GCP | Hybrid Business Analyst,Data End User
TME (Technology PM),Technology End User
Engineer,Technology End User
Senior Analyst,Technology End User
Medical Representative,Other End User
Senior QA Engineer,Operations End User
AI/ML Enginner,Technology End User
Devops Engineering Manager,Technology Decision Maker
TPD ANALYST,Data End User
Head of Mobile Developer,Technology Executive
Sre,Technology End User
Assistant Professor In Ai Law,Technology End User
Senior frontend engineer,Technology End User
Sales,Sales End User
DevOps Engineer,Technology End User
DevOps Engineer / Backend Team Lead,Technology End User
Lead Mobile Developer,Technology End User
Senior Platform Engineer,Technology End User
Junior Software Developer,Technology End User
Pune,Junk/Invalid
Assistant Manager,Other End User
Executive Documentation,Other End User
Relationship Manager,HR End User
Project Manager,Other End User
Machine Learning Engineer,Technology End User
project manager,Other End User
Senior Engineering Lead,Technology End User
Travel Product and Partnerships Manager,Product Decision Maker
Business manager,Other End User
Full Stack Engineer,Technology End User
Product Manager,Product Decision Maker
SDE 2,Other End User
Platform Manager,Information Decision Maker
Engineer,Technology End User
Software Developer,Technology End User
Analyst,Data End User
Digital Marketing Associate,Marketing End User
Cloud Associate,Technology End User
Software Engineer,Technology End User
Product Developer,Product End User
Frontend Software Engineer,Technology End User
Business Development Manager,Sales End User
Software Engineer,Technology End User
FIRE OPERATOR,Operations End User
Software Engineer,Technology End User
"Director, eCommerce & Growth Marketing",Marketing Decision Maker
Security Engineer,Security End User
Chief Manager,Other End User
Underwriting,Junk/Invalid
"Assistant Director, Product Owner",Product Decision Maker
Impact Delivery Manager,Other End User
ML Engineer,Technology End User
Senior Software Engineer,Technology End User
Assistant VP - Data Engineer & Machine Learning,Technology Decision Maker
Junior Architect,Technology End User
Devops Engineer,Technology End User
Erode,Junk/Invalid
Software Engineer,Technology End User
Engineer,Technology End User
Inventory Control Clerk,Operations End User
Product Manager,Product End User
Consultant,Other End User
Full Stack Developer,Technology End User
Software Developer,Technology End User
Senior Azure Integration Developer | .NET & C# | APIM | Azure Functions | Service Bus | Logic Apps,Other End User
Senior System Engineer,Technology End User
Mobile App Developer,Technology End User
Software Engineer,Technology End User
Software Engineer,Technology End User
Web Developer,Technology End User
System Engineer,Technology End User
Product Manager,Product End User
Security Architect,Technology End User
Manager,Other End User
Web Engineer,Technology End User
Full Stack Developer,Technology End User
Assistant Product Manager,Product Decision Maker
Excutive,Other End User
"Co-founder, DevOps Engineer",Other Executive
Senior Process Executive,Information End User
Product Manager,Product End User
Relationship manager,HR End User
AI Trainer,Technology End User
Senior Associate,Other End User
Frontend Engineer,Technology End User
Information Technology Infrastructure Engineer,Other End User
Data Engineer,Technology End User
Sde,Technology End User
Reservoir Engineer,Technology End User
Data Scientist,Data End User
Engineer,Technology End User
Software Engineer Frontend,Technology End User
"Senior Director, Network Engineering",Technology Decision Maker
Senior Software Engineer,Technology End User
Forensic Professional,Security End User
Senior Product Manager,Product Decision Maker
TECHNICAL SPECIALIST / Technical Architect,Technology End User
Senior Backend Developer,Technology End User
Business Process Ananyst / SAP Materials Management Consultant,Sales End User
Engineer,Technology End User
Founder,Other Decision Maker
Engineer,Technology End User
Consultant - Analytics Consulting,Data End User
Technology Lead,Technology End User
Senior software Engineer,Technology End User
Project Engineer,Technology End User
Software Engineer,Technology End User
software developer,Technology End User
Siloam,Junk/Invalid
Solution Architect,Technology End User
Junior Software Developer,Technology End User
Senior Manager (Service Benefits),Other Decision Maker
UI/UX Designer,Marketing End User
Associate Product Manager,Product End User
Software Engineer,Technology End User
GIS Executive,Information End User
Credit card Product Manager,Product Decision Maker
Sales And Marketing Intern,Marketing End User
Software tester,Technology End User
Manager- HR & Corporate Strategy,HR End User
Engineer,Technology End User
Software Engineer,Technology End User
Tutor,Other End User
Global Chief Marketing Officer,Marketing Executive
Product Manager,Product Decision Maker
Senior Software Eng,Technology End User
csr,Other End User
Senior Specialist,Other End User
AI engineer,Technology End User
ELE,Junk/Invalid
Graduate Engineer Trainee,Technology End User
"Strategic Initiatives and Communications, CEO’s Office",Marketing Executive
Software Developer,Technology End User
Project Engineer,Technology End User
Frontend Developer,Technology End User
Base Maintenance Safety Controller,Operations End User
Senior Software Engineer,Technology End User
Quality Assurance Analyst,Data End User
Hr,HR End User
Site Engineer,Technology End User
Product Manager - Group Account Services and Liquidity Management,Product Decision Maker
International Business Development Manager (EMIA),Other End User
Officer,Other End User
Senior Cloud Operation Engineer,Technology End User
Data Engineer,Technology End User
Senior Software Engineer,Technology End User
Lead Software Quality Assurance Engineer,Technology End User
Product Manager,Product Decision Maker
Application development analyst,Technology End User
Senior Software Engineer,Technology End User
electrical engineer,Technology End User
Project Manager,Other End User
Junior Cloud Fullstack Engineer,Technology End User
Senior Marketing Manager,Marketing End User
AI Engineer,Technology End User
Software Engineer,Technology End User
Product Manager,Product Decision Maker
Assistant manager,Other End User
Engineer,Technology End User
Senior Software Engineer,Technology End User
Software Engineer II,Technology End User
Trainee/Industrial Trainee,Information End User
Community Manager,Marketing End User
Software Enginneer,Technology End User
ceo,Chief Executive
Software Development Team Lead,Technology End User
EDUCATOR,Industry LOB - Edu End User
Sr. Project Engineer,Technology End User
Data Scientist,Data End User
Manager,Other Decision Maker
Senior Software Developer,Technology End User
Full Stack Software Engineer,Technology End User
Sr Specialist,Other End User
Field Marketing Manager,Marketing End User
Senior Software Engineer,Technology End User
Data Operations Analyst,Data End User
Salesforce Consultant/Lead Developer,Sales End User
Project Associate,Other End User
Junio Software Developer,Technology End User
Ai Engineer,Technology End User
Manager,Other End User
Software Engineer,Technology End User
Retail Media Product Manager,Marketing Decision Maker
Associate Analyst,Technology End User
Blockchain Engineer,Security End User
Senior Software Developer,Technology End User
Digital Product Manager,Product Decision Maker
Manager,Other End User
Machine Learning Engineer,Technology End User
Java Software Engineer,Technology End User
Data analyst Intern,Data End User
Co-founder & CTO,Technology Executive
Facility Engineer,Technology End User
Ml data associate,Data End User
Information Technology Infrastructure Team Lead,Information End User
Properiter,Sales End User
Systems Engineer (Data Engineer),Technology End User
Computer operator,Operations End User
Senior Software Engineer,Technology End User
public relationship assistant,Marketing End User
Product Manager,Product End User
Software Engineer,Technology End User
Product Manager,Product Decision Maker
Lead Technical Specialist / Senior Staff Software Engineer,Other End User
Lead of technical testing team - TCOE,Technology End User
Front End Developer,Technology End User
engineer,Technology End User
Software Engineer,Technology End User
Web developer,Technology End User
Data Analyst,Data End User
Application Developer,Technology End User
seoul gannamgu,Junk/Invalid
Senior Specialist - Package Implementation,Other End User
DevOps Engineer,Technology End User
Sales Officer,Sales Executive
Lead System Analyst / Senior IT Consultant,Data End User
Senior Product Manager,Product Decision Maker
Hardware Manager,Technology End User
SE,Technology End User
Project Engineer,Technology End User
Website Developer,Technology End User
Technical Lead Developer,Technology End User
Analytics Senior Executive,Data Decision Maker
It Analyst,Information End User
Head Of Engineering,Technology Executive
Product Manager,Product Decision Maker
National Engineering Manager,Technology Decision Maker
Software engineer / Web Developer,Technology End User
Developer,Technology End User
Aerospace Engineer,Technology End User
DevOps Engineer,Technology End User
Frontend Developer,Technology End User
Group Product Manager,Product Decision Maker
Technical Lead,Technology End User
Sistem informasi,Junk/Invalid
Marketing Manager,Marketing End User
Software Engineer,Technology End User
ENGINEER,Technology End User
Senior Executive Human Resources,HR Executive
Software Engineer,Technology End User
Intern,Industry LOB - Edu End User
Data Engineer,Technology End User
System Engineer //System Engineer Intern,Other End User
Senior Manager/Relationship Manager,Sales End User
Manager Marketing Analytics,Marketing End User
Product Manager,Product Decision Maker
Product Manager - EL1,Product Decision Maker
Software Engineer Trainee,Technology End User
iOS Developer,Technology End User
Sr ISC Project Management Manager,Product End User
Product Manager,Product Decision Maker
Data Engineer,Technology End User
Product Manager,Product Decision Maker
Principle Software Engineer,Technology End User
Delivery boy,Other End User
Software Engineer,Technology End User
Software Developer,Technology End User
Software Engineer,Technology End User
Security Engineer,Security End User
Manager,Other End User
Senior Manager,Other End User
Product Manager,Product Decision Maker
Full Stack Developer,Technology End User
Senior Business Analyst,Data End User
產品行銷經理,Other Decision Maker
Senior Geo Marketing Manager - Wipro ANZ,Marketing End User
Manager,Other End User
Developer,Technology End User
Site Reliability Engineer,Technology End User
Senior project engineer,Technology End User
Marketing development officer,Marketing Decision Maker
Project coordinator,Other End User
매니저,Other Decision Maker
Data Annotator Specialist,Data End User
Back End Developer,Technology End User
Software developer,Technology End User
Deputy Manager Marketing,Marketing End User
Back End Developer,Technology End User
"Data Engineer, Senior Software Engineer",Data End User
Product Manager,Product Decision Maker
Product Manager,Product Decision Maker
Service desk Team lead,Technology End User
Business,Other End User
Senior Full Stack Developer,Technology End User
Product Owner,Product End User
Middle Penetration Tester / Security Engineer,Security End User
UX Researcher,Product End User
Software Engineer,Technology End User
Site Engineer,Technology End User
Team Lead Customer Technical Support,Technology End User
cyber security,Security End User
State Training Manager,HR End User
Consultant,Other End User
Senior Software Engineer,Technology End User
Software Engineer / Developer,Technology End User
Senior Software Engineer,Technology End User
Frontend Developer,Technology End User
Software Engineer,Technology End User
Assistant Professor In Ai Law,Technology End User
Principal Engineer,Technology End User
Manager Financial Accounting,Finance Decision Maker
Junior Software Developer,Technology End User
Principal Consultant,Other End User
Application Developer,Technology End User
AI Engineer,Technology End User
Senior Technical Consultant & Software Engineer. Founder,Technology End User
Csr,Other End User
Frontend Developer,Technology End User
Assistant Manager,Other End User
Mortgage lending,Other End User
Reviewer,Other End User
Senior Data Scientist,Data End User
SEO Expert,Other End User
Production Support Engineer,Technology End User
ODP IT,Junk/Invalid
Biomedical Engineer,Technology End User
Senior Cloud Engineer,Technology End User
Software Engineer,Technology End User
Senior Data Scientist,Data End User
Appointment,Technology End User
Shift Engineer,Technology End User
Machine Learning Engineer,Technology End User
AI Integration and Automation Specialist,Other End User
Web Developer,Technology End User
Engineer,Technology End User
Senior DevOps Engineer,Technology End User
Software Engineer,Technology End User
Chief Programming Manager,Technology Decision Maker
Senior Software Engineer,Technology End User
Information Technology Project Manager,Information Decision Maker
Senior manager data & ai practice,Data End User
Specialist Engineer,Technology End User
Senior Software Developer,Technology End User
Sr. Manager Product Development,Product End User
Senior Software Engineer,Technology End User
Marketing Team Lead,Marketing End User
Engineer,Technology End User
Pega Decisioning Architect,Technology End User
Research associate analyst,Data End User
Data Scientist / Analytics Consultant,Data End User
Lead Editor,Other End User
Machine Learning Research Engineer,Data End User
Associate software engineer,Technology End User
Process Associate,Other End User
AI and STEM Robotics faculty,Industry LOB - Edu End User
Apac Recruiter,HR End User
Technical Lead,Technology End User
Production development engineer,Operations End User
DEVELOPER,Technology End User
DevOps Engineer,Technology End User
Lab Technologist,Technology End User
Mobile Application Developer,Technology End User
Senior Development Engineer /  Engineering Office Department Head,Other Decision Maker
Senior Product Manager,Product Decision Maker
Senior Software Engineer,Technology End User
Software Engineer,Technology End User
Project Lead,Technology End User
DEVELOPER,Technology End User
Principal Frontend Engineer,Technology End User
Java Web Developer,Technology End User
Software development engineer 2,Technology End User
Full Stack Developer InternFull Stack Developer Trainee,Technology End User
Cloud Engineer,Technology End User
Software Engineer,Technology End User
Consultant,Other End User
SRE / Lead System Engineer,Technology End User
Mansarovar,Junk/Invalid
Lead Tech,Technology End User
SDE 1,Technology End User
Customer Service Representative,Sales End User
Head of Engineering- Intelligent Enterprise / Senior Manager - Digital,Marketing Decision Maker
Back End Developer,Technology End User
Consultant,Other End User
Graduate Trainee / Frontend Developer,Technology End User
Learning Experience Analyst,Other End User
Systems Engineer,Technology End User
Software Developer,Technology End User
Associate Consultant,Other End User
Associate,Other End User
Consultant - Package Implementation - P1,Technology End User
Legal Partner,Other End User
Senior Software Engineer,Technology End User
Lead Cloud Engineer And Devops Team Lead,Technology End User
Product Manager,Product End User
Data Engineer / Assistant Manager,Data End User
System Engineer,Technology End User
Senior Process Associate (Medical Writing/ Publising -CSR),Other End User
Senior software Engineer,Technology End User
Associate,Other End User
Business Analyst,Other End User
Specialist Programmer,Technology End User
Information Technology Product Manager,Product Decision Maker
Senior Software Engineer,Technology End User
Sales and marketing,Sales End User
Engineer,Technology End User
Graduate Trainee / Frontend Developer,Technology End User
Associate Manager,Other End User
Senior Software Engineer,Technology End User
Full Stack Developer,Technology End User
Data Scientist,Data End User
Senior Analytics Manager,Data Decision Maker
Senior Devops Engineer,Technology End User
Frontend Developer,Technology End User
SDE - 2,Technology End User
Professor,Industry LOB - Edu End User
Data analyst,Data End User
Senior Software Engineer,Technology End User
Software Engineer,Technology End User
Analyst,Data End User
Manager IS,Other End User
Principal Engineer,Technology End User
Software Engineer,Technology End User
Senior Software Development Engineer,Technology End User
Vice President Sales - India and APAC,Sales Decision Maker
Sr. Product manager,Product Decision Maker
Product Manager,Product Decision Maker
Product Manager,Product Decision Maker
SDE1,Other End User
Air Assistant Manager,Information End User
"Technical Program Full Stack, M&A Digital Technology,It Infra",Information End User
Senior Software Engineer,Technology End User
Software Engineer,Technology End User
Product Manager,Product Decision Maker
Mechanical Design engineer,Technology End User
Lead Engineer,Technology End User
Product Marketing Manager,Product Decision Maker
Frontend Developer,Technology End User
Associate Director - Infrastructure Engineering,Information Decision Maker
Software Developer,Technology End User
User Experience and Communications Lead,Marketing End User
Full stack developer,Technology End User
Data Analyst,Data End User
Software Engineer,Technology End User
Cto,Technology Executive
Manager IT,Information End User
Associate TPO,Other End User
Principal Software Engineer,Technology End User
AI Product Manager,Data Decision Maker
Senior Software Engineer,Technology End User
Software Developer,Technology End User
Sr Developer,Technology End User
Software Engineer,Technology End User
Network Engineer,Other End User
Software Engineer,Technology End User
Software Engineer,Technology End User
軟體設計副理,Technology End User
R&D Team Head & AI Engineer,Technology Executive
Marketing Manager,Marketing End User
Solution Architect,Technology End User
Cybersecurity Analyst,Security End User
Senior Software Engineer,Technology End User
Executive Mentor,Other Decision Maker
Principal Engineer,Technology End User
Associate Technical Consultant - AI and Data Analytics,Other End User
Product Development Manager,Product Decision Maker
Asst manager software Engineer,Technology End User
Developer,Technology End User
Software Engineer,Technology End User
Web Developer,Technology End User
Sde,Technology End User
CEO,Chief Executive
Software Engineer,Technology End User
"Senior Manager, Product Strategy",Product Decision Maker
Product Manager,Product Decision Maker
Full Stack Developer Intern / Junior Software Engineer,Technology End User
Stock analyst,Technology End User
Assistant professor,Industry LOB - Edu End User
Data Engineer,Technology End User
Software Engineer,Technology End User
System Engineer,Technology End User
Head of Cyber Security and IT Governance,Security Decision Maker
Teacher,Industry LOB - Edu End User
Back End Developer,Technology End User
Software Engineer,Technology End User
Senior Associate Consultant,Other End User
CTO,Technology Executive
Proposals Engineer,Technology End User
Software Engineer,Technology End User
Technical Recruiter,HR End User
Software Engineer,Technology End User
System Engineer,Technology End User
Assistant Manager - Marketing,Marketing End User
Senior Software Engineer,Technology End User
Senior Executive,Other Decision Maker
Full Stack Developer,Technology End User
Lead Software Engineer,Technology End User
Proprietor and Web Developer,Technology Executive
I don't have designation I'm 16,Junk/Invalid
Software Enginner Intern,Technology End User
Software Engineer,Technology End User
Engineering Manager,Technology Decision Maker
BPM DEVELOPER/Associate,Technology End User
Graduate Engineer Trainee,Technology End User
Technical Support Engineer,Technology End User
Software Engineer,Technology End User
Technical Engineer,Technology End User
Associate Software Engineer,Technology End User
IT Project Manager,Information End User
Product Manager - AFL Clubs,Product Decision Maker
Senior Associate consultant,Other End User
Cloud Operations Specialist/Cloud Consultant -IT Specialist,Technology End User
Store Executive,Industry LOB - Retail DM
Data Scientist,Data End User
"Senior Data Analyst, Market Risk Systems",Finance End User
Software Engineer,Technology End User
Systems Engineer,Technology End User
Test Automation Engineer,Technology End User
Co-Founder,Other Decision Maker
Member Support Specialist,Other End User
Techinal lead,Technology End User
RT,Junk/Invalid
Infrastructure design Engineer,Information End User
CSA,Other End User
ARCHITECT /  Technical Product Specialist,Other End User
Mechanical Engineer,Technology End User
Coordinator,Other End User
Founder & Director,Other Decision Maker
Customer care representative,Sales End User
Senior data engineer,Technology End User
Consultant,Other End User
FTC,Junk/Invalid
Software Engineer,Technology End User
SAP Consultant,Technology End User
Software Engineer,Technology End User
Developer,Technology End User
Corrosion Engineer,Technology End User
Software Engineer,Technology End User
Professor,Industry LOB - Edu End User
Reporting Product Manager,Product Decision Maker
QA Engineer,Technology End User
Full Stack Developer,Technology End User
Senior Security Officer,Security End User
Bancassurance Product Manager,Finance Decision Maker
Student researcher,Industry LOB - Edu End User
Cloud Systems Engineer,Technology End User
Software QA Developer,Technology End User
System Enhancement Specialist,Information End User
PHP Developer,Technology End User
Digital marketing,Marketing End User
Technology Lead,Technology End User
Founder & CEO,Other Decision Maker
Developer/System Engineer,Technology End User
Group Product Manager,Product Decision Maker
Frontend Developer,Technology End User
Director Of Engineering,Technology Decision Maker
Full Stack Developer and Team Leader/Technical Product Manager & Senior Frontend Developer,Product Decision Maker
.,Junk/Invalid
Ceo,Chief Executive
Manager IS,Other End User
Technical Lead,Technology End User
Principal Engineer,Technology End User
Associate Lead Consultant,Other End User
Frontend Ui Developer,Technology End User
Backend Developer,Technology End User
Blockchain,Junk/Invalid
Technical Service Engineer,Technology End User
Account executive,Sales End User
Software Engineer,Technology End User
Operations Manager,Operations End User
Marketing Director,Marketing Decision Maker
MACHINE LEARNING ENGINEER,Technology End User
Card Product Marketing Manager,Product Decision Maker
Software Engineer,Technology End User
Full-Stack Developer | React · PHP · Microsoft Graph API · Linux,Technology End User
Senior Software Engineer,Technology End User
Gen AI Consultant,Data End User
Senior Software Engineer,Technology End User
Geospatial Reasoning Specialist,Technology End User
Vikarabad,Junk/Invalid
Product Manager- Generative AI Creative PM,Product Decision Maker
Senior Software Engineer,Technology End User
Data science Manager,Data End User
AI Evaluator/Annotator,Technology End User
Software Developer,Technology End User
AI Engineer,Technology End User
Executive Officer,Chief Executive
Software Test Engineer,Technology End User
Assistant Engineer,Technology End User
Data & Business Analytics Lead,Other End User
Product Manager,Product End User
Data Engineer,Technology End User
Research Analyst,Data End User
Analyst - Big Data Engineering,Other End User
Senior SAP Security Consultant,Security End User
Senior sales manager,Sales End User
BIM Engineer,Technology End User
Principle Software Engineer,Technology End User
Marketing Manager,Marketing End User
Product Manager - Cheese,Product Decision Maker
Senior process Associate,Other End User
ServiceNow admin,Information End User
Full Stack Developer,Technology End User
Product Manager,Product Decision Maker
Devops Engineer,Technology End User
Data Analyst,Data End User
Structural engineer,Technology End User
Executive Manager Everyday Banking Operations,Operations Decision Maker
Customer Service Representative,Sales End User
Software Engineer 1,Technology End User
Backend Engineer,Technology End User
Lead Software Development Engineer,Technology End User
Software Engineer,Technology End User
Senior Software Engineer,Technology End User
Team Manager,Other End User
Engineer,Technology End User
Site Engineer,Technology End User
Deputy Manager,Other End User
Digital Marketing Specialist,Marketing End User
Sde,Technology End User
Director Of Marketing,Marketing Decision Maker
Software Engineer,Technology End User
Consultant,Other End User
Senior Associate,Other End User
Senior Software Engineer,Technology End User
AI-ML engineer L1,Technology End User
Lead Engineer,Technology End User
Frontend Web Developer,Technology End User
Senior Engineer,Technology End User
Senior Software Engineer,Technology End User
Software Engineer,Technology End User
Coding instructor,Other End User
Senior Software Engineer,Technology End User
Product Manager,Product Decision Maker
Specialist Programmer,Technology End User
BA,Other End User
AI Developer,Data End User
Senior Officer,Other End User
Intern,Industry LOB - Edu End User
Data Engineer Manager,Data End User
Senior Product Manager,Product Decision Maker
Senior Engineer,Technology End User
Accountant,Finance End User
Senior Data Scientist / Lead Data Scientist (Analytics),Data End User
Business Lead,Sales End User
Digital marketer,Marketing End User
AI Generalist - AI and Automation / AI Governance,Data End User
Software Engineer,Technology End User
Fintech Product Manager,Product Decision Maker
Research Executive,Other End User
Design Engineer,Other End User
Auditor,Finance Decision Maker
Back End Developer,Technology End User
Acting Major Projects Coordinator,Information End User
"Software Developer, Systems Architect",Other End User
Manager,Other End User
Software Engineer,Technology End User
System Engineer,Technology End User
Engineer,Technology End User
Senior Software Engineer,Technology End User
senior solution advisor,Technology End User
Process Engineer,Technology End User
Project Lead,Technology End User
Lead Consultant,Other End User
Digital Product Manager,Product Decision Maker
Owner of the company,Other Decision Maker
Agriculture,Industry LOB - Manufacturing End User
Clerical,Information End User
Engineer,Technology End User
Associate Software Developer,Technology End User
Configuration Engineer,Technology End User
Instrument Engineer,Technology End User
Back End Developer,Technology End User
Assistant Manager,Other End User
Senior Executive,Other Decision Maker
DW/BI Architect,Technology End User
Hacker,Technology End User
Mechanical Engineer,Technology End User
Technology Analyst,Technology End User
Consultant,Other End User
Head Of Production,Operations Executive
Quality Team Lead,Operations End User
Senior Executive Information Technology,Information Decision Maker
Data Science Manager,Data Decision Maker
Software development engineer in Test,Technology End User
Software Engineer,Technology End User
Data Security (IT and OT Security),Security End User
Senior Engineer,Technology End User
Software Developer,Technology End User
Software Engineer,Technology End User
Web Developer,Technology End User
Assistant Professor,Industry LOB - Edu End User
Manager,Other End User
Solutions Engineer,Technology End User
Group Product Manager,Product Decision Maker
Senior Data Specialist,Data End User
Lead Software engineer,Technology End User
Sr It & Security Analyst,Information End User
Sr Algorithm Engineer,Data End User
Data analyst,Data End User
Amts Intern Salesforce,Other End User
Proprietor,Other Decision Maker
Mid 2025 Full Stack Developer,Technology End User
Software Engineer,Technology End User
Data Scientist,Data End User
Consultant - Package Implementation,Other End User
Project Engineer,Technology End User
Product Manager,Product End User
Senior Audit Officer,Finance Executive
Management consultant,Other End User
Software Engineer,Technology End User
Machine learning Engineer(SDE-2),Other End User
Project Engineer,Technology End User
Software Engineer,Technology End User
L6 Staff Backend Engineer (Core AI Platform),Data End User
Full Stack Developer,Technology End User
Manager - Global Partner Marketing,Marketing End User
Senior Machine Learning Engineer,Technology End User
Data Scientist,Data End User
Software support engineer,Technology End User
Software Engineer,Technology End User
Asst Design Manager,Technology End User
Product Operations Manager,Product Decision Maker
Business Analyst,Other End User
Mobile App Developer Services,Technology End User
Senir Data Engineer I,Data End User
"Manager, Task Force Marketing Communications The Lalit Chandigarh & The Lalit Ashok Bangalore",Marketing End User
Lead DevOps Engineer,Technology End User
Business Analyst,Other End User
Junior Executive,Other End User
Social Media Manager,Marketing End User
Senior Product Manager,Product Decision Maker
Software Engineer,Technology End User
Senior Product Manager,Product Decision Maker
Analyst -lll infrastructure service,Information End User
Software Engineer,Technology End User
Engineer,Technology End User
Software Engineer,Technology End User
Salesforce QA,Sales End User
Generative AI Engineer,Data End User
Director,Other Decision Maker
Content writer,Marketing End User
Systems Engineer,Technology End User
Web / Multimedia Developer,Technology End User
Java Software Developer,Technology End User
Senior Software Developer,Technology End User
DATA ANALYST,Data End User
Full Stack Developer,Technology End User
Product Engineering manager,Product Decision Maker
Project Manager,Other End User
Senior Product Manager / Product Owner,Product Decision Maker
Senior Software Engineer/Principal Software Engineer,Technology End User
Technical Lead,Technology End User
Mechanical Design Engineer,Technology End User
Software Engineer,Technology End User
Software Engineer/ 소프트웨어 엔지니어,Technology End User
Product Manager,Product Decision Maker
Engineer,Technology End User
Data science lead,Data End User
Senior Full Stack Developer,Technology End User
Graduate Engineer Trainee,Technology End User
Project Engineer,Technology End User
Media trainee,Marketing End User
Engineer,Technology End User
Analyst,Data End User
Business Head,Sales Decision Maker
Software Product Manager Supervisor/Senior Product Manager,Other Decision Maker
Senior Data Scientist,Data End User
Senior Software Engineer,Technology End User
Diploma in Computer Engineering,Technology End User
Process associate,Other End User
Security Analyst,Security End User
Product Manager,Product Decision Maker
Machine Learning Engineer (AiRS),Data End User
IT-Trainee,Information End User
Director AI,Data Decision Maker
Senior Web Developer,Technology End User
Lead HR & IR kolkata/HR & Ir Pluse Factory Lead,HR End User
Product Manager,Product Decision Maker
Software Engineer / Full Stack Engineer,Technology End User
Razz ngr igr,Junk/Invalid
Product Manager,Product Decision Maker
GenAI Developer,Technology End User
Senior Product Manager,Product Decision Maker
Summer Analyst,Technology End User
Project Management Analyst,Technology End User
Senior Software Engineer,Technology End User
Data Engineer,Technology End User
Senior Software Developer,Technology End User
It Support,Information End User
Associate AI/ML Engineer,Data End User
Application Development Associate,Technology End User
Software developer,Technology End User
Software Engineer,Technology End User
Salesforce QA Lead,Operations End User
Associate Engineer,Technology End User
Sr. Engineering Manager,Technology End User
Lead – Application Engineering,Technology End User
Director Of It Business Development,Information Decision Maker
Special Education Teacher,Industry LOB - Edu End User
CX Developer,Technology End User
Full-stack Developer,Technology End User
QA,Operations End User
Business Development Manager,Sales End User
Frontend Engineer,Technology End User
Site Engineer,Technology End User
Senior Data Scientist (Analytics),Data End User
Sr. AdTech Analyst,Other End User
Project Engineer,Technology End User
Senior System Engineer Team Lead,Technology End User
Full-stack Developer,Technology End User
devsecops engineer,Security End User
Full stack cloud developer,Technology End User
Senior Software Engineer,Technology End User
Senior Software Engineer,Technology End User
Back End Developer,Technology End User
Systems Engineer,Technology End User
HR,HR End User
DEVOPS ENGINEER,Technology End User
Grphic Designer,Marketing End User
Head Of Engineering,Technology Executive
Product Manager,Product End User
Software Engineer,Technology End User
Senior Data Engineer,Technology End User
Sr. DevOps,Technology End User
Software Developer,Technology End User
Senior Data Scientist,Data End User
Senior Software Engineer,Technology End User
Software Engineer I,Technology End User
Engineer,Technology End User
Software Engineer,Technology End User
Head of Online Marketing,Marketing Executive
Deputy Manager II,Other End User
Risk Management Analyst,Legal End User
Digital Marketing & Analyst,Marketing End User
Java Software Developer,Technology End User
Systems Engineer,Technology End User
Trade Product Manager,Product Decision Maker
Senior Devops Engineer,Technology End User
Back End Developer,Technology End User
Project Engineer,Technology End User
Global Business,Other End User
Assistant Consultant,Other End User
CO-Founder,Other Decision Maker
Data Analyst,Data End User
Senior Product Manager,Product Decision Maker
Web Developer,Technology End User
Software Engineer,Technology End User
Senior Manager,Other End User
Software Engineer,Technology End User
AI/ML Research Intern,Other End User
Senior Quality Analyst,Operations End User
Customer success associate,Sales End User
Frontend Developer,Technology End User
Mis Executive,Other End User
"DevOps, SRE, Backend / SRE Team Manager",Technology Decision Maker
Self employed,Other End User
Lead software engineer,Technology End User
Game Developer,Technology End User
Associate Vice President,Other Decision Maker
Sr. Mobile Engineer,Technology End User
Junior Web Developer,Technology End User
Deputy Paid Ads Manager,Marketing End User
AI and STEM Robotics faculty,Industry LOB - Edu End User
Training manager,HR End User
System Engineer,Technology End User
Assistant Sales Manager,Sales End User
Associate Software Engineer,Technology End User
Assistant manager,Other End User
Product Delivery Manager,Product Decision Maker
Sr Devops Engineer,Technology End User
Software Engineer,Technology End User
MACHINE LEARNING ENGINEER,Technology End User
.NET Application Developer,Technology End User
Lead Education Developer,Industry LOB - Edu End User
Software Engineer,Technology End User
Associate Director,Other Decision Maker
Software Engineer/CL3,Technology End User
Back End Developer,Technology End User
Apprenticeship,Technology End User
Back End Developer,Technology End User
SDE III,Other End User
Product manager,Product End User
PRODUCT MANAGER,Product End User
Assistant Engineer,Technology End User
Lighting Designer,Marketing End User
Associate Manager & Business Analyst - Supply at OYO USA,Operations End User
Operations Manager,Operations End User
Senior engineer IT,Information End User
Software Engineer – Individual Contributor,Technology End User
Software Engineer,Technology End User
Assistant Manager,Other End User
Technical Program Manager,Technology Decision Maker
Product Lead,Product End User
Owner,Other Decision Maker
Process Associate,Other End User
Senior System Engineer,Technology End User
Product Manager,Product Decision Maker
Consultant Linux Administrator,Other End User
Analyst,Data End User
Lead Software Developer,Technology End User
Technical Manager,Technology End User
Senior Software Engineer,Technology End User
Software Developer,Technology End User
3D Art Supervisor,Technology End User
Associate Data scientist,Data End User
Web Developer,Technology End User
"Senior Manager, Product & Technology",Technology Decision Maker
Senior Data Engineer,Technology End User
Software Engineer,Technology End User
Solution engineer,Technology End User
Full Stack Developer,Technology End User
Software Developer,Technology End User
Associate Engineer,Technology End User
Engineer,Technology End User
Engineer,Technology End User
Design Engineer,Other End User
Engineering Product Manager,Product Decision Maker
"""Agile Developer, Associate Ii""",Technology End User
Assistant Product Manager,Product Decision Maker
Lead Software Developer,Technology End User
Software Engineer,Technology End User
Lead Cloud Engineer and Observability Specialist,Technology End User
Adminstrator,Information End User
Head Of Engineering,Technology Executive
Software Engineer,Technology End User
Senior Frontend Developer,Technology End User
self-employed,Other End User
Deputy manager,Other End User
Solutions Consultant Specialist,Technology End User
Senior Cloud Engineer,Technology End User
Full Stack Developer,Technology End User
Machine Learning Engineer,Technology End User
Associate Director - Area Product Manager,Product Decision Maker
DATA SCIENTIST,Data End User
Senior Engineer - Substation Engineering,Technology End User
Senior Principal Software Engineer,Technology End User
Senior Software engineer,Technology End User
Senior Product Manager - Nine.com.au,Product Decision Maker
CSR,Other End User
Web Developer Asosiate,Technology End User
iOS Developer,Technology End User
Software Developer,Technology End User
Assistant Vice President,Other Decision Maker
Manager,Other End User
Founder & CEO,Other Decision Maker
Trainee Quality engineer,Technology End User
Senior Software Engineer,Technology End User
Web Developer,Technology End User
Senior Executive Purchase,Operations Decision Maker
Software developer,Technology End User
Data Engineer Specialist,Data End User
Machine Learning Engineer,Technology End User
Senior Data Scientist Related to Search Terms in Your Query,Data End User
Frontend Developer,Technology End User
Software Engineer,Technology End User
Sr. Advisor - Tech-enabled learning,Technology Decision Maker
Junior associate,Other End User
Software Engineer,Technology End User
Digital Product Manager,Product Decision Maker
Associate Dir- It Product & Program,Information Decision Maker
Senior Information Technology Support Engineer,Information End User
Senior Quality Assurance Engineer,Technology End User
Senior Systems Engineer,Technology End User
Software Developer,Technology End User
Technology Support Specialist,Information End User
Escalation Executive,Other End User
Assistant System Engineer,Technology End User
Software Engineer,Technology End User
Product Manager - Wetsuits and Peak,Product Decision Maker
Senior Analyst,Technology End User
"Manager, Product",Product Decision Maker
Principal Engineer,Technology End User
Informatics Operator,Information End User
Crew,Junk/Invalid
DevOps Engineer,Technology End User
Engineering Lead,Technology End User
Tech Lead,Technology End User
Engineering Manager,Technology Decision Maker
Associate,Other End User
Optometrist,Other End User
Product Manager,Product Decision Maker
DevOps Manager,Technology End User
ASST. PROFESSOR,Industry LOB - Edu End User
Assistante Ceo,Operations End User
Application Developer,Technology End User
Cloud Engineer,Technology End User
Machine Learning Engineer,Technology End User
Software Engineer,Technology End User
Cloud Engineer,Technology End User
Senior Product Manager,Product End User
Talent Supply Chain Executive - Workforce Management,Other End User
Founder & Fullstack Engineer,Technology Executive
FOUNDER,Other Decision Maker
Technical support specialist,Technology End User
IT consultant,Information End User
Developer,Technology End User
Data Scientist,Data End User
Technical Lead,Technology End User
Associate Consultant,Other End User
Frontend Developer,Technology End User
Frontend Web Developer,Technology End User
Product Expert,Product End User
AI and IT Specialist,Technology End User
Junior Executive,Other End User
Marketing Director,Marketing Decision Maker
No designation,Junk/Invalid
Student - Master Of Computer Science,Technology End User
IT Operations Team Lead,Information End User
Product Manager,Product Decision Maker
Shree ram estate,Junk/Invalid
Senior Firmware Engineer,Other End User
SDE - 1,Technology End User
Senior Data Engineer,Technology End User
Software Developer / SQL Developer,Technology End User
Graphic Designer,Marketing End User
Senior Software Developer,Technology End User
Director / Production Support Specialist,Operations Decision Maker
Senior Manager (Projects and Operations),Operations Decision Maker
Senior Associate / Data Annotator,Data End User
Software Engineer,Technology End User
Lecturer,Industry LOB - Edu End User
System Engineer,Technology End User
Lead Software Engineer,Technology End User
Software Developer,Technology End User
ui/ux designer,Marketing End User
Sales Advisor,Sales End User
Senior Software Engineer for HANA Quality,Technology End User
Site Reliability Engineering,Technology End User
Project Manager,Other End User
Am - It / Human Resources Executive,Information Decision Maker
QA Engineer,Technology End User
Technical Lead - Product Development,Product End User
Software Engineer,Technology End User
Senior Service Engineer,Technology End User
Manager,Other End User
Senior Associate Quantitative Modeling,Data End User
Data Driven Insights Analyst,Data End User
Major Fill,Junk/Invalid
Analytics Deputy Manager,Data End User
Technology Lead - Growth,Marketing End User
Trainee,Industry LOB - Edu End User
Project Manager,Other End User
Lead Software Engineer,Technology End User
Associate Software Engineer,Technology End User
Data Scientist/ Data Engineer,Data End User
Unreal Engine Developer,Technology End User
Technical Cloud Associate,Technology End User
Digital Product Manager - Digital Transformation,Product Decision Maker
Senior Analyst,Technology End User
Software Engineer,Technology End User
Cloud Engineer,Technology End User
Senior Product Manager - Communications and Special Projects,Marketing Decision Maker
Developer,Technology End User
Frontend Web Developer,Technology End User
Technical Support,Technology End User
Data Engineer,Technology End User
Imagineer - Full Stack,Other End User
Software Engineer,Technology End User
Cyber Security Engineer,Security End User
Back End Developer,Technology End User
Acting Frontend Engineer Senior Officer,Technology Executive
Fresher,Other End User
NutriCraft “24/7 Protein,Junk/Invalid
Research Intern,Other End User
Chief Strategy Officer,Chief Executive
Analyst,Data End User
Senior Associate,Other End User
"Tech Business Analyst II, Government Digital Transformation (Strategy & Plans Office)",Industry LOB - Gov End User
"Software Engineer, Developer",Technology End User
Full Stack Developer,Technology End User
Associate,Other End User
Pega Lead Developer,Technology End User
SDE II,Other End User
Partner,Sales Decision Maker
Employer Installation Representative,Other End User
Consultant,Other End User
Full Stack Engineer,Technology End User
Independent Contractor,Other End User
Software Engineer,Technology End User
Partnership Experiences,Sales End User
Piping Engineer,Technology End User
Senior Data Engineer,Technology End User
Senior Product Manager,Product Decision Maker
Full Stack AI Engineer,Data End User
DEVELOPER,Technology End User
Junior Product Manager,Product Decision Maker
Product Manager,Product Decision Maker
Laser helper,Other End User
Senior Software Engineer,Technology End User
Business Technology Solutions Associate Consultant,Technology End User
Associate Professor,Industry LOB - Edu End User
Assistant System Engineer,Technology End User
QA,Operations End User
Data analyst/Business Intelligence Engineer I,Data End User
Chief Technology Director,Technology Decision Maker
Full Stack Developer,Technology End User
Software Developer,Technology End User
PRODUCT MANAGER,Product End User
Intern At Newtonai Technolgies,Technology End User
Senior Software developer,Technology End User
Implementation Analyst,Technology End User
Engineer,Technology End User
Founder,Other Executive
Cloud Service Operation Engineer - Managed Service Team,Operations Decision Maker
Corporate Social Responsibility Manager,Other End User
Data Scientist,Data End User
Product Manager,Product End User
Staff Nurse,Other End User
Team leader / Project Manager,Other End User
Software Engineer II,Technology End User
Java Backend Developer,Technology End User
Cloud Engineer,Technology End User
Engineer,Technology End User
Software Engineer,Technology End User
Senior  QA engineer,Operations End User
Deputy Director - Corporate Social Responsibility / Head - CSR,Other Decision Maker
Value Champion of CSR / HR Manager,Other End User
IT Customer Support,Information End User
Senior Technical Program Manager,Technology End User
Founder,Other Decision Maker
Senior Backend Developer,Technology End User
Founder,Other Decision Maker
Associate Director,Other Decision Maker
Senior Business Manager/Product Manager,Product Decision Maker
Software Engineer,Technology End User
Product Manager,Product Decision Maker
Quality Assurance engineer,Other End User
State Head,Other Decision Maker
Sr Excutive Resource management/Workforce Management Specialist,HR End User
Brand Manager //Senior Brand Manager,Marketing End User
Lead,Other End User
Designer,Other End User
Software Developer,Technology End User
Faculty,Other End User
"Senior Software Engineer, Mobile (iOS)",Technology End User
Frontend Web Developer,Technology End User
Cgd,Junk/Invalid
Air Assistant Manager,Information End User
DevOps Engineer,Technology End User
Senior Engineer,Technology End User
Backend Engineer,Technology End User
Product Manager,Product Decision Maker
PHP Programmer,Technology End User
Sr Engineer,Technology End User
Manager,Other End User
Sr Devops Engineer,Technology End User
Engineer,Technology End User
Senior Data Product Manager,Product Decision Maker
Product Manager,Product Decision Maker
Software Engineer,Technology End User
Developer,Technology End User
SmartPHD Mobile Apps,Junk/Invalid
Software Engineer - Application Specialist (Government Solutions),Technology End User
Senior/Lead Product Manager,Product Decision Maker
Founder,Other Decision Maker
Principal Software Engineer / Co Founder,Technology End User
머신 러닝 엔지니어,Data End User
Lead Software Engineer,Technology End User
Software Engineer,Technology End User
Software Engineer,Technology End User
Marketing Manager,Marketing End User
Data Analyst (Machine Learning & Quantitative Systems),Technology End User
Developer,Technology End User
Staff,Other End User
Senior DevOps Engineer,Technology End User
Software Developer,Technology End User
Product Manager,Product Decision Maker
Software developer,Technology End User
Ai Full Stack Engineer,Data End User
Senior Manager - Databases,Information End User
Software Development Engineer,Technology End User
Young Professional- Programming and Solution Architect,Technology End User
System Engineer,Technology End User
Senior Associate Project Management,Product Decision Maker
Software engineer,Technology End User
Editorial Operations Assistant,Operations End User
Senior Frontend Web Developer,Technology End User
SDET,Other End User
Technical Lead,Technology End User
Program manager,Other End User
Backend Software Engineer,Technology End User
Manager,Other End User
Software Developer,Technology End User
Assistant Executive Engineer,Technology End User
Lead Software Engineer,Technology End User
Software Trainee Intern,Technology End User
Software Engineer-1,Technology End User
Assistant Manager,Other End User
IT Project Manager,Information Decision Maker
Product Manager - End User Compute,Information Decision Maker
Corporate Strategy,Other End User
"Associate Manager, Clinical & Product Development",Product Decision Maker
Junior consultant,Other End User
Data Scientist,Data End User
Senior Frontend Engineer,Technology End User
Developer,Technology End User
Senior Cloud & DevOps Engineer,Technology End User
Software Engineer,Technology End User
Software Engineer 2,Technology End User
Founding Software Engineer,Technology Executive
Software Engineer,Technology End User
Senior Frontend Developer,Technology End User
Solution Engineer,Technology End User
Product Manager,Product Decision Maker
Digital Product Manager,Product Decision Maker
Core Infra Lead,Technology End User
Associated Technical Lead,Technology End User
Gen AI,Data End User
Product Manager,Product Decision Maker
National Lead - Supply Chain Excellence,Operations End User
It Officer,Information Executive
Deputy superintendent,Industry LOB - Gov Exec
Data Engineer,Technology End User
Cloud Engineer,Technology End User
Information Technology Support Team Lead,Information End User
INTERN,Industry LOB - Edu End User
Product Engineer,Other End User
Senior Software Engineer,Technology End User
Senior Frontend Developer,Technology End User
Software Engineer,Technology End User
DEVELOPER,Technology End User
Manager,Other End User
AI Engineer,Technology End User
Senior analyst - Product Management,Data End User
Graduate Engineer Trainee,Technology End User
"CEO, Founder and CTO",Technology Executive
AI engineer,Technology End User
Business Analyst,Other End User
Java Software Engineer,Technology End User
Senior Staff Software Engineer,Technology End User
ગોંડલ,Junk/Invalid
Bim expert,Other End User
Product Manager,Product Decision Maker
Software Developer,Technology End User
DevOps Engineer,Technology End User
Artificial Intelligence Intern,Data End User
Senior Web Developer,Technology End User
SDE,Technology End User
Assistant General Manager,Other End User
Project Manager,Other End User
"""Trainee Software Test Engineer""",Technology End User
Fullstack Engineer,Technology End User
Associate AI/ML Engineer,Data End User
Software Development Engineer,Technology End User
Associate Consultant,Other End User
engineer,Technology End User
Software Developer,Technology End User
Project Engineer,Technology End User
AI Engineer,Technology End User
Client Servicing Manager,Other End User
Senior Systems Engineer,Technology End User
Software Engineer 2,Technology End User
Chief Technology Officer,Technology Executive
QA Engineer,Technology End User
Software Engineer,Technology End User
Product Manager,Product Decision Maker
Senior Back End Engineer,Technology End User
Software Engineer,Technology End User
Data Analyst,Data End User
AI and Data Science Intern,Data End User
Principal Engineer,Technology End User
Head of HR,HR Decision Maker
Software Engineer,Technology End User
Technical Lead,Technology End User
senior software engineer,Technology End User
It Wms Support,Information End User
Software Engineer,Technology End User
Lead Data Scientist | Building AI Products for Analytics,Data End User
Information Technology Infrastructure Team Lead,Information End User
Assistant Manager,Other End User
Software Engineer,Technology End User
IT Analyst,Information End User
Accountant,Finance End User
Associate Marketing Manager,Marketing End User
software Engineer,Technology End User
Team Lead,Other End User
Manager - Operational Excellence Strategic Initiatives Lead,Operations End User
Senior Engineer | Analytics & Insights,Technology End User
Site Supervisor,Technology End User
Payment Gateway Integration - Engineering Manager,Technology End User
Senior Software Engineer At Rockx | Previously,Technology End User
IT Support - Business Central Java and DIY,Information End User
Software Developer,Technology End User
Software Engineer,Technology End User
Senior Data Engineer,Technology End User
Software Developer,Technology End User
Manager,Other End User
Planning Engineer,Operations End User
DevOps Engineer,Technology End User
Associate Product Manager,Product Decision Maker
Software Engineer,Technology End User
Assistant System Engineer,Technology End User
Jr Computer scientist,Technology End User
Lead Management,Technology End User
Software Developer / Full Stack Developer,Technology End User
Vice President,Other Decision Maker
Co-Director Head Of Operations,Operations Decision Maker
ai engineer,Technology End User
Software Engineer,Technology End User
Software Developer,Technology End User
Food industry,Junk/Invalid
Software Engineer,Technology End User
Director Of Engineering,Technology Decision Maker
Software developer,Technology End User
Back End Developer,Technology End User
Software Engineer,Technology End User
Intermediate Web Developer,Technology End User
Software Engineer / Robotics and Computer Vision Software Engineer,Technology End User
Product Owner | Product Manager,Product End User
책임연구원,Other End User
Product Manager,Product Decision Maker
Principal Software Engineer,Technology End User
Graphic designer,Marketing End User
Dam Operation Coordinator,Operations End User
Apprentice,Technology End User
"Lead AI Engineer, LLM Application Developer Programme",Technology End User
Senior Product Owner,Product End User
Mining Engineer,Technology End User
Senior Software Engineer,Technology End User
Founder,Other Decision Maker
Sales manager,Sales End User
System Engineer /  Business Development Executive,Sales Decision Maker
Support Engineer,Information End User
Kepala Bagian Engineering,Technology Executive
CEO,Chief Executive
Engineer,Technology End User
Senior Software Engineer,Technology End User
Technology Lead | Senior software developer,Technology End User
Product Manager,Product Decision Maker
Senior Software Engineer,Technology End User
Senior Software Engineer Technical Lead,Technology End User
System Analyst,Technology End User
Staff Software Engineer/Information Security Manager,Technology Decision Maker
System Engineer,Technology End User
Software Engineer,Technology End User
Software Engineer,Technology End User
Executive,Other Decision Maker
MIS executive,Other End User
Finance Manager,Finance End User
software Engineer,Technology End User
Machine Learning Engineer / AI Engineer,Technology End User
Founder,Other Decision Maker
Graduate engineer trainee( 1 ),Other End User
Full Stack Engineer,Technology End User
DevOps Engineer,Technology End User
Assistant Product Manager,Product Decision Maker
Software Engineer,Technology End User
EPC Tools Developer,Technology End User
Chief Executive Officer,Chief Executive
Audio Engineer,Technology End User
Sales Specialist,Sales End User
Frontend Web Developer,Technology End User
Digital Product Owner,Product End User
Senior System Engineer ( 3 ),Information End User
Software Developer,Technology End User
Senior Software Engineer,Technology End User
UX/UI Designer,Marketing End User
Business Analyst,Other End User
Product Manager,Product Decision Maker
Engineer,Technology End User
Full Stack Engineer,Technology End User
Product Manager,Product Decision Maker
Chief Operating Officer,Chief Executive
Market Research Intern,Marketing End User
Technology analyst,Technology End User
Assistant Manager,Other End User
Associate Technical Consultant - Cloud Engineer,Technology End User
Solutions Engineer,Technology End User
Sr it support specialist,Information End User
Founder and CEO,Chief Executive
Product Manager Insurance Payment Platform,Product Decision Maker
Senior Software Engineer,Technology End User
AI/ML Engineer,Data End User
Teacher,Industry LOB - Edu End User
Managing partner,Other Decision Maker
Data Scientist/Specialist Data Scientist,Data End User
SEO Joint Manager,Marketing End User
Software Engineer Trainee,Technology End User
Senior Product Manager,Product Decision Maker
Technical Lead,Technology End User
Back End Developer,Technology End User
Partner,Sales Decision Maker
Csm,Junk/Invalid
Senior Associate,Other End User
Automation Developer,Technology End User
Manager Management Consulting,Other End User
Product Manager,Product Decision Maker
Assistant Vice President,Other Decision Maker
Chief Software Engineer,Technology Executive
Senior Software Engineer,Technology End User
Senior Chief Engineer,Technology End User
Software Engineer,Technology End User
Principal Product/Project Manager / Account Manager,Product End User
Senior software Engineer,Technology End User
Software Developer,Technology End User
Full-stack Developer,Technology End User
Technical Team Lead,Technology End User
Consultant - Digital Data & Analytics,Data End User
Risk Compliance Manager,Finance End User
Partner,Sales Decision Maker
Fullstack Developer,Technology End User
Solutions Architect (Data & AI),Data End User
AI Engineer,Technology End User
Owner,Other Decision Maker
DEVELOPER,Technology End User
AI Engineering,Data End User
Cinematographer,Other End User
Technical Product Manager,Product Decision Maker
Platforms & Solutions Associate Analyst,Data End User
Junior Perfomance Marketing Executive,Marketing Executive
Senior Design Verification Engineer,Marketing End User
Team Lead,Other End User
Cloud Architect,Other End User
IT Operations & Digital Systems Officer,Information End User
Software Engineer 2,Technology End User
Software Engineer,Technology End User
Software Engineer,Technology End User
Sr Project Coordinator,Technology End User
Full stack DevOps Engineer / Tech Lead,Technology End User
Ai Lead & Co-Founder,Technology End User
senior software engineer,Technology End User
Senior Software Engineer,Technology End User
Analyst,Data End User
System Analyst,Technology End User
Desginer Engineer,Technology End User
Intern/Data Analyst,Data End User
Team leader,Other End User
Programmer analyst trainee,Technology End User
Technology Analyst,Technology End User
Product Operations Manager,Product Decision Maker
Indosat,Junk/Invalid
DECLINE,Other End User
Engineer,Technology End User
Facilities Engineer (Process),Operations End User
Fresher,Other End User
Software Engineer,Technology End User
INSURANCE MANAGER,Other End User
Business Development Dept. Head,Sales Executive
System operator,Information End User
Project manager,Other End User
Software Engineer,Technology End User
Co-founder,Other Decision Maker
Creative Producer Branded Content,Other End User
Software Developer,Technology End User
CEO of AI Agent Workforce,Chief Executive
Employee,Technology End User
Lead Frontend Developer,Technology End User
Digital Product Manager,Product Decision Maker
Mobile Application Developer,Technology End User
Head Of Administration,Other Decision Maker
Project Engineer,Technology End User
Account Manager,Sales End User
Mobile App developer,Technology End User
CSO,Chief Executive
"Managing Director, Tencent Investment",Other Decision Maker
Engineer( 4 ),Other End User
Senior Server Engineer,Technology End User
Senior Product Manager,Product Decision Maker
Developer,Technology End User
Technical Solutions Consultant | Application Performance Analytics,Technology End User
Pic,Junk/Invalid
Marketing Manager,Marketing End User
"Senior Assistant Professor/Sr.Asst.Professor, Department of AI&DS",Other End User
Consultant,Other End User
Deputy Team Lead/ IT Tech Team Lead,Information End User
engineer,Technology End User
Flutter Developer,Technology End User
Associate Principal Engineer,Technology End User
Senior Back-End Software Engineer,Technology End User
Software Development Engineer 1,Technology End User
Principal Consultant,Other End User
Business Analyst,Other End User
Senior Frontend Developer,Technology End User
Head of GTM Digital Experience Suite,Marketing Executive
Analyst,Data End User
Product Manager,Product Decision Maker
Recently My Designation is Field Sales Executive,Sales Decision Maker
Software Engineer,Technology End User
Lead Product Manager - Video,Product End User
Associate Product Manager Wondr by BNI,Product Decision Maker
Aryan Vlogger,Junk/Invalid
Financial Analyst,Finance End User
GTM Engineer,Technology End User
Full Stack Developer,Technology End User
"Technical Product Owner and Solution, Senior Lead @ Partior",Product End User
Product Lead (Powershop),Product End User
Computer Operater,Operations End User
Senior Product Manager/Category Account Manager,Product Decision Maker
Senior Product Manager,Product Decision Maker
Engineer,Technology End User
Not applicable,Technology End User
Senior Software Developer,Technology End User
Senior Software Engineer,Technology End User
Software Engineer,Technology End User
Director,Other Decision Maker
Ai Sr Manager,Technology End User
Software Engineer,Technology End User
Product Manager - Investment Funds,Finance Decision Maker
Forward Deployed Engineer (FDE),Technology End User
Technical Trainer,Technology End User
Frontend Developer,Technology End User
Software Engineer,Technology End User
Senior Risk Analyst,Finance End User
Back End Developer,Technology End User
Senior Software Engineer,Technology End User
Consultant,Other End User
Technical Lead,Technology End User
Software Engineer,Technology End User
SQL Developer @ bitsCrunch | BE in Computer Science and Engineering,Technology End User
Architect,Technology End User
Business Analyst,Other End User
Assistant Professor,Industry LOB - Edu End User
Relationship Manager,HR End User
Senior Lead Planner - Pmo,Operations End User
Web Developer,Technology End User
Full Stack Developer & Technical Architect,Technology End User
Inside sales executive,Sales Executive
Scheme Process Owner,Other Executive
Researcher,Other End User
Software And Ops Engineer,Technology End User
Data Engineer I,Data End User
Sr. Manager - D365 Solution Architect,Technology End User
Principal Data Scientist /  Engineering Manager - AI,Technology End User
nothing,Other End User
Software Engineer,Technology End User
DevOps / Cloud Engineer,Technology End User
System Engineer,Technology End User
Duty Medical Officer,Other End User
Software Engineer,Technology End User
Senior Product Manager,Product Decision Maker
Senior Technical Lead,Technology End User
Data Engineer,Technology End User
Deputy Manager,Other End User
Network Engineer,Other End User
Assistant Engineer,Technology End User
Full Stack Engineer,Technology End User
"""Director, Partner Network""",Information Decision Maker
engineer,Technology End User
Technical Lead,Technology End User
Product Manager,Product Decision Maker
Senior Data Analyst,Data End User
"Senior Supervisor, Corporate Social Responsibility",Other End User
Full Stack Developer,Technology End User
Lead Engineer/DevOps Engineer,Technology End User
Branch Manager,Other End User
Software Engineer,Technology End User
Software Engineer,Technology End User
Technical Team Lead,Technology End User
Software Engineer,Technology End User
Field Services Engineer - Rotating Equipment,Technology End User
Principal ML Engineer,Data End User
Systems Engineer,Technology End User
Senior Software Engineer/Lead Software Engineer,Other End User
Technical Lead,Technology End User
Software Engineer II/Software Engineer III,Technology End User
Senior Frontend Developer,Technology End User
Senior Software Engineer,Technology End User
Associate Ai Consultant,Technology End User
Marketing Director,Marketing Decision Maker
AI Software Engineer,Technology End User
IT Analyst,Information End User
Software Engineer,Technology End User
Software Developer,Technology End User
IT Engineer,Information End User
System associate,Technology End User
Solution Developer,Technology End User
Customer care representative,Sales End User
Software Engineer,Technology End User
HR manager,HR End User
Technical Motor Claims Team Lead,Other End User
Senior Web Engineer,Technology End User
Software Engineer Supervisor,Technology End User
Associate Director,Other Decision Maker
Assistant Consultant,Other End User
Manager,Other End User
Software engineer Trainee,Technology End User
Associate,Other End User
Senior Software Engineer,Technology End User
Systems Engineer,Technology End User
Research Consultant,Technology End User
Systems Associate,Technology End User
Customer Support,Information End User
Packaging Engineer,Technology End User
Game Developer,Technology End User
Senior Software Engineer,Technology End User
Qa,Operations End User
Cloud Engineer/Atlassian Cloud Expert II,Technology End User
DECLINE,Other End User
GM - OPERATIONS,Operations End User
Associate cloud architect,Technology End User
Fashion design,Other End User
Marketing manager,Marketing End User
Product Manager,Product Decision Maker
Consulting Specialist,Information End User
sales coordination & operation,Sales End User
..,Other End User
Automation Manager,Technology End User
Global Talent Acquisition,HR End User
traniee software engineer,Technology End User
Product Manager,Product Decision Maker
Technical Team Lead - Digital Transformation,Technology End User
AD,Other End User
Data Engineer,Technology End User
Cyber Security Analyst,Other End User
Data Engineer,Technology End User
Product Manager,Product End User
System Engineer,Technology End User
Cloud Engineer,Technology End User
Software Development Team Lead/ Architect,Technology End User
Software Developer,Technology End User
Senior Product Manager,Product Decision Maker
Ai Associate,Data End User
ITA,Junk/Invalid
Back End Developer,Technology End User
Technical Product Manager,Product Decision Maker
Technical Architect,Technology End User
Marketing Manager,Marketing End User
Staff Software Engineer,Technology End User
Information Technology Support Team Lead,Information End User
Software Engineer,Technology End User
Senior Software Engineer,Technology End User
Consultant Trainee,Other End User
Syariah Funding Product Manager,Finance Decision Maker
Head of Payments,Finance Executive
Software Quality Engineer,Technology End User
Product Manager,Product End User
Senior Product Manager,Product Decision Maker
Consultant,Other End User
Co-Founder,Other Decision Maker
Software Engineer,Technology End User
Senior Analyst,Technology End User
Software Developer,Technology End User
Senior Software Developer/Lead Software Developer,Technology End User
Senior Software Engineer,Technology End User
Engineer,Technology End User
Telecommunication Engineer,Technology End User
Product Engineer,Other End User
Intern,Industry LOB - Edu End User
Web Developer,Technology End User
Associate IT consultant,Information End User
Regional Marketing Manager,Marketing End User
Product Owner,Product End User
Shift Engineer,Technology End User
Cloud Engineer III,Technology End User
DevOps Engineer,Technology End User
Senior Product Manager,Product Decision Maker
Project Manager,Other End User
DATABASE ADMIN,Information End User
Software Engineer,Technology End User
Cloud Engineer,Technology End User
Sde,Technology End User
Assistant Consultant - Iiot,Technology End User
Marketing Manager,Marketing End User
Sr. Data Sre,Technology End User
Associate,Other End User
Software Engineer,Technology End User
Data Science Intern,Data End User
Associate Software Engineer,Technology End User
Country Manager - Communications & Sustainability,Other End User
Senior Generative AI Engineer,Technology End User
Lead Digital Consultant,Marketing End User
Mechanical Engineer,Technology End User
Application Delivery Manager,Technology End User
Software Engineer Backend,Technology End User
Senior Software Engineer,Technology End User
Engineer,Technology End User
Director Of Engineering,Technology Decision Maker
Software Developer,Technology End User
Security Engineer,Security End User
Software Engineer,Technology End User
Engineer,Technology End User
Management Trainee/Student,Other End User
Senior Fullstack Developer,Technology End User
Analytics Engineer,Technology End User
Head of Analytics Engineering - Product Data Science,Technology Executive
System Engineer,Technology End User
Software Engineer,Technology End User
Junior Software Developer,Technology End User
"Front-end Web Developer / Director, Corporate Development",Technology Decision Maker
Senior Executive-Technical Solutions,Technology Decision Maker
Software Developer,Technology End User
Chief Product Officer & Business Head,Product Executive
Team Lead,Other End User
Associate Software Engineer,Technology End User
Lead Software Engineer,Technology End User
Backend Developer AI/Middle Officer,Other End User
Brand Manager,Marketing End User
System Engineer,Technology End User
Principal Product Manager,Product Decision Maker
Senior Data Scientist for the cancer screening group,Data End User
Product Manager,Product Decision Maker
Senior Software Engineer,Technology End User
Product Manager,Product Decision Maker
Product Manager,Product End User
Software Engineer / 엔지니어,Technology End User
Caretaker,Other End User
Co-founder & COO,Chief Executive
Consulting: Other,Information End User
wu,Junk/Invalid
Associate Consultant,Other End User
SAP S/4HANA Solution Architect,Technology End User
Consultant - AI Labs (AIX),Other End User
Product Manager - My Health Record,Industry LOB - Healthcare DM
Software Engineer,Technology End User
Business analyst,Other End User
BRE,Junk/Invalid
Technical Program Manager,Technology End User
senior associate,Other End User
Head Of Department (Physical Medicine & Rehabilitation),Other Decision Maker
Senior Software Engineer I,Technology End User
Engineer,Technology End User
Lead Developer,Technology End User
Senior Software Engineer,Technology End User
Application Developer,Technology End User
Senior Manager,Other End User
Principal Software Engineer,Technology End User
Google,Junk/Invalid
"Frontend Developer, Mobile Developer",Technology End User
Data Scientist,Data End User
Software Engineer,Technology End User
Legal Associate,Legal End User
Planning Engineer/ Wide Body Production Engineering Department Head,Operations Executive
Backend & DevOps Engineer,Technology End User
Project Engineer,Technology End User
Product Manager,Product Decision Maker
Senior Software Engineer,Technology End User
Branch Credit Manager,Finance End User
Software Engineer,Technology End User
Data engineer,Technology End User
Senior Product Manager,Product Decision Maker
developer,Technology End User
Technical Trainer,Technology End User
"Assistant Principal Engineer, Technical Operations Team Lead",Other End User
Senior Engineer,Technology End User
Product Manager,Product End User
Co-Founder/ Head of Operations,Operations Decision Maker
Hub Assistant,Other End User
Engineer,Technology End User
Business Technology Solutions Associate Consultant,Technology End User
Principal Software Engineer,Technology End User
Senior SDET,Other End User
Account Manager,Sales End User
Manager,Other End User
Head of Product Management,Product Executive
Product Manager,Product Decision Maker
Software Test Engineer.,Technology End User
Consultant Anaesthesiologist,Other End User
Senior Software Engineer,Technology End User
Senior Principal Analyst,Technology End User
Technical Consultant,Technology End User
GenAI Data Scientist,Data End User
Product Manager,Product Decision Maker
Managemnet trainee,Other End User
Product Manager,Product Decision Maker
Android Developer,Technology End User
Data Analyst,Data End User
Data Engineer,Technology End User
IT Administrator Team Lead,Information End User
Senior Software Engineer,Technology End User
Java Developer,Technology End User
Software Architect,Technology End User
Mechanical Engineer,Technology End User
Analyst,Data End User
Associate Product Manager,Product Decision Maker
Software Engineer,Technology End User
Software Developer,Technology End User
Software Engineer,Technology End User
Data Analyst,Data End User
Senior Associate,Other End User
Senior Software Engineer,Technology End User
Head of Engineering,Technology Executive
PRODUCT MANAGER,Product Decision Maker
System Engineer,Technology End User
Solution Architect,Technology End User
Software Engineer,Technology End User
Junior Devops Engineer,Technology End User
DEVELOPER,Technology End User
Cto,Technology Executive
"Senior Product Manager, Apps",Product Decision Maker
Regional Manager,Other End User
Software Engineer,Technology End User
Associate,Other End User
Content Producer,Marketing End User
Frontend Developer,Technology End User
Software Engineer,Technology End User
Data Engineer,Technology End User
Data Scientist,Data End User
Automation Engineer,Technology End User
AGM - Corporate Social Responsibility,Other End User
Technical Lead Backend,Technology End User
Software Engineer,Technology End User
Co-Founder,Chief Executive
Web Developer,Technology End User
Integration Engineer,Technology End User
Human health,Junk/Invalid
Product Manager,Product Decision Maker
Senior Solution Architect,Technology End User
Test Engineer,Technology End User
JEWELCAD DESIGNER,Junk/Invalid
Trackwork Engineer,Other End User
Programmer,Technology End User
Data Scientist,Data End User
Software Associate,Technology End User
Senior Data Engineer,Technology End User
Machine Learning Engineer,Technology End User
Product Manager,Product Decision Maker
Frontend Web Developer,Technology End User
Management Information System Analyst,Information End User
Product Analyst,Product End User
Software Engineer,Technology End User
Customer service professional,Information End User
Assitant customer marketing manager,Marketing End User
Senior Video Editor,Marketing End User
DECLINE,Other End User
Senior Data Analyst,Data End User
Staff Software Engineer,Technology End User
Data Specialist,Data End User
Full Stack Software Developer,Technology End User
Product Quality section manager,Product Decision Maker
Head of Unit - Software Engineer,Other Executive
Data Head of Engineering,Data Executive
Ui Designer,Marketing End User
Cloud Engineer,Technology End User
Team Lead,Other End User
Senior software engineer,Technology End User
Developer,Technology End User
Apprentice,Technology End User
Indonesia,Junk/Invalid
Software Engineer,Technology End User
Assistant Manager,Other End User
Full Stack Developer,Technology End User
Product Owner,Product End User
Senior Test Engineer,Technology End User
Supervisor of Software Engineer,Other End User
Business Analyst,Other End User
Microsoft 365 Product Manager,Product Decision Maker
Senior software engineering,Technology End User
Associate,Other End User
AI Engineer,Technology End User
Web Developer,Technology End User
Learning & Development Specialist,Technology End User
Associate Program Manager,Other End User
Digital Operation Executive,Operations Decision Maker
Software Engineer,Technology End User
"Senior Product Manager, Retirement Solutions",Finance Decision Maker
IT team lead,Information End User
Software Engineer,Technology End User
Data analyst,Data End User
Systems engineer,Technology End User
Senior Software Engineer,Technology End User
Software Engineer,Technology End User
Devops Architect,Technology End User
AEM Lead Developer,Technology End User
Lead Software Engineer,Technology End User
Frontend Developer,Technology End User
Web Developer,Technology End User
Associate,Other End User
Software Engineer Lead,Technology End User
Software Engineer,Technology End User
"Associate Category Manager - Strategy, Growth & Revenue",Marketing End User
Software Engineer,Technology End User
Delivery Manager / Senior Manager,Other End User
"MLOps Engineer, Software Engineer",Technology End User
Quality Manager,Other End User
Software Engineer,Technology End User
Product Manager,Product Decision Maker
Engineer,Technology End User
Co founder,Other Decision Maker
Senior Data Engineer,Technology End User
Engineer,Technology End User
Software Developer Senior Analyst,Technology End User
Project Engineer / Project Manager,Technology Decision Maker
Custom software Engineer analyst,Technology End User
Senior Software Developer,Technology End User
Product Manager - Mining Shovels and Drills and Large Dozers,Industry LOB - Manufacturing End User
M.p nagar zone 2,Junk/Invalid
Director,Other Decision Maker
Associate Marketing Manager - Brand,Marketing End User
Program manager,Other End User
AI Engineer II,Data End User
Service Desk Engineer,Information End User
Devops Engineer,Technology End User
Software Engineer,Technology End User
IT,Junk/Invalid
Full Stack Developer,Technology End User
Data Product Manager,Product Decision Maker
Product Manager,Product Decision Maker
Lead Data Scientist Related to Search Terms in Your Query/Lead Data Scientist,Data End User
Network Administrator,Information End User
Software Engineer,Technology End User
Principal Architect,Technology End User
Senior Customer Service Associate,Information End User
Assistant Manager Digital Experience - Travel Shopping,Marketing Decision Maker
Counselor ( 1 ),Legal End User
Software Engineer,Technology End User
System Engineer,Technology End User
SDE-1,Other End User
Manager,Other End User
Co-Founder & CTO,Technology Executive
Software Engineer,Technology End User
Lead Data Scientist,Data End User
Website Product Manager,Product Decision Maker
Software Developer,Technology End User
Product Developer,Product End User
ardianharyo,Junk/Invalid
Software Developer,Technology End User
Senior Analyst,Technology End User
It Teacher,Information End User
Project Engineer,Technology End User
Grab - Senior Machine Learning Engineer,Technology End User
Frontend Engineer,Technology End User
Software Engineer,Technology End User
Senior General Manager Of Product,Product Decision Maker
Technical Test Lead,Technology End User
Back End Developer,Technology End User
Steam Engineer,Technology End User
Operations Manager,Operations End User
Project Lead/Administrator,Other End User
Ai Ai,Other End User
Software Engineer,Technology End User
Data Analyst,Data End User
a1,Junk/Invalid
software developer,Technology End User
Solution Architect,Technology End User
Full Stack Developer,Technology End User
Frontend Developer,Technology End User
Product Technical Analyst,Product End User
Ai Delivery,Data End User
School,Other End User
Consultant,Other End User
Data Analyst,Data End User
Ok,Other End User
Fullstack Web Developer,Technology End User
no,Other End User
Associate Consultant,Other End User
FinTech & Digital Initiatives Lead,Technology End User
Software Engineer / Senior Software Engineer,Technology End User
Technical Manager,Technology End User
Director of Engineering,Technology Decision Maker
CBM engineer/pdm engineer,Technology End User
Machine Learning Engineer / AI Engineer,Technology End User
Na,Junk/Invalid
Full Stack Engineer,Technology End User
DevOps Engineer,Technology End User
Digital Marketing Executive,Marketing Decision Maker
Software Engineer,Technology End User
UX/ UI Designer,Marketing End User
software engineer,Technology End User
Assistant Manager,Other End User
Principal - Architecture,Technology End User
Consultant,Other End User
Full Stack Developer,Technology End User
Trainee Engineer,Technology End User
Audiologist and Speech Language Pathologist,Other End User
Consultant,Other End User
Senior Software Engineer,Technology End User
"""Desarrollo De Negocio, Marketing Cloud""",Technology End User
Trade Product Manager,Product Decision Maker
Data analyst trainee,Data End User
Manager - Planning,Operations End User
Software Engineer,Technology End User
Product Manager,Product Decision Maker
Software Product Mgmt Associate Manager,Product End User
Technical Product Manager,Product Decision Maker
PRODUCT MANAGER,Product End User
Operation specialist,Operations End User
Autonomous Product Engineer,Product End User
Sr Technical Executive(Oracle),Technology Decision Maker
Technical lead,Technology End User
System engineer,Technology End User
Sr. Executive SEO,Marketing End User
Software Engineer,Technology End User
QA Manager,Other End User
PRODUCT MANAGER / Audit Software Developer,Product End User
Systems Engineer,Technology End User
Senior Software Engineer,Technology End User
DevOps Engineer,Technology End User
Team lead,Other End User
Ai Engineer,Technology End User
Software Engineer,Technology End User
Founder,Other Decision Maker
Data Scientist,Data End User
Systems Engineer,Technology End User
Product Manager,Product Decision Maker
Software Engineer,Technology End User
Fast Food,Other End User
Machine Learning Engineer,Technology End User
Systems Engineer | Data Scientist - API Analytics & Development,Data End User
Senior Executive,Other Decision Maker
Software Engineer //Programmer Analyst,Technology End User
Associate Engineer,Technology End User
Product Manager - Collectors' Portal,Product Decision Maker
Senior Software Engineer,Technology End User
Senior Architect,Technology End User
Full-Stack Engineer,Technology End User
Analyst,Data End User
Associate AI Engineer,Data End User
Software Engineer,Technology End User
Senior Principal Software Engineer,Technology End User
Associate Program Manager,Other End User
Site Reliability Engineer/Specialist,Technology End User
Product Manager,Product Decision Maker
Information Communication Technology Engineer,Information End User
Senior Software Engineer,Technology End User
Social Media Marketing Manager,Marketing End User
Assistant Manager Product Engineer,Product End User
Proprietor,Other Decision Maker
Senior Elixir Developer,Technology End User
System Engineer,Technology End User
Software & Machine Learning Engineer,Technology End User
IT Analyst,Information End User
Independent Developer/Blockchain Developer,Security End User
Project Engineer,Technology End User
Frontend Developer,Technology End User
Senior Engineer,Technology End User
Software Engineer,Technology End User
Software Engineer,Technology End User
Product Owner of Zonal Controller,Product End User
Product Manager,Product Decision Maker
Senior Product Manager (Core Experiences),Product Decision Maker
"Sr. Manager, Global Supply Chain & Procurement",Finance Decision Maker
Front office executive,Information End User
IT Engineer,Information End User
Senior management trainee,Other End User
Frontend Software Engineer,Technology End User
Senior Engineer,Technology End User
Senior Engineer,Technology End User
Business Systems Developer,Technology End User
Senior Growth Consultant,Other End User
Solution Architect,Technology End User
Software Engineer,Technology End User
"Project Manager, Multi Channel eCommerce and Fulfilment",Information Decision Maker
Application Developer,Technology End User
DATA SCIENTIST,Data End User
Software Engineer,Technology End User
WMS Backend Team Lead,Technology End User
Senior Software Engineer,Technology End User
Software Engineer,Technology End User
Product Manager,Product Decision Maker
Devops Engineer,Technology End User
Analytics Manager,Data End User
Product Manager,Product Decision Maker
Software Engineer,Technology End User
Data Engineer,Technology End User
Project Manager,Other End User
SOMETHING ELSE,Other End User
Application Analyst,Technology End User
Digital Channels Product Manager,Product Decision Maker
Software Developer,Technology End User
Account Executive,Sales End User
Sr. Creative Director,Marketing Decision Maker
Associate Consultant,Other End User
Associate Software Engineer,Technology End User
Product Manager,Product Decision Maker
Director of Special Projects,Other Decision Maker
Product Owner /  Solutions Architect,Technology End User
Technical Lead Developer,Technology End User
Software Engineer,Technology End User
Network Engineer,Other End User
Tala,Junk/Invalid
Back End Developer/Software Engineer,Technology End User
Trainee,Industry LOB - Edu End User
Founder,Other Executive
Managing Partner,Other Decision Maker
Technical Executive,Technology Executive
Network Operations Center Manager,Information Decision Maker
Founder,Other Decision Maker
"Technical Product Manager/Head of Product, Core Banking",Product Executive
Software Engineer (Intern -> Full-Time),Technology End User
Full Stack Software Developer,Technology End User
Senior Software Engineer,Technology End User
Technical Lead,Technology End User
Data Analyst Associate,Data End User
Business Intelligence Analyst,Data End User
Flipkart,Junk/Invalid
Founder/ Director,Other Decision Maker
Systems engineer level -3,Information End User
Senior Software Engineer,Technology End User
Product Manager,Product Decision Maker
Member technical staff - Windows App Development,Technology End User
Sr engineer,Technology End User
Senior Analyst,Technology End User
Mentor - Mentoring 2023,Other End User
Founder,Other Decision Maker
Manager,Other End User
Branch Business Manager,Other Decision Maker
Junior Software Engineer,Technology End User
Senior Product Managerbusiness Development,Sales Decision Maker
Senior Technical Team Lead / Senior Server Engineer,Technology End User
System Engineer,Technology End User
Software Engineer,Technology End User
Full Stack Developer,Technology End User
Software Engineer,Technology End User
Software Engineer,Technology End User
Customer Onboarding Associate,Information End User
Senior Product Manager,Product Decision Maker
"Manager, Business",Other Decision Maker
Mineplan Engineer,Other End User
Software Engineer,Technology End User
Reporting Developer,Technology End User
Associate Professor,Industry LOB - Edu End User
Technical Lead,Technology End User
Back End Developer,Technology End User
Fullstack Engineer // Research And Development Engineer,Other End User
Technical Team Lead,Technology End User
Senior Engineering Manager,Technology End User
developer,Technology End User
DEVELOPER,Technology End User
Founder,Other Decision Maker
Assistant System Engineer/System Engineer,Information End User
Assistant Manager,Other End User
Civil Engineer,Technology End User
Junior Web Developer,Technology End User
sr engineer,Technology End User
Chief Manager Union Bank of India,Finance End User
Digital Marketing Manager,Marketing End User
Data Scientist,Data End User
Software Engineer,Technology End User
Senior Software Engineer,Technology End User
Sr Devops Consultant,Technology End User
"Group Product Manager, New Products｜Building CMoney's next growth funnel",Product Decision Maker
Assistant consultant,Other End User
Software Engineer,Technology End User
Product Manager,Product Decision Maker
Senior Software Engineer,Technology End User
DEVELOPER,Technology End User
"Product Manager, Retirement",Product Decision Maker
Lead,Other End User
Staff Software Engineer,Technology End User
Data Scientist / Decision Scientist,Data End User
Senior Software Engineer,Technology End User
Team Lead,Other End User
Engineering Manager,Technology Decision Maker
QA Engineer,Technology End User
Market data sales,Sales End User
Agentic Engineer,Technology End User
Core Business Application Section Head,Other End User
Product Manager- Bulk Gases,Product Decision Maker
SOMETHING ELSE,Other End User
Founding security engineer,Technology Decision Maker
Senior Software Engineer,Technology End User
ADVISOR,Other End User
Assistant Role,Other End User
Manager,Other End User
Senior Software Engineer,Technology End User
Senior Security Researcher,Security End User
Cloud Engineer,Technology End User
Product Owner,Product End User
Technical Lead,Technology End User
Engineer,Technology End User
Senior Principal Software Development Engineer,Technology End User
Product Manager,Product Decision Maker
Data Scientist,Data End User
10th,Junk/Invalid
Advisor,Other End User
Head of Music,Industry LOB - Media Entertainment Exec
Senior Product Manager,Product Decision Maker
Engineer,Technology End User
Frontend Developer,Technology End User
Engineer,Technology End User
Technical Automation Analyst,Technology End User
Quality control,Other End User
Software Engineer,Technology End User
Marketing,Marketing End User
Project  Manager,Other End User
Full Stack Developer,Technology End User
DEVELOPER,Technology End User
Associate Manager,Other End User
"Area Service Manager - KTM, Husqvarna and Triumph",Operations End User
Business Technology Consultant,Technology End User
Enginner,Technology End User
Assistante Ceo,Operations End User
SDE,Technology End User
Key Account Manager,Sales End User
Full Stack Engineer,Technology End User
Web Developer,Technology End User
Analyst,Data End User
Technical Manager,Technology End User
Software Developer,Technology End User
Project Associate,Other End User
Marketing Director,Marketing Decision Maker
Senior Manager - Projects,Other End User
Senior Manager,Other End User
Senior Software Engineer,Technology End User
Research Analyst,Data End User
Associate System Reliable Engineer,Information End User
DevOps Engineer,Technology End User
Graduate Engineering Trainee,Technology End User
Senior Research Fellow,Other End User
Staff Software Engineer,Technology End User
Frontend Developer,Technology End User
Senior Product Manager - Personalisation,Product Decision Maker
Senior Software Engineer,Technology End User
Web Developer,Technology End User
Ai Principal Consultant,Data End User
Full Stack Web Developer,Technology End User
Senior Product Manager - Personalisation,Product Decision Maker
Software Engineer,Technology End User
Senior Clinical Research Associate (Level 2B),Other End User
Senior Digital Product Manager,Product Decision Maker
Assistant Publication Officer,Information End User
Engineer,Technology End User
Team Manager,Other End User
Product Manager,Product Decision Maker
Deputy Network Lead - Global IT,Information End User
Senior Software,Technology End User
"Consultant, Ministry of Culture",Industry LOB - Gov End User
Senior Manager,Other End User
Quality assurance officer,Information End User
Ave Cloud Data API Manager,Data Decision Maker
Software Engineer,Technology End User
Home Product Manager,Product Decision Maker
Manager,Other End User
Logistics,Operations End User
Project Engineer,Technology End User
Product manager,Product End User
Senior Software Engineer,Technology End User
Python Developer,Technology End User
Ai Engineer,Technology End User
Educator/ PYP Tutor,Other End User
Product Developer,Product End User
Frontend Developer,Technology End User
Consultant,Other End User
Software Developer 1 (BE),Technology End User
Supervisor,Other End User
Deputy General Manager- Global HRBP | HR Head,HR End User
Product Manager,Product Decision Maker
Frontend Engineer,Technology End User
MANAGER,Other End User
Software Engineer,Technology End User
IT Analyst,Information End User
Field Marketing Manager,Marketing End User
Veterinary inspector,Other End User
Product Manager,Product Decision Maker
SSE,Technology End User
Mobile Engineer – Flutter,Technology End User
Assistant Manager,Other End User
Co-Director Head Of Operations,Operations Decision Maker
"Head, Web Experience",Other Executive
Senior Frontend Developer,Technology End User
DevOps Engineer,Technology End User
Manager,Other End User
Technical Lead - It,Information End User
"Senior Software Engineer, Full Stack",Technology End User
fullstack engineer,Technology End User
Senior Software Engineer,Technology End User
Junior Software Developer,Technology End User
Software Developer,Technology End User
Full Stack Engineer,Technology End User
Cloud Engineer,Technology End User
Devops Engineer,Technology End User
Technical Lead - Statistical Programming,Technology End User
ML Associate,Data End User
Ai Engineer,Technology End User
Data Engineer,Technology End User
Systems Engineer,Technology End User
Senior Software Developer,Technology End User
Software engineer,Technology End User
Senior Cloud Developer Engineer,Technology End User
Backend Developer,Technology End User
Software Engineer,Technology End User
Engineer,Technology End User
Technical Writer,Technology End User
Senior Backend Software Engineer Related to Search Terms in Your Query,Technology End User
Business Intelligence Developer,Data End User
Software Quality Assurance Engineer,Operations End User
Software Engineer,Technology End User
Software Engineer,Technology End User
Program manager,Other End User
Software Test Engineer.,Technology End User
Assistant System Engineer,Technology End User
Development & Integration Manager,Technology Decision Maker
"Sr Executive, Business development - S&M",Sales Decision Maker
Software Engineer,Technology End User
Senior Software Engineer,Technology End User
Ms Team Lead,Information End User
System engineer,Technology End User
Chief Engineer,Technology Executive
Head of Engineering,Technology Executive
Information Technology Executive,Information Decision Maker
senior software engineer,Technology End User
Software Engineer,Technology End User
Senior Software Engineer,Technology End User
Software Engineer - Tech Lead,Technology End User
Employer Installation Representative,Other End User
Seo Executive And Web Developer,Technology End User
Consultant,Other End User
ML Engineer,Technology End User
Backend Developer,Technology End User
ASP .Net & Vue.Js Web Developer,Technology End User
Deputy Manager,Other End User
Senior Software Engineer,Technology End User
Analyst,Data End User
Sr react native and react js developer,Technology End User
Deputy Manager,Other End User
Full Stack Developer,Technology End User
Software Engineer,Technology End User
Software Developer,Technology End User
Data analyst,Data End User
It Marketing Digital,Marketing End User
Back End Developer,Technology End User
Sr Accountant,Finance End User
Software Engineer/ Automotive Salesperson,Technology End User
Chief Manager - Product Analytics & Operations,Product End User
Sr. IT Engineer,Information End User
SAP Consultant,Technology End User
Deputy manager,Other End User
Security Engineer II,Security End User
Product Lead,Product End User
Marketing Manager,Marketing End User
Project Engineer,Technology End User
Back End Developer,Technology End User
Senior associate writer,Other End User
Salesforce Developer,Technology End User
Full Stack Developer,Technology End User
Engineer,Technology End User
Technical Architect,Technology End User
Area Sales Supervisor,Sales End User
Founder,Other Decision Maker
Sr. Infra Developer,Technology End User
Innovation Engineer,Technology End User
Chief Executive Officer,Chief Executive
Software Engineer,Technology End User
Manager FP&A,Other End User
Software Engineer,Technology End User
Engineer,Technology End User
AI/ML Engineer,Data End User
Assistant Product Manager,Product Decision Maker
Deputy Manager,Other End User
System operator,Information End User
Engineer,Technology End User
Automation Engineer,Technology End User
DevOps Engineer,Technology End User
SDE I (Backend),Technology End User
Data & AI Engineer,Data End User
Senior System Engineer,Technology End User
Software Development Engineer In Test,Technology End User
Product Manager,Product End User
Marketing Manager,Marketing Decision Maker
Software Developer,Technology End User
Coordinator,Other End User
Owner/Assistant Manager,Other End User
Cloud Engineer,Technology End User
Litigator,Other End User
Team Lead Customer Technical Support,Technology End User
Engineer,Technology End User
Senior 3d artist,Other End User
Senior Software Engineer,Technology End User
Grid engineer,Technology End User
Customer support executive,Other Decision Maker
VP (Infra/Tech/Cyber),Security Executive
Angular developer,Technology End User
Senior Software Engineer,Technology End User
SAP ABAP Technical Architect,Technology End User
S3 // Senior Executive,Chief Executive
SYSADMIN,Information End User
Frontend Engineer,Technology End User
Associate Professor / Professor,Junk/Invalid
Lead Software Engineer,Technology End User
System engineer,Technology End User
Software engineer,Technology End User
Software Engineer,Technology End User
Technical Support Engineer,Technology End User
associate software engineer,Technology End User
Software Engineer,Technology End User
Java Software Engineer,Technology End User
Senior Software Engineer - Android,Technology End User
Growth hacker,Other End User
Backend Engineer,Technology End User
Hisar,Junk/Invalid
Data Scientist,Data End User
Network Engineer,Other End User
RPA Developer,Technology End User
Software Developer,Technology End User
Senior Software Engineer,Technology End User
Assistant manager,Other End User
Co-Founder & Operations Manager at Sculpt AI,Operations Decision Maker
State Manager,Other End User
[[Unknown]],Junk/Invalid
Lead Manager- Corporate Social Responsibility,Other End User
SDE,Technology End User
Cyber Security Analyst,Other End User
Media Buyer,Operations End User
Senior Software Engineer,Technology End User
Customer Service Representative,Sales End User
Senior Software Product Engineer,Product End User
Engineer,Technology End User
QC Engineer,Technology End User
Business Process Lead,Operations End User
Software Development Engineer Intern,Technology End User
Technical Specialist,Technology End User
Application Developer/  Technical Specialist,Technology End User
Addetto Cto,Technology End User
Process Engineer,Technology End User
Lead Frontend Software Engineer,Technology End User
Senior Software Engineer,Technology End User
Senior Manager Of Product Management,Product Decision Maker
Application Engineer,Technology End User
Director,Other Decision Maker
SDE1,Other End User
Structural Engineer,Technology End User
Fire Protecting Officer,Security End User
Architect,Technology End User
Software Engineer II,Technology End User
engineer,Technology End User
Software Engineer,Technology End User
Data Scientist,Data End User
"Assistant Vice President, Public Cloud Platform",Technology Executive
Assistant Manager - PE Paints,Other Decision Maker
Founder,Other Decision Maker
Automation Developer,Technology End User
Consultant,Other End User
Melting Engineer,Technology End User
Software Engineer,Technology End User
Accountant,Finance End User
Software Engineer,Technology End User
3D Art Supervisor,Technology End User
IT Services Engineer/Owner,Information Executive
Senior Researcher,Data End User
Principal consultant/ Specialist Programmer,Technology End User
Business Head,Sales Decision Maker
Senior Audit Officer,Finance Executive
AI/ML Engineer,Data End User
Software Engineer,Technology End User
Enterprise Integration Architect,Technology End User
Mc,Junk/Invalid
Junior Research Analyst,Technology End User
Senior Manager,Other End User
Engineer,Technology End User
DEVELOPER,Technology End User
Project Manager,Other End User
Web Developer,Technology End User
Senior Software Engineer,Technology End User
Technology analyst,Technology End User
Equipment Qualification Engineer,Technology End User
Artificial Intelligence & Automation Engineer,Other End User
Senior Software Development Engineer,Technology End User
Techology Lead,Technology End User
Pranata Komputer,Other End User
Consultant,Other End User
Production Engineer,Product End User
It analyst,Information End User
System Administrator,Technology End User
Engineer,Technology End User
Assistant Manager,Other End User
Software Developer,Technology End User
Technical Lead/Software Developer,Technology End User
Technical Analyst,Technology End User
Systems Developer,Technology End User
Java Software Engineer,Technology End User
Specialist,Other End User
SENIOR FULL STACK DEVELOPER,Technology End User
Executive,Other Decision Maker
Vice president/Project Director,Other Executive
Internal Auditor,Finance End User
A Vp - It,Information Decision Maker
Internal Audit Manager,Finance End User
Principal Developer,Technology End User
Technical Product Manager,Product Decision Maker
Associate Consultant,Other End User
DEVELOPER,Technology End User
Senior Product Manager,Product Decision Maker
Blockchain Engineer,Security End User
Senior Software Developer,Technology End User
Owner/Website Developer/SEO/Online Marketing,Other Executive
Director Of Engineering,Technology Decision Maker
Salesforce QA Lead,Operations End User
Founder,Other Executive
Technical support engineer,Technology End User
Front End Engineer,Technology End User
Lead iOS Developer / Development Lead (Customer Channels),Technology End User
Assistant Manager,Other End User
Product Owner,Product End User
Assistant Manager,Other End User
Servicenow Developer,Information End User
Software Engineer,Technology End User
Aircraft Engineer,Technology End User
Designer,Other End User
Technology Consultant Apprentice,Technology End User
Test Automation Engineer,Technology End User
Product Consultant,Product End User
SYSADMIN,Information End User
Research Engineer,Technology End User
Technical Manager/Automation Lead,Technology End User
Application Developer,Technology End User
"""Développeur, Consultant Java/J2Ee""",Technology End User
Product Manager,Product Decision Maker
software developer/Web Developer,Technology End User
Software Developer,Technology End User
Engineer,Technology End User
Senior Product Manager JacquiE,Product Decision Maker
Project Manager,Other End User
Technology Analyst,Technology End User
AI research Intern,Data End User
Business Analyst,Other End User
A.I. Intern,Technology End User
Construction Project Supervisor,Information End User
Product Growth Manager,Product Decision Maker
Engineering Manager,Technology Decision Maker
Sr Executive,Other Decision Maker
Supervisor,Other End User
DEVELOPER,Technology End User
Senior Developer Technical Lead,Technology End User
Senior Software Engineer,Technology End User
Education,Other End User
Associate,Other End User
Assistant Professor,Industry LOB - Edu End User
Junior Data Scientist,Data End User
Devops/SCM/Configuration/Developer,Technology End User
Relationship Manager,HR End User
Associate Data Scientist,Data End User
Client Success Manager,Sales End User
Cybersecurity Design and Engineering Professional I,Security End User
Owner,Other Decision Maker
Senior Project Engineer,Technology End User
AVIATION OFFICER,Information End User
Gen ai simulation,Junk/Invalid
Business Development Specialist,Other End User
SRE,Technology End User
Senior Software Developer,Technology End User
Delivery Director,Other Decision Maker
Software Developer Team Lead,Technology End User
Cmo,Marketing Executive
Gen AI Application Engineer,Technology End User
Sr Engineer,Technology End User
Senior Product Lead,Product End User
Data analyst,Data End User
Data Analyst,Data End User
Intern,Industry LOB - Edu End User
Senior Software Engineer,Technology End User
Front-End Developer,Technology End User
Associate Marketing Manager/Senior Associate Marketing Manager,Marketing End User
Developer,Technology End User
Frontend Developer,Technology End User
Hkkk,Junk/Invalid
Market Product Manager,Product Decision Maker
Senior process executive,Information End User
Consultant - GenAI,Technology End User
Head of Engineering Delivery,Technology Executive
Lead Software Engineer,Technology End User
Business Technology Solutions Associate (BTSA),Technology End User
Reservoir Engineer,Technology End User
Deputy Manager/Senior Engineer,Technology End User
Cloud engineering,Technology End User
Software Engineer,Technology End User
Inside Sales Manager,Sales End User
Specialist - Human Resources,HR End User
VP of Engineering,Technology Executive
Software Engineer,Technology End User
Frontend Web Developer,Technology End User
SOFTWARE DEVELOPER / Full Stack Java Developer | Spring Boot | AI-Driven | Banking & Payments,Technology End User
VT,Junk/Invalid
Senior analyst,Technology End User
Data & AI Engineer,Data End User
Security Analyst,Security End User
Senior Software Engineer,Technology End User
Full Stack Developer Apprentice,Technology End User
Unified communication engineer,Technology End User
Engineer,Technology End User
Senior Software Engineer,Technology End User
Network support Engineer,Information End User
Software Engineer,Technology End User
Data Annotation,Data End User
Addetto Cto,Technology End User
System Engineer,Technology End User
Full-stack developer,Technology End User
Back End Developer,Technology End User
Rapido Captain,Junk/Invalid
Head Accountant,Finance Decision Maker
Software Developer,Technology End User
Project Engineer,Technology End User
Medical Coder,Industry LOB - Healthcare End User
Systems engineer,Technology End User
Sr Software Engineer,Technology End User
Senior Software Engineering,Technology End User
Senior Application Developer,Technology End User
Information technology supervisor/ Technical Project Lead,Other End User
Sr Technical Executive(Oracle),Technology Decision Maker
Back End Developer,Technology End User
Senior Business Analyst,Data End User
Solution Architect,Technology End User
Software Engineer,Technology End User
Senior Product Manager,Product Decision Maker
Frontend Developer,Technology End User
Full Stack Developer,Technology End User
Sr. Project Engineer - Heavy Lift,Technology End User
Assistant Professor,Industry LOB - Edu End User
Odoo Developer,Technology End User
"""Développeur, Consultant Java/J2Ee""",Technology End User
Application Engineer,Technology End User
Csr,Other End User
Software Developer,Technology End User
Sr. iOS and Flutter Developer,Technology End User
Software Development Consultant,Technology End User
Assistant Manager,Other End User
Machine Learning Engineer,Technology End User
Manager,Other End User
Head - Corporate Social Responsibility,Other Decision Maker
Product head,Product Decision Maker
Associate Software Engineer,Technology End User
Cloud Engineer,Technology End User
Founder,Other Decision Maker
RM,Junk/Invalid
Software Engineer,Technology End User
Data Engineer,Technology End User
Developer,Technology End User
Signalling Project Engineer,Technology End User
Senior Software Developer,Technology End User
Senior Influencer Marketing Manager,Marketing End User
"Deputy Manager / Program Manager, Strategic Operations & Distribution Strategy",Operations End User
java,Technology End User
Security Product Line Manager,Product Decision Maker
"Software Engineer, Backend",Technology End User
"Manager, Product Development, Consumer Segment Development",Product Decision Maker
Back End Developer,Technology End User
Software Engineer,Technology End User
Consultant,Other End User
AI Development Lead,Data End User
Cloud Architect,Other End User
Associate Professor / Technical Trainer,Technology Decision Maker
System Engineer/ System Analyst,Other End User
Software Engineer,Technology End User
Machine Learning Engineer,Technology End User
IT Operational Engineer,Information End User
Digital Enterprise Manager & Web Developer,Other Decision Maker
Cloud Ea,Technology End User
Data Scientist,Data End User
AgData Shop Product Manager,Product Decision Maker
Growth Head,Marketing Decision Maker
Founder & CEO,Other Decision Maker
Technical Manager,Technology Decision Maker
Software Quality Engineer,Technology End User
Digital Specialist Engineer,Technology End User
DevOps Engineer,Technology End User
Assistant Engineer/Senior Assistant Engineer,Technology End User
Software Engineer,Technology End User
Digital Marketing Specialist,Marketing End User
Senior Software Engineer,Technology End User
Test Automation Specialist,Technology End User
Senior Software Developer,Technology End User
Data & Digital Product Manager,Product Decision Maker
Data Analyst,Data End User
Learner,Other End User
Solutions Architect,Technology End User
Android Module Lead,Technology End User
Frontend Web Developer,Technology End User
Senior Product Manager,Product Decision Maker
SOC Analyst,Security End User
Software Engineer,Technology End User
Associate Consultant,Other End User
Cloud Engineer,Technology End User
Adminstrator,Information End User
Developer,Technology End User
Senior Consultant,Other End User
Software Engineer,Technology End User
Back End Developer,Technology End User
Data Scientist,Data End User
Lead Application Developer,Technology End User
Product Lead,Product End User
Software Engineer,Technology End User
Software Developer,Technology End User
Quality Engineer,Operations End User
Technical Team Lead,Technology End User
Lead Software Engineer,Technology End User
Software Engineer,Technology End User
Co-Founder,Other Decision Maker
Lead Software Engineer,Technology End User
Salesforce Manager,Technology Decision Maker
Telecom Officer,Information End User
Founder,Other Decision Maker
IT Analyst,Information End User
Machine Learning Engineer,Technology End User
Software Engineer,Technology End User
Data Engineer 2,Data End User
SolidworksDesigner,Technology End User
Software Developer,Technology End User
Salesforce DevOps Architect,Technology End User
Senior Associate,Other End User
Infrastructure Consultant,Information End User
Data,Data End User
csr,Other End User
Worker,Other End User
Technical Team Lead,Technology End User
Digital Product Manager and Business Analyst,Product Decision Maker
Digital Experience Manager And Product Owner/Product Adoption Manager,Product Decision Maker
Software Developer,Technology End User
Senior Engineer,Technology End User
Service Delivery & Operations Manager,Operations End User
Senior Engineer,Technology End User
Product Manager,Product End User
Senior Software Engineer,Technology End User
Software Developer & Director,Technology Decision Maker
Data Analyst,Data End User
Web Designer,Technology End User
Management Information Systems & Internal Audit Senior Executive,Information Decision Maker
Senior Product Manager - Strategy and Delivery,Product Decision Maker
Product Manager - Wetsuits and Peak,Product Decision Maker
Domain Consultant,Other End User
Manager,Other End User
QA Project Lead,Operations End User
Ceo,Chief Executive
Product Manager,Product Decision Maker
Programmer,Technology End User
Software Engineer,Technology End User
Senior Software Engineer,Technology End User
Software Engineer,Technology End User
Pega Developer,Technology End User
Regional manager / RSM,Sales End User
Security Architect,Technology End User
Consultant,Other End User
Manager (HRSS),HR End User
Specialist Business Analysis,Other End User
Site Engineer,Technology End User
Marketing Manager,Marketing End User
Finance executive/Financial Assistant,Finance End User
"Staff Software Engineer (R&D, Data Warehouse, Resilience)",Data End User
Lead Engineer,Technology End User
Senior Software Engineer,Technology End User
Associate Test Engineer,Technology End User
Game Developer,Technology End User
Associate Software Engineer,Technology End User
Senior Test Lead,Technology End User
Senior Application Developer || Backend Team Lead,Technology End User
Data and AI Specialist,Data End User
Quality Compliance Analyst( 2.9 ),Information End User
Digital Marketing Manager,Marketing End User
Senior Consultant,Other End User
Senior Network & Cybersecurity Engineer,Other End User
Software Engineer,Technology End User
Analyst,Data End User
Supervisor,Other End User
Administrative Officer,Other Executive
Associate Marketing Manager,Marketing End User
Full Stack Developer,Technology End User
Lead Engineer,Technology End User
Solutioning,Junk/Invalid
Cloud Engineer,Technology End User
Frontend Developer,Technology End User
Software Engineer,Technology End User
SDET,Other End User
Associate Manager/ Project Lead,Product Decision Maker
Software Developer,Technology End User
Software Developer,Technology End User
Engineer,Technology End User
Cloud Data Engineer,Data End User
Sales Manager,Sales Decision Maker
Software Engineer,Technology End User
Backend Developer,Technology End User
Founder,Other Decision Maker
Engineer,Technology End User
Senior Architecht,Technology End User
Web Developer,Technology End User
Mobile Application Developer,Technology End User
Oracle scm developer / Associate Software Developer,Technology End User
Senior Software Developer,Technology End User
Group Manager - Data science,Data End User
Engineer,Technology End User
Deputy Manager,Other End User
Software Engineer,Technology End User
Technical Lead,Technology End User
Full Stack Developer,Technology End User
Associate consultant / AI Consultant,Technology End User
Process Engineer,Technology End User
Software Engineer,Technology End User
Cloud Architect & Engineer,Technology End User
Claims Processor,Other End User
Senior Data and AI Engineer,Data End User
Assistant Manager,Other End User
Junior Software Engineer,Technology End User
Junior Developer,Technology End User
Product Executive,Product Decision Maker
DEVELOPER,Technology End User
Manager,Other End User
Application Developer,Technology End User
Consultant,Other End User
Machine Learning Engineer,Technology End User
Founder,Other Executive
SDE 3,Other End User
Head - It & Product Deployment,Information Executive
Delivery manager,Other End User
Engineering Manager,Technology Decision Maker
R&D Group,Technology End User
Software Engineer,Technology End User
Back End Developer,Technology End User
Full Stack Developer,Technology End User
Senior Software Developer,Technology End User
Software Engineer,Technology End User
Vice President IT,Information Decision Maker
Product Manager,Product Decision Maker
Teacher,Industry LOB - Edu End User
Engineer/Chief Pilot,Technology Executive
Cloud & DevOps Engineer,Technology End User
Assistant Professor,Industry LOB - Edu End User
Senior Software Developer,Technology End User
Founder,Other Decision Maker
Senior Associate consultant,Other End User
Admin It Executive,Information End User
Software Engineer,Technology End User
Low Carbon Specialist - Product Manager - FutureFit / Community Climate Action Advisor,Product Decision Maker
It Analyst,Information End User
Associate Software Engineer,Technology End User
Lead Software Engineer,Technology End User
web developer,Technology End User
Product Manager,Product Decision Maker
Senior Product Manager,Product End User
IT System Engineer,Information End User
Cloud Engineer,Technology End User
Assistant Director,Other Decision Maker
Assistant Professor,Industry LOB - Edu End User
Lead Product Manager,Product Decision Maker
Senior Full Stack Developer,Technology End User
DevOps Engineer,Technology End User
Uniwara,Junk/Invalid
Java Software Engineer,Technology End User
Technical,Other End User
AI/ML Trainee,Technology End User
Software Engineer - AI/ ML,Other End User
Full Stack Developer,Technology End User
Junior Software Engineer,Technology End User
Senior Software Developer,Technology End User
Software Engineer,Technology End User
Data Scientist Technology Lead,Data End User
.Net Developer,Technology End User
DevOps Engineer,Technology End User
Project Manager,Other End User
Recruitment Consultant,HR End User
Data Engineer,Technology End User
Back End Developer,Technology End User
Senior consultant,Other End User
UX/UI Designer,Marketing End User
Specialist Programmer L2 (Team Lead),Technology End User
it engineer,Information End User
Lead Software Engineer,Technology End User
Senior Test Engineer,Technology End User
Software Engineer,Technology End User
Escalation Executive,Other End User
Associate Product Manager,Product End User
Product Manager,Product Decision Maker
Junior Resident,Other End User
Senior Solutions Engineer,Technology End User
Software Engineer,Technology End User
Product Owner,Product End User
Software engineer,Technology End User
Enterprise Architect,Technology End User
CEO,Chief Executive
Software Engineer,Technology End User
"Engineer, Cloud Platform Engineering",Technology End User
Associate,Other End User
Head Of Technical Support,Information Executive
Software engineer 2,Technology End User
"Software QA Engineer, QA Engineer/Lead QA Engineer",Operations End User
Software Developer,Technology End User
System Administrator,Technology End User
Group Product Manager,Product Decision Maker
Marketing Manager,Marketing End User
Performance Marketing Intern,Marketing End User
Technical Lead,Technology End User
Senior Product Engineer Apps / Cloud Engineer,Technology End User
Analyst,Data End User
Software Engineer,Technology End User
Technical Consultant,Technology End User
Developer,Technology End User
Graduate Engineering Trainee,Technology End User
Full-stack Developer,Technology End User
"Senior Product Manager, Deposits",Product Decision Maker
DEVELOPER,Technology End User
Senior QA Specialist,Operations End User
Engineer,Technology End User
App,Technology End User
Lecturer,Industry LOB - Edu End User
Principal Engineer,Technology End User
Apprentice,Technology End User
Delivery Manager,Other End User
It analyst,Information End User
Back office support executive,Information End User
Senior Software Engineer,Technology End User
Ai Research Assistant,Data End User
Lead Quality Assurance Engineer,Operations End User
Report Engineer,Technology End User
Fullstack Developer,Technology End User
Senior Software Engineer,Technology End User
Senior Product Manager,Product Decision Maker
Product Manager,Product Decision Maker
Technical Support,Technology End User
Drilling Engineering Manager,Technology Decision Maker
AI Engineer,Technology End User
DEVELOPER,Technology End User
JR CCM ENGINEER,Technology End User
Software Engineer,Technology End User
Mandi panjeke utaar,Junk/Invalid
Manager-Business Development,Sales End User
Senior Software Engineer,Technology End User
Assistant Lecturer,Other End User
Principlae Product Development Engineer,Technology End User
Software Developer,Technology End User
Senior Full Stack Developer,Technology End User
Manager,Other End User
Lead DevSecOps Engineer,Technology End User
Product Manager,Product Decision Maker
Sr AI ML Developer,Technology End User
Accounts Head,Finance Decision Maker
Clinical Informatics Director,Industry LOB - Healthcare DM
Lead Developer,Technology End User
Senior Data Analyst,Data End User
Backend engineer,Technology End User
Senior Software Engineer,Technology End User
Software Developer,Technology End User
Salesman,Sales End User
Senior Software Engineer,Technology End User
Veterinary inspector,Other End User
Founder Ceo,Other Decision Maker
CodeChef DSA Trainer,Technology End User
Chief Operating Officer,Chief Executive
Software Engineer,Technology End User
Improve skills,Junk/Invalid
Article Assistant,Other End User
Machine Learning Operations Engineer & Manager,Other Decision Maker
Process Engineer,Technology End User
Software Engineer,Technology End User
Software Engineer,Technology End User
Senior Full Stack Engineer,Technology End User
Executive Assistant,Other End User
Electrical Engineer,Technology End User
Software developer,Technology End User
Engineer,Technology End User
Proprietor,Other Decision Maker
"Lead, Product Management",Product End User
IT Architecture Assistant Manager,Information End User
SRE,Technology End User
Senior Cloud Engineer Lead/Assistant Manager,Technology Decision Maker
Manager,Other End User
Assistant Systems Engineer,Technology End User
Engineer,Technology End User
Engineering And Consulting Director,Technology Decision Maker
Pic,Junk/Invalid
IT Specialist,Information End User
Sr. Analyst,Technology End User
"Director, Head of AI Strategy Part, AI Strategy Team (CTO)",Technology Decision Maker
Senior Software Engineer,Technology End User
Overseer,Other End User
Bachelor Of Information Technology,Information End User
Full stack Intern,Technology End User
Cloud pre sales engineer,Technology End User
Software Developer II - Frontend,Technology End User
Software Engineer/ 팀원,Technology End User
Junior Telecom Officer,Other Executive
Software Engineer,Technology End User
Senior Software Developer,Technology End User
Senior Engineer,Technology End User
Corporate Social Responsibility Manager - APAC Region,Other Decision Maker
Assistant Consultant,Other End User
Full Stack Developer,Technology End User
Mechanical Engineer,Technology End User
Technical Lead Data Science,Data End User
"Sr Software Engineer, Mobile",Technology End User
Information Technology Team Lead,Information End User
Full Stack Engineer,Technology End User
Full-Stack Developer,Technology End User
Full-stack Software Engineer,Technology End User
Chief Manager- Data Scientist,Data End User
Branch manager,Other End User
Software Development Engineer,Technology End User
Software Engineer,Technology End User
Wastewater Product Manager,Product Decision Maker
Solution Lead,Technology End User
Software engineer,Technology End User
Senior Engineer - Protocol Stack Datacom (Networking & SatCom),Information End User
Software Engineer,Technology End User
Graduate Engineer Trainee,Technology End User
Software Engineer II,Technology End User
Corporate and Finance Platform Manager,Finance Decision Maker
DESIGNER,Other End User
Human Resources Generalist,HR End User
Senior Growth Consultant,Other End User
Software Engineer,Technology End User
Software Engineer,Technology End User
Data processor,Data End User
Engineer,Technology End User
Functional Consultant & Customer Success Manager,Other End User
Senior Stem Trainer,Technology End User
Operations Manager,Operations End User
Software Engineer,Technology End User
Software Engineer,Technology End User
Senior Software Developer,Technology End User
Frontend Developer,Technology End User
Advance Data Engineer,Data End User
System Programmer,Technology End User
Software Developer,Technology End User
Developer,Technology End User
Ops - Backend Developer,Technology End User
Back End Developer,Technology End User
senior ux designer,Technology End User
Rm executive,Sales Decision Maker
Senior Software Engineer,Technology End User
Solutions Architect,Technology End User
Devops Engineer,Technology End User
Test Engineer,Technology End User
Specialist Programmer,Technology End User
Founder,Other Decision Maker
Senior Product Development Manager,Product Decision Maker
Nitesh,Junk/Invalid
Engineer,Technology End User
Director,Other Decision Maker
Junior software engineer/student,Technology End User
It Technician,Information End User
Consultant,Other End User
Software Engineer,Technology End User
Frontend Web Developer,Technology End User
Senior Software Engineer,Technology End User
Software Developer / Software Engineer,Technology End User
Receptionist,Other End User
Senior Java Software Engineer,Technology End User
Salesman,Sales End User
Product Manager - Movies,Product Decision Maker
Senior Officer,Other End User
Product Manager,Product Decision Maker
Software Developer,Technology End User
Principal Engineer,Technology End User
Associate 3,Other End User
Sr Full Stack Developer,Technology End User
Software Developer,Technology End User
Software Engineer,Technology End User
Senior Engineer,Technology End User
Senior developer,Technology End User
Engineer,Technology End User
Senior Engineer,Technology End User
Product Manager,Product Decision Maker
Phd student,Other End User
Devops trainee,Technology End User
Sr. It Pm,Information End User
Full Stack Developer,Technology End User
Project Manager,Other End User
Senior Software Engineer at Tiliter,Technology End User
Software Engineer,Technology End User
Process Engineer,Technology End User
Data Analyst,Data End User
Software Engineer,Technology End User
Signalling Engineer,Technology End User
Product Associate,Product End User
Project Engineer,Technology End User
Associate dentist,Other End User
Lead Technology,Technology End User
Lead Product Manager - Financial Services Tribe,Finance End User
System Engineer,Technology End User
Frontend developer,Technology End User
Data Analyst,Data End User
It Consultant,Information End User
Engineering Manager - AI & Platform,Data Decision Maker
Product Manager,Product Decision Maker
System Engineer,Technology End User
Engineer,Technology End User
Software Engineer,Technology End User
Senior Brand Designer,Marketing End User
AI Engineer,Technology End User
Product Manager,Product Decision Maker
Frontend Developer,Technology End User
Frontend Developer,Technology End User
Principal Software Engineer,Technology End User
AI Engineer,Technology End User
DataSciencetist,Data End User
Engineer,Technology End User
Software Engineer ( 4 )/ Software Engineer,Technology End User
Major Fill,Junk/Invalid
Full Stack Developer,Technology End User
Back End Developer,Technology End User
Senior Data Scientist,Data End User
Plant  Manager,Operations End User
Senior Software Engineer,Technology End User
Frontend Engineer,Technology End User
Project Manager,Other End User
Associate,Other End User
Technical Executive,Technology Executive
Analysis,Data End User
Software Engineer,Technology End User
Delivery boy,Other End User
Team leader,Other End User
Software Quality Assurance Engineer,Operations End User
Sr. Manager,Other End User
Sales Executive,Sales Decision Maker
"Co-Founder, Business Partner",Other Executive
Associate iOS Developer,Technology End User
Salesman,Sales End User
Senior Software Engineer,Technology End User
Lead/ Buisness Process Lead (BPS),Other End User
Senior Machine Learning Engineer,Technology End User
Cloud Engineer,Technology End User
Full Stack Developer,Technology End User
Product Manager,Product Decision Maker
Operations Engineer,Other End User
Manager,Other End User
Software Engineer,Technology End User
Engineer,Technology End User
Senior Software Engineer,Technology End User
Clark,Junk/Invalid
Manager,Other End User
Software Engineer Trainee,Technology End User
"Lead Developer, Digital Reform Program at NSW Department of Communities and Justice",Industry LOB - Gov End User
Tester,Other End User
"Head, Product and Solution",Other Executive
Software Engineer,Technology End User
Developer,Technology End User
Desktop Publishing Specialist,Other End User
CS Joint Treasurer,Other End User
Owner,Other Decision Maker
Head of Digital- English,Marketing Decision Maker
Principal Advance Services Engineer,Technology End User
Principal Software Engineer,Technology End User
Software Engineer,Technology End User
Robot Software Engineer,Technology End User
Principal Data Scientist,Other End User
Market Research Intern,Marketing End User
Executive,Other Decision Maker
Senior Software Engineer,Technology End User
Software Engineer,Technology End User
Monitoring Engineer,Technology End User
ai engineer,Technology End User
Assoc. ML Engineer,Technology End User
Founder,Other Decision Maker
IT Network & Security Engineer,Security End User
Proprietor.,Other Decision Maker
"Senior Director, Network Engineering",Technology Decision Maker
Back End Developer,Technology End User
Engineer,Technology End User
Senior Cloud & DevOps Engineer,Technology End User
Civil Engineer,Technology End User
Infrastructure Engineer,Information End User
Software Engineer,Technology End User
Senior Data Validation,Data End User
Education Consultant,Other End User
Ai Engineer,Technology End User
Team Lead,Other End User
Senior Member of Technical Staff,Technology End User
Software Developer,Technology End User
Product Manager,Product Decision Maker
Software Engineer,Technology End User
Frontend Developer,Technology End User
Bidding Engineer,Technology End User
Engineer,Technology End User
Machine Learning Engineer,Technology End User
Senior associate consultant,Other End User
Senior Product Manager,Product Decision Maker
Product Manager,Product Decision Maker
Associate Scientist,Data End User
Founder,Other Decision Maker
Associate Product Manager (Dm),Product Decision Maker
Executive,Other Decision Maker
Telecaller,Other End User
Delivery Manager,Other End User
IT Team Lead,Information End User
Software Programmer,Technology End User
Operations Executive,Operations Decision Maker
Software Engineer,Technology End User
Assistant Vice President,Other Decision Maker
AI Software Engineer,Technology End User
Product Manager,Product Decision Maker
Team Lead /  Deputy Manager,Other End User
Senior Software Developer,Technology End User
Frontend Engineer,Technology End User
Senior AI Engineer,Data End User
Senior Product Engineer,Product End User
Head - Business HR,HR Decision Maker
Associate Principal Engineer,Technology End User
DEVOPS ENGINEER,Technology End User
Software Engineer,Technology End User
Associate software developer,Technology End User
Principal Engineer,Technology End User
Executive Assistant Operations,Operations End User
DEVELOPER,Technology End User
Product Manager,Product Decision Maker
Engineer,Technology End User
Kepala Bagian Engineering,Technology Executive
Scholar trainee,Other End User
Engineer,Technology End User
SYSTEM ASSOCIATE,Technology End User
Instrument Engineer,Technology End User
Technology Analyst,Technology End User
Service desk analyst,Technology End User
Developer/ 개발자,Junk/Invalid
Mining Engineer,Technology End User
Machine Learning Engineer,Technology End User
Assistant Manager( 11 ),Other End User
Transaction Banking Product Team Lead - Digital & Analytics,Finance End User
Plant Engineer,Other End User
Lead Engineer,Technology End User
Web Developer,Technology End User
Senior Executive Search,Technology End User
Senior Software Developer,Technology End User
Marketer,Marketing End User
Associate Product Manager,Product End User
Application Developer,Technology End User
System Developer,Technology End User
Senior Software Engineer,Technology End User
Technical Lead,Technology End User
Assistant Manager,Other End User
Senior Product Manager,Product Decision Maker
Software Engineer,Technology End User
Product Manager,Product End User
Senior Developer,Technology End User
Jakarta Selatan,Junk/Invalid
"Director, Maintenance & Engineering",Operations Decision Maker
Affinity - Senior It Consultant,Information End User
Business analyst,Other End User
Staff Software Engineer,Technology End User
Senior Software Engineer,Technology End User
Teacher,Industry LOB - Edu End User
Software engineer,Technology End User
Senior Web Developer,Technology End User
Lead Mobile Developer,Technology End User
Frontend Developer,Technology End User
Enterprise Architect,Technology End User
Senior Architect,Technology End User
Associate Engineer,Technology End User
Associate Senior Technical Consultant,Technology End User
Account manager / Executive,Sales End User
Software Developer 1,Technology End User
Senior Data Engineer,Technology End User
Senior Software Developer,Technology End User
Data Analyst,Data End User
Project Engineer,Technology End User
Staff Software Engineer,Technology End User
Software Engineer,Technology End User
Product Manager - Data Solutions,Product Decision Maker
Software Engineer,Technology End User
Solution Architect,Technology End User
Full Stack Developer,Technology End User
Chief Executive Officer,Chief Executive
Data Solutions Architect,Data End User
Co-Founder & Chief Data Scientist,Data Executive
Data Executive,Data Executive
Civil Engineer,Technology End User
Lead Developer,Technology End User
Application Developer,Technology End User
Information Technology Team Lead,Information End User
Frontend Web Developer,Technology End User
Devops Engineer,Technology End User
Data Scientist,Data End User
Full Stack Developer,Technology End User
Developer,Technology End User
Thiruverambur,Junk/Invalid
Senior Software Engineer,Technology End User
Delivery Manager,Other Decision Maker
Software Engineer,Technology End User
Product Manager,Product End User
Software Engineer,Technology End User
Cloud Security Engineer,Other End User
Technical Product Consultant,Product End User
Supply Chain Analyst (Vendor Role – Microsoft Account),Operations End User
IT Web & Application Developer,Other End User
DEVELOPER,Technology End User
Data Scientist,Data End User
Senior Full stack developer,Technology End User
L2 Cloud Ops Engineer,Technology End User
Academic Facilitator - ATL,Industry LOB - Edu End User
Principle Engineer,Technology End User
C2I Product Manager,Other Decision Maker
Application Engineer,Technology End User
Back End Developer,Technology End User
Pm Pm,Product End User
Software Developer,Technology End User
Product Designer,Product End User
Founder,Other Decision Maker
Manager,Other End User
Lead UI/UX Designer,Marketing End User
Mechanical helper,Other End User
"Founder, Chief Software Developer (ARCUS, NoSQL, DBMS, ...)",Technology End User
SECURITY PROFESSIONAL,Security End User
Division Head Geotechnical & UCG (Underground Coal Gasification),Technology Executive
AI Engineer,Technology End User
Analyst,Data End User
Full Stack Developer,Technology End User
Product Manager,Product Decision Maker
Senior Cloud Engineer,Technology End User
Product Manager,Product Decision Maker
"""Global Senior Manager Ii, Security""",Security End User
Software Quality Assurance Engineer,Operations End User
Senior Data Science Manager,Data Decision Maker
Associate Technical Architect/Software Engineer,Technology End User
Software Development Engineer,Technology End User
Security Engineer,Security End User
Junior Software Engineer,Technology End User
Product Manager,Product Decision Maker
Full-stack developer,Technology End User
DevOps Engineer,Technology End User
"Lead, Business Development",Sales End User
Search Engine Optimization Manager,Other End User
Technology Analyst,Technology End User
Founder,Other Decision Maker
SUCCESS COACH,Other End User
GET,Junk/Invalid
Senior Product Manager,Product Decision Maker
Relationship Manager  -Corporate Banking -Global Clients Group,Finance End User
소프트웨어 엔지니어,Technology End User
Senior Business Analyst,Data End User
FW/MW Engineer //,Technology End User
Manager,Other End User
Tech. Project Manager & Tech. Business Analyst (RPA),Technology End User
Engineer,Technology End User
Software Engineer,Technology End User
Accounts Manager,Sales End User
It & Social Media Specialist,Information End User
Staff (Senior Chief) Engineer,Technology End User
Lead Software Engineer Android,Technology End User
Software Engineer,Technology End User
Technical Engineer,Technology End User
Senior Developer,Technology End User
Head of Documentation Volunteer,Other End User
Senior process executive,Information End User
Senior Software Developer / Product Engineering Manager,Product Decision Maker
Global service desk - cloud and infra,Information End User
Senior Engineer,Technology End User
L1 MPLS Graduate Engineer,Technology End User
Senior Developer,Technology End User
Executive Engineer,Technology Executive
Business Analyst,Other End User
"Software Engineer, Data Engineer",Technology End User
Project Engineer,Technology End User
Youtuber,Other End User
Lead Developer Integrated System Modelling,Technology End User
Senior iOS Engineer,Technology End User
Lead Software Engineer,Technology End User
Sales Marketing Manager,Sales End User
Software Engineer,Technology End User
Software developer/React Developer,Technology End User
Senior Software Engineer,Technology End User
Developer,Technology End User
Software Engineer,Technology End User
Software Engineer,Technology End User
System Engineer,Technology End User
Full-stack Engineer,Technology End User
Us It Business Development Executive,Technology Executive
manager,Other End User
Full Stack Developer,Technology End User
APPRENTICESHIP TRAINING,HR End User
Full Stack Developer,Technology End User
General Manager,Other End User
Engineer,Technology End User
Full Stack Developer,Technology End User
Product Manager,Product Decision Maker
Underground Product Manager and Mining Engineer,Product Decision Maker
Citrix Administrator,Information End User
Marketing Manager,Marketing End User
Software Developer Backend,Technology End User
Product Technical Lead (BETTA),Product End User
Assistant Producer,Information End User
AI Engineer,Technology End User
Assistant System Engineer,Technology End User
Consultant - Package Implementation,Other End User
Management trainee,Other End User
Product Manager,Product Decision Maker
Software Developer,Technology End User
Team Lead Ios Developer,Technology End User
Data Scientist,Data End User
Product Analyst,Product End User
Project Engineer,Technology End User
Machine Learning Analyst,Data End User
Database Administrator,Information End User
Operations Coordinator,Other End User
Back End Developer,Technology End User
Principal Software Development Engineer,Technology End User
Back End Developer,Technology End User
Product Manager,Product Decision Maker
Senior Technical Lead,Technology End User
Software Developer Technical Lead,Technology End User
AI Platform Engineer,Technology End User
Lead Software Engineer,Technology End User
Trainee Engineer,Technology End User
Marketing Manager,Marketing End User
Senior Vice President,Other Executive
Software Engineer,Technology End User
Senior Software Engineer,Technology End User
Software Engineer 3,Technology End User
Software Engineer,Technology End User
"Win-Win Growth Part Leader, Global CSR Team, Global Government Affairs Department",Other End User
Software Engineer - Algorithms [C++],Data End User
Senior Data Scientist,Data End User
Lead Developer | Creative Studio,Technology End User
Senior Customer Success Engineer,Technology End User
Senior technical Manager,Technology End User
General Manager,Other Decision Maker
Software Engineer,Technology End User
Autonomous Driving Software Engineer,Technology End User
Software Engineer,Technology End User
Senior Software Scientist,Technology End User
Product Manager,Product Decision Maker
"Engineer, Contract Engineer",Technology End User
Director,Other Decision Maker
Fresher,Other End User
Technology Support Team Lead,Technology End User
Sr. Data Engineer Google Cloud,Data End User
Product Manager,Product Decision Maker
Production Manager,Operations End User
Vegetable Merchant,Other End User
Developer,Technology End User
Senior Data Scientist,Data End User
Devops Engineer,Technology End User
Admin officer,Information End User
Pharmacy assistant,Other End User
Platform Engineer,Technology End User
Team Leader,Other End User
Senior Software Developer,Technology End User
Senior Software Engineer,Technology End User
Software Engineer,Technology End User
Technical Specialist,Technology End User
Engineer,Technology End User
Software Engineer,Technology End User
General Manager,Other End User
AI Software Engineer,Technology End User
Engineer,Technology End User
Project Manager / Product Owner/ Pega Developer,Technology End User
Senior Engineer,Technology End User
"Software Engineer/Senior Software Engineer — Cloud, Data Platform & Backend Systems",Technology End User
Senior Software Engineer,Technology End User
Senior Analyst,Technology End User
Machine learning/ Spec. Datacenter & Cloud,Other End User
Customer Marketing and Community Lead,Marketing End User
Adjunct Faculty Member,Other End User
Software Engineer,Technology End User
Full Stack Developer,Technology End User
Business Technology Solutions Associate,Technology End User
Software Engineer,Technology End User
總經理,Chief Executive
Associate Web Developer,Technology End User
Office assistant,Other End User
Global Head of Marketing - CPG & Distribution,Marketing Decision Maker
Project Manager / Assistant Manager,Other End User
Product Manager,Product Decision Maker
Engineer,Technology End User
Software Engineer,Technology End User
Assistant Manager Marketing,Marketing End User
Assistant loco pilot,Other End User
Frontend Developer,Technology End User
Senior Engineer,Technology End User
Senior analyst,Technology End User
Survey Engineer,Technology End User
"Product Manager, Student Support",Industry LOB - Edu DM
Cloud Engineer,Technology End User
PM,Other Decision Maker
DevOps Engineer,Technology End User
Coding and Robotics trainer,Technology End User
Iot Engineer / Project Management Lead,Technology Decision Maker
Software Engineer,Technology End User
Full Stack Engineer,Technology End User
Lead Auditor,Finance End User
Software Development Manager,Technology Decision Maker
Senior Full Stack Engineer,Technology End User
PMO & Support Manager,Sales Decision Maker
Frontend Developer //Associate Consultant - Frontend Developer,Technology End User
Full Stack Developer,Technology End User
Frontend developer,Technology End User
"Managing Director Middle East, Turkey & Africa",Other Decision Maker
A.I. Intern,Technology End User
Associate Project Manager,Other End User
Engineer,Technology End User
Software Engineer,Technology End User
Executive in clinical trials,Other Decision Maker
Frontend Web Developer,Technology End User
System Engineer,Technology End User
Product Manager,Product Decision Maker
DevOps Engineer,Technology End User
Cloud Security Engineer,Other End User
Associate Engineer,Technology End User
Corporate Social Responsibility Manager,Other Decision Maker
Software Developer,Technology End User
Software developer Intern,Technology End User
Accounts Executive - Digital,Other Decision Maker
Vice President Sales - Non Key Account Management - West Region,Sales Decision Maker
Algorithm Developer,Technology End User
Senior Software Developer,Technology End User
Software Engineer JL3,Technology End User
Product Manager - Product and Insurance,Product Decision Maker
Full stack engineer / Senior Software Engineer,Other End User
Strategic financial consultant,Finance End User
Article Assistant,Other End User
Product Officer,Product Executive
Team Leader Fit international Ops,Operations End User
Testing and assembly operator,Operations End User
As a student,Other End User
Systems Engineer,Technology End User
Sr Director Growth Marketing,Marketing Decision Maker
Salesforce Developer,Technology End User
DEVELOPER,Technology End User
Business,Other End User
Project Engineer/Senior Project Engineer,Other End User
Junior Cloud Engineer,Technology End User
Data Scientist,Data End User
Junior Engineer,Technology End User
Technical Architect,Technology End User
Project manager,Other End User
Assistant consultant,Other End User
Software Engineer,Technology End User
Programmer,Technology End User
Software Engineer,Technology End User
Senior technology specialist,Technology End User
Systems Engineer,Technology End User
Senior Software Engineer - iOS,Technology End User
Principal Engineer,Technology End User
Section Chief,Other Executive
Cell Maintenance Team Member,Information End User
IT Systems Engineer,Information End User
Data Operations Analyst,Data End User
ENGINEER,Technology End User
Deputy General Manager,Other Decision Maker
Software Engineer/ Senior Sales,Technology End User
"Team Lead, Data and ML",Technology End User
Business Manager/Product Analyst,Product End User
Petrochemical Engineer,Technology End User
Executive,Other Decision Maker
Software Developer,Technology End User
Senior Software Engineer,Technology End User
Area Sales Manager,Sales End User
Deputy Director,Other Decision Maker
Software Program Manager,Technology Decision Maker
Section Leader,Information End User
Content Creator,Marketing End User
Software engineer,Technology End User
Senior Executive-IT,Information End User
Product Manager,Product Decision Maker
AEH,Junk/Invalid
Site Reliability Engineer,Technology End User
"""Global Senior Manager Ii, Security""",Security End User
Machine Learning Engineer,Technology End User
Lead Infrastructure Engineering,Information End User
DGM,Data End User
Data Analyst,Data End User
Embedded Software Engineer,Technology End User
Manager - Global Alliances and Marketing,Marketing End User
Software Development Engineer (L3),Technology End User
IT Analyst,Information End User
Senior Member Of Technical Staff,Technology End User
Sales Engineer,Sales End User
Hr & Wfm It Lead,Information End User
Developer Ecosystem,Technology End User
Pharmacist,Other End User
Associate claims,Other End User
Lead Instrument Engineer,Technology End User
Product Manager,Product End User
BizTalk Lead,Technology End User
Principal Data Scientist,Other End User
Senior Associate Ai Developer,Data End User
Frontend Developer,Technology End User
Data Science Manager,Data End User
It Consultant,Information End User
Business analyst,Other End User
Support executive,Sales Executive
Assistant General Manager - Data Analytics,Data End User
Software Developer,Technology End User
"Lead Product Manager, Payment Integrity (Fraud Waste and Abuse)",Finance End User
Senior Web Developer,Technology End User
Back End Web Developer,Technology End User
Solution Engineering - Engineer 1,Technology End User
Customer Support Executive,Other Decision Maker
ASDE,Junk/Invalid
Senior Software Engineer,Technology End User
Associate Product Manager,Product Decision Maker
AI/ML engineer Inten,Other End User
Team Lead,Other End User
Business Development Executive,Sales Decision Maker
Full Stack Engineer,Technology End User
Salesforce Developer,Technology End User
Coordinator,Other End User
Consultant general practitioner,Other End User
Product Manager,Product End User
Software Developer,Technology End User
Founder,Other Decision Maker
TMA,Junk/Invalid
Product Manager,Product Decision Maker
Software Engineer,Technology End User
Senior SEO Executive,Other End User
Software Engineer,Technology End User
Data Analyst,Data End User
PRODUCT MANAGER,Product Decision Maker
AWS Cloud Engineer,Technology End User
Technical team leader,Technology End User
CEO,Chief Executive
Senior Product Manager - SME Banking,Industry LOB - FinServ DM
Software Engineer,Technology End User
Mobile Repair,Other End User
Test Lead,Technology End User
Asst general manager,Other End User
Senior Executive-Technical Solutions,Technology Decision Maker
Bi Staff Consultant,Data End User
DATA ANALYST,Data End User
CEO,Chief Executive
AI Product Manager,Data Decision Maker
Senior Product Manager,Product Decision Maker
Chief Operating Officer,Chief Executive
Software Engineer,Technology End User
Project Coordinator,Other End User
Senior Product Manager,Product End User
App Dev & Support Engineer III,Technology End User
software consultant,Technology End User
Customer Service Agent,Information End User
AI Software Developer,Technology End User
Frontend Developer,Technology End User
RPA Developer,Technology End User
Technical Lead,Technology End User
Software Engineer,Technology End User
Senior Product Manager,Product Decision Maker
Technical specialist,Technology End User
System Support Engineer / Telematics Head,Information Executive
Technician,Other End User
IT,Junk/Invalid
Cloud Services and Hosting Lead,Technology End User
Engineer,Technology End User
Web Developer,Technology End User
Advocate,Other End User
Senior Consultant,Other End User
Data analyst,Data End User
Director,Other Decision Maker
Buisness management executive,Other Decision Maker
Application Engineer,Technology End User
Full-stack Developer,Technology End User
"Analyst – Infrastructure Security, Solution & Assurance",Security End User
Full Time Employed,Junk/Invalid
Software Engineer L1,Technology End User
Software Engineer,Technology End User
Lead Developer,Technology End User
"Director - AI Product Management, Customer Solutions & Sales",Product Decision Maker
Senior Frontend Developer,Technology End User
Contractual Data Scientist/Data Science Engineer,Data End User
Developer,Technology End User
Tech lead,Technology End User
Air Assistant Manager,Information End User
Delivery Manager,Other Decision Maker
Process expert,Other End User
"Software Engineer, Backend",Technology End User
Platform Engineer,Technology End User
Tech Lead,Technology End User
associate,Other End User
Electronic Engineer / student,Technology End User
Product manager,Product Decision Maker
Ai Engineer,Technology End User
Mobile Developer & Fullstack Developer,Technology End User
Hyperautomation Analyst,Security End User
Software Developer,Technology End User
Corporate Social Responsibility Lead,Marketing End User
Technical Project Lead,Technology End User
Consultant - Digital Data & Analytics,Data End User
Product Manager,Product Decision Maker
Product Manager,Product Decision Maker
UX Designer / Senior Process Associate,Technology End User
Engineer,Technology End User
Software Engineer,Technology End User
Software Development Engineer | Software Design | Python | IOT,Technology End User
Software Engineer,Technology End User
Senior Executive,Other Decision Maker
Product Manager,Product Decision Maker
Technical Lead (GenAI - Computer Vision and LLMs),Other End User
Research Engineer,Technology End User
Site Reliability Engineer,Technology End User
Project Engineer IT,Information End User
Software Engineer,Technology End User
Senior Software Engineer,Technology End User
Catalog associate,Other End User
Director,Other Decision Maker
Principal Consultant,Other End User
Senior CSR,Junk/Invalid
Data Scientist,Data End User
Senior Software Development Engineer,Technology End User
Senior Program Manager,Product End User
Software Engineer,Technology End User
AVP - Engineering,Technology Decision Maker
Lead Software Engineer,Technology End User
OWNER,Other Decision Maker
Engineering Manager,Technology Decision Maker
Software Development Engineer 3,Technology End User
Senior Engineer,Technology End User
Blockchain Developer,Security End User
F&A Ops Processing Senior Analyst,Other End User
Associate consultant,Other End User
Associate Engineer,Technology End User
Marketing Communications Manager,Marketing End User
Frontend Engineer,Technology End User
Teacher,Industry LOB - Edu End User
Senior Manager,Other End User
DevOps and Infrastructure Engineer,Information End User
SOMETHING ELSE /  Digital Solution Specialist,Other End User
Data Scientist,Data End User
Manager / Brand & PR Officer,Marketing End User
Software Engineer,Technology End User
Software Engineer,Technology End User
IT Systems Engineer - Frontline Manager,Information Decision Maker
Office Assistant,Other End User
HTML devloper,Technology End User
Lead software engineer,Technology End User
Implementation Specialist (Global Cash Management),Other End User
Senior Systems Engineer - Cloud Services,Technology End User
AI Data Trainer,Data End User
Software Engineer,Technology End User
Senior Manager - Pricing & Product Management,Product Decision Maker
Product Manager - Consumer Finance,Finance Decision Maker
Developer,Technology End User
Marketing Analyst,Other End User
Data Architect,Data End User
Senior Product Manager - SME Banking,Industry LOB - FinServ DM
PROPRIETOR,Other Decision Maker
Backend Developer,Technology End User
Civil Structural Engineer,Technology End User
SDE-2,Other End User
Sr Lead software engineer,Technology End User
Marketing Manager,Marketing End User
Network Engineer,Other End User
System engineer,Technology End User
Field Engineer,Technology End User
DevOps Engineer,Technology End User
Senior Software Developer Engineer I,Technology End User
Assistant Manager- Client Engagement,Sales End User
Full Stack Developer,Technology End User
Full-stack Developer,Technology End User
System Implementation Specialist,Technology End User
Associate IT consultant,Information End User
Senior Developer,Technology End User
Analyst,Data End User
Software Engineer,Technology End User
Senior Analyst,Technology End User
AI Engineer,Technology End User
Junio Software Developer,Technology End User
Jr. frontend developer,Technology End User
Product Manager - LiSTNR,Product Decision Maker
Editing,Junk/Invalid
Product Manager 2,Product End User
SDE-1,Other End User
Advocate,Other End User
DEVELOPER,Technology End User
Web Developer,Technology End User
"Principal Engineer,SQA, NXP Semiconductors",Technology End User
DevOps Engineer,Technology End User
Chief Executive Officer,Chief Executive
Cloud Operations Engineer,Technology End User
game software,Junk/Invalid
Software Engineer,Technology End User
Software Engineer,Technology End User
Analyst,Data End User
Sr. Mechanical Design Engineer,Marketing End User
Associate Consultant,Other End User
IT Network Engineer,Information End User
Software Engineer,Technology End User
Senior Data Engineer,Technology End User
Technical lead,Technology End User
Associate Consultant,Other End User
Protection Engineer,Technology End User
Accountant,Finance End User
Associate manager,Other End User
Assistant Manager CSR,Other End User
Founder,Other Decision Maker
Senior Software Test engineer(Deputy Manager),Technology End User
Economic Planning Manager,Other End User
Jr Software Developer,Technology End User
AI Product Manager,Data End User
IAM ENGINEER,Technology End User
Technical Architect,Technology End User
College integration counsellor / Excutive- College Integration Conselor,Other End User
Second Officer,Information End User
Cloud Engineer,Technology End User
Product Manager,Product Decision Maker
Senior Consultant - AI/ML,Data End User
Team Lead- Genesys Cloud CX Architect & Implementation,Technology End User
IT Administrator,Information Decision Maker
Software Engineer,Technology End User
"Machine Learning Researcher, Software Engineer",Other End User
Software Engineer,Technology End User
Software Engineer,Technology End User
Solutions Developer,Technology End User
Software Engineer,Technology End User
Software Engineer,Technology End User
Software Engineer,Technology End User
Principal Software Engineer,Technology End User
Ambassador,Other End User
Full Stack AI Developer,Data End User
Data Scientist-I,Data End User
Software Engineer,Technology End User
Data Analyst,Data End User
Associate cloud engineer,Technology End User
Back End Developer,Technology End User
Finance Manager,Finance End User
Mobile Senior Software Engineer,Technology End User
Senior Software Developer,Technology End User
Python Developer,Technology End User
Product Development Manager,Product Decision Maker
Software Engineer,Technology End User
Support Engineer,Information End User
AI Infrastructure Engineer,Data End User
Software Developer,Technology End User
Fashion designer,Marketing End User
Product Manager,Product Decision Maker
Product Manager,Product Decision Maker
"Co-Founder, Software Engineer",Technology Executive
"Software Engineer, Professional",Technology End User
No,Other End User
Software Engineer,Technology End User
Data analyst,Data End User
Senior Software Engineer,Technology End User
Planning Engineer,Operations End User
"Software Engineer, Mobile Apps",Technology End User
Senior Consultant,Other End User
Data Engineer,Technology End User
Technology Analyst,Technology End User
Software Engineer,Technology End User
AI Data Trainer,Data End User
Engineer,Technology End User
CEO,Chief Executive
Senior Software Engineer,Technology End User
I want Successful in life,Junk/Invalid
Insurance Product Manager,Product Decision Maker
"Manager, AI Assistants and Quality Assurance",Technology Decision Maker
Manager,Other End User
Software Engineer,Technology End User
"Director, ERM",Other Decision Maker
engineer,Technology End User
Associate Professor,Industry LOB - Edu End User
Engineer,Technology End User
Senior Devops Engineer,Technology End User
Backend Engineer,Technology End User
project manager,Other End User
Relationship manager,HR End User
Software Developer,Technology End User
SEO Analyst,Marketing End User
Product Owner,Product End User
Software Quality Assurance Engineer,Operations End User
Cloud Support Engineer,Sales End User
Regional Product Manager,Product Decision Maker
Associate Engineer - Cybersecurity,Security End User
Production Executive,Operations Decision Maker
Software Quality Assurance Engineer,Operations End User
Staff Software Engineer,Technology End User
Graphic Designer,Marketing End User
Managing Partner,Other Decision Maker
Assistant Professor,Industry LOB - Edu End User
Gaming,Industry LOB - Gaming End User
Machine Learning,Data End User
Senior Software Developer,Technology End User
Equity Product Manager,Finance Decision Maker
"""Développeur, Consultant Java/J2Ee""",Technology End User
Data Scientist,Data End User
Software Development Manager,Technology Decision Maker
Product support specialist,Product End User
data entry volunteer,Data End User
Manager,Other End User
Software Engineer,Technology End User
Manager,Other End User
Mm,Junk/Invalid
DEVELOPER / Software Engineer,Technology End User
Software Engineer,Technology End User
R&D engineer,Product End User
Web Developer,Technology End User
System Engineer,Technology End User
Senior Product Manager,Product Decision Maker
Engineer,Technology End User
DECLINE,Other End User
Trainee Engineer,Technology End User
Do,Junk/Invalid
Solution Engineer- Digitalisation,Technology End User
Project Lead,Technology End User
Data Scientist,Data End User
Web developer,Technology End User
Senior Software Engineer,Technology End User
Frontend Developer,Technology End User
Founder,Other Decision Maker
Product Manager- Bulk Gases,Product Decision Maker
Senior Full Stack Developer - Ic3,Technology End User
DEVELOPER,Technology End User
Software Developer,Technology End User
Researcher,Other End User
engineer,Technology End User
Laravel Developer,Technology End User
Account executive,Sales End User
System engineer,Technology End User
Associate Lead- Corporate Social Responsibility,Other End User
Proprietor,Other Executive
ServiceNow Consultant,Technology End User
Data Scientist,Data End User
Assistant Manager,Other End User
Associate Ai Consultant,Technology End User
Software Engineer,Technology End User
"Manager, Corporate Communications",Marketing Decision Maker
Duty Engineer,Technology End User
Lead Engineer,Technology End User
Software Engineer,Technology End User
Network engineer,Other End User
Cloud Operations Engineer,Technology End User
Staff Engineer (Distillation),Other End User
Customer Success Engineer,Sales End User
Senior Assoiciate Consultant,Other End User
Performance Marketing Manager,Marketing End User
Ai Automation Engineer,Data End User
Senior Software Engineer,Technology End User
Senior Executive - Digital Marketing,Marketing Decision Maker
.NET Application Developer,Technology End User
Senior Product Manager,Product Decision Maker
iOS Developer,Technology End User
Software Engineer,Technology End User
ASIC Flows and Validation Engineer,Technology End User
Full Stack Engineer,Technology End User
Senior Software Engineer,Technology End User
Full Stack Developer,Technology End User
Product Manager,Product Decision Maker
Senior Engineer,Technology End User
Electrical Engineer,Technology End User
Software Developer,Technology End User
Product Manager,Product Decision Maker
Engineer,Technology End User
Web Full Stack Engineer,Technology End User
Software Development Engineer Test Lead,Technology End User
Staff Software Engineer,Technology End User
"Deputy Manager, Product engineering",Product Decision Maker
Front End Developer,Technology End User
Senior Product Manager,Product Decision Maker
Senior Manager Business Insights,Data End User
Salesman,Sales End User
Engineer,Technology End User
Backend Developer,Technology End User
Product Manager,Product Decision Maker
DATA ANALYST,Data End User
Software Engineer,Technology End User
Product Owner,Product End User
Principal Software Engineer,Technology End User
Chief Strategy Officer,Chief Executive
Human Resources,HR End User
Head Of Engineering,Technology Executive
Digital Marketing Strategist | Growth Hacker | The BIM Engineers,Marketing End User
Software Engineer,Technology End User
Software Engineer,Technology End User
Product Manager,Product Decision Maker
Data science intern,Data End User
Assistant Professor In Ai Law,Technology End User
Software Developer,Technology End User
UI/UX Designer & Developer,Marketing End User
Senior Platform Engineer,Technology End User
Software Engineer,Technology End User
Software Engineer,Technology End User
Servicenow Solution Architect,Technology End User
iOS Developer,Technology End User
Lead Technical Consultant,Technology End User
Solution Consultant,Technology End User
SO,Junk/Invalid
Sf associates,Junk/Invalid
Delivery Manager,Other End User
Expansion Manager,Other End User
"Co-Founder, Chief AI Engineer",Technology Executive
Senior Software Engineer,Technology End User
Branch Head,Other Decision Maker
Product Manager,Product Decision Maker
Automation Test Engineer,Technology End User
NA,Junk/Invalid
Senior Tech Lead,Technology End User
Software engineer,Technology End User
Product Manager,Product Decision Maker
Ml data associate,Data End User
Data Engineer,Technology End User
Senior Software Developer,Technology End User
Senior Software Engineer,Technology End User
Test Manager,Other End User
It Young Professional,Information End User
Senior Data Engineer,Technology End User
Engineer,Technology End User
Global Datacenter Lead,Data End User
Lead System Engineer,Technology End User
Product Manager,Product Decision Maker
DevOps Engineer,Technology End User
Associate General Manager - It,Information End User
Instagram,Junk/Invalid
Product Manager,Product Decision Maker
System Engineer,Technology End User
Software Engineer,Technology End User
Chief Information Security Officer,Security Executive
Ar Caller,Other End User
Solution Architect,Technology End User
Software Developer,Technology End User
Special Project Engineer,Technology End User
Full Stack Engineer,Technology End User
개발자,Technology End User
Staff Software Engineer,Technology End User
Software Engineer,Technology End User
DEVELOPER,Technology End User
Frontend Developer,Technology End User
Senior Training Coordinator,HR End User
Software Engineer,Technology End User
Software Engineer,Technology End User
Founder,Other Decision Maker
Sales head,Sales Decision Maker
Engineering Manager,Technology End User
Project Associate,Other End User
Software Engineer,Technology End User
Senior Software Engineer,Technology End User
Software Development Manager at Productivity Development Solutions Pty Ltd,Technology Decision Maker
Software Engineer,Technology End User
Web Developer,Technology End User
Lead Developer,Technology End User
Fullstack Engineer,Technology End User
Ms Team Lead,Information End User
Project manager,Other End User
Projects and marketing executive,Marketing Decision Maker
Team Lead,Other End User
Software Engineer,Technology End User
Team Lead,Other End User
Software Developer,Technology End User
Senior Software Engineer,Technology End User
Web Developer,Technology End User
Cloud Engineer,Technology End User
Development Associate,Technology End User
Store Manager,Operations End User
System Engineer,Technology End User
Joint Manager Supply Chain Management,Other End User
Technical Team Lead,Technology End User
Assistant Manager,Other End User
Data Analytics Manager,Data End User
DevOps Engineer,Technology End User
Senior Full Stack Developer,Technology End User
Ml engineer/ ML/AI & Support Engineer,Data End User
IT engineer,Information End User
Back End Developer,Technology End User
Senior Devops Engineer,Technology End User
Machine Learning Engineer,Technology End User
Full-stack Developer,Technology End User
Esg Csr Marketing Analyst,Marketing End User
Principal Software Engineer,Technology End User
Solutions Specialist -Ai,Technology End User
Software Engineer,Technology End User
Software Engineer,Technology End User
Engineer,Technology End User
Senior lead - IT Lead,Information End User
DEVELOPER,Technology End User
Consultant,Other End User
Senior Software Engineer(DevOps Operation Engineer),Operations End User
Business head,Sales Decision Maker
Scholar Trainee / Developer L1,Technology End User
Engineering,Technology End User
AIML Senior Associate,Technology Decision Maker
Senior Software Engineer,Technology End User
Avp,Other Executive
Lead Software Engineer (backend),Technology End User
Senior Data Scientist,Data End User
Analyst Programmer (Placement),Technology End User
Web Development,Technology End User
Senior Technical Architect,Technology End User
Full Stack Developer,Technology End User
Unemployed,Other End User
Bre/Sales Specialist,Sales End User
Principal Software Engineer,Technology End User
Data Scientist,Data End User
Senior Software Engineer,Technology End User
IT System administrator,Information End User
Developer,Technology End User
Commercial Executive,Other Decision Maker
Software Developer,Technology End User
"Head of Ethics and Publication, Research Management Center, Universiti Teknologi MARA, Shah Alam",Information Executive
AI Engineer,Technology End User
Digital Product Manager,Product Decision Maker
Director,Other Decision Maker
DIRECTOR,Other Decision Maker
Senior engineer,Technology End User
Chief Technology Head,Technology Decision Maker
Module Lead,Other End User
Technical Project manager,Technology End User
Software Developer / General Partner,Technology Decision Maker
Software Engineer,Technology End User
Manager Data Science,Data End User
Front-end Developer,Technology End User
System Engineer,Technology End User
Senior assistant,Other End User
Solution Architect,Technology End User
Senior Manager/Risk Manager - Mid Market,Other End User
Engineer,Technology End User
Talent Acquisition Consultant,HR End User
Relationship Manager,HR End User
Full Stack Developer,Technology End User
Software Developer,Technology End User
Lead Quality - Automation,Technology End User
Product Manager,Product End User
Software Product Mgmt Associate Manager,Product End User
Data Scientiest,Data End User
"Aiml ,Python ,Java ,Figma",Junk/Invalid
Software Developer,Technology End User
Analyst/Information Technology Graduate,Information End User
Software Engineer,Technology End User
Software Engineer,Technology End User
Software Developer,Technology End User
Associate,Other End User
Owner,Other Decision Maker
Software Engineer,Technology End User
Devops Engineer,Technology End User
Managing director,Other Decision Maker
Cluster Head - Bank Alliances and Govt Business,Other Decision Maker
Head-Marketing Communications,Marketing Decision Maker
Software Developer,Technology End User
Retail Strategy and Operations,Operations End User
Data engineer,Technology End User
GYLP Associate - PMO Operations,Operations End User
Associate Stability Engineer I,Technology End User
Senior Quality Engineer,Other End User
Back End Developer,Technology End User
Chief Executive Officer,Chief Executive
Application Product Manager,Product Decision Maker
Group Product Manager,Product Decision Maker
Software Engineer,Technology End User
Project Manager,Other End User
Data Product Manager,Product Decision Maker
Engineer,Technology End User
Science Teacher,Industry LOB - Edu End User
Senior Software Engineer,Technology End User
Associate Director - Machine Learning,Technology Decision Maker
Solution Architect,Technology End User
Network Engineer,Other End User
Founder,Other Decision Maker
Project Manager,Other End User
Product Manager for Corporate Internet Banking,Product Decision Maker
Software Engineer in Test,Technology End User
Product Manager,Product Decision Maker
Data Scientist - Ai,Data End User
Associate Software Engineer,Technology End User
Full Stack Developer,Technology End User
Deputy Product Manager Asia / Deputy Head of Student Recruitment (Asia),Product Decision Maker
Full-stack Developer,Technology End User
Software Engineer,Technology End User
Product Analyst,Product End User
Automation Engineer,Technology End User
Senior Analyst,Technology End User
Production engineer/Engineer,Technology End User
System Engineer,Technology End User
Software Engineer Quarterzip,Other End User
SEO manager,Marketing End User
Software Engineer,Technology End User
Senior Cyber Sedurity Analyst,Security End User
"Director, Partnerships and System Response",Technology Decision Maker
Data Scientist,Data End User
Account Executive,Sales End User
Risk and Governance Data Analyst,Data End User
Software Developer,Technology End User
"Assistant Manager I Divisi Environtmental, Sustainability and Governance",Other Decision Maker
Senior Cloud Engineer,Technology End User
Full stack developer,Technology End User
Developer,Technology End User
Founder,Other Decision Maker
Android Developer,Technology End User
Consultant,Other End User
Sr Ui Ux Graphic designer,Marketing End User
Cloud Engineer,Technology End User
Software Engineer,Technology End User
Backend Developer,Technology End User
Boiler Engineer,Technology End User
Member,Other End User
Startup,Junk/Invalid
Senior Product Manager /  Marketing activation,Marketing Decision Maker
It Analyst,Information End User
Senior Product Manager/  Product Lead,Product Decision Maker
Student Doing Computer Science,Technology End User
Product Manager,Product Decision Maker
Software Engineer,Technology End User
Solutions Consultant Specialist,Technology End User
Engineer,Technology End User
AI Product Manager,Data Decision Maker
Software Engineer,Technology End User
Software Engineer,Technology End User
Digital Marketing Manager,Marketing End User
Senior Engineer,Technology End User
Product Manager,Product Decision Maker
Full-stack AI Engineer,Technology End User
Product Manager,Product Decision Maker
Senior devops engineer,Technology End User
Machine Learning Engineer,Technology End User
Senior Consultant,Other End User
principal,Other Decision Maker
Software Developer,Technology End User
Developer,Technology End User
Software Engineer,Technology End User
Technical Team Lead,Technology End User
Senior Executive,Other Decision Maker
Cloud Infra Team Leader,Technology End User
Assistant Engineering Manager,Technology Decision Maker
Lead Software Engineer,Technology End User
Not Applicable,Technology End User
Developer,Technology End User
Senior Software Engineer,Technology End User
System engineer/ Data engineer,Data End User
Engineer - Cloud And Infra Management,Technology End User
Fullstack Web Developer,Technology End User
Senior Engineer,Technology End User
Software Developer,Technology End User
Senior Developer,Technology End User
Software Developer,Technology End User
Assistant,Other End User
A.I. Intern,Technology End User
Software Developer,Technology End User
Platform Engineer,Technology End User
AI Engineer,Technology End User
Software Developer,Technology End User
Product Manager,Product Decision Maker
ServiceNow product manager,Product Decision Maker
Supply Chain Consultant,Operations End User
Manager Product Owner,Product Decision Maker
Software Engineer,Technology End User
Manager,Other End User
UI/UX Designer,Marketing End User
Data scientist,Data End User
Specialist programmer,Technology End User
Qa Lead,Other End User
Developer,Technology End User
Associate Consultant,Other End User
Data science engineer,Data End User
Cloud Engineer,Technology End User
Software Developer,Technology End User
Associate Technical Consultant,Technology End User
R&D,Technology End User
Senior 3d artist,Other End User
Engineering Manager,Technology End User
Software Developer,Technology End User
Associate Engineer Software Develiper,Technology End User
Pre Sales Executive,Sales Executive
Business Analyst,Other End User
Senior Test Engineer,Technology End User
Full-stack Developer,Technology End User
DevSecOps Engineer,Security End User
Data Scientist,Data End User
Team Lead,Other End User
Senior Technical Lead,Technology End User
Legal Process Executive,Legal Decision Maker
teacher,Industry LOB - Edu End User
Senior Software Developer,Technology End User
Senior Product Manager,Product Decision Maker
Software Engineer,Technology End User
Teacher,Industry LOB - Edu End User
Software Engineer,Technology End User
Machine Learning Engineer,Technology End User
Associate Consultant,Other End User
Human health,Junk/Invalid
Product Manager,Product Decision Maker
Software Engineer,Technology End User
Lead DevOps Engineer,Technology End User
Business Process Lead,Operations End User
Senior Executive,Other Decision Maker
Self-Employed,Other End User
"SOC Analyst (L1) - Cyber Security, Digital | TCS",Data End User
ACADEMIC HEAD,Other Executive
Technical Lead,Technology End User
User Interface Designer,Marketing End User
Product Manager,Product Decision Maker
Engineering Manager,Technology Decision Maker
Software Engineer,Technology End User
Senior Product Manager,Product End User
Senior Software Developer,Technology End User
Techinician,Junk/Invalid
Jishnu,Junk/Invalid
Scrum Master,Other End User
Digital Marketing Manager,Marketing End User
DEVELOPER,Technology End User
Data Engineer,Technology End User
Training coordinator,HR End User
Associate Manager,Other End User
Lead Full Stack Software Engineer,Technology End User
Gen Ai Software Engineer,Technology End User
Technical Consulting Engineer,Technology End User
Software engineer,Technology End User
Front End Developer/ Junior Consultant,Technology End User
Engineer,Technology End User
Senior Engineer – Gas Pipelines & Infrastructure Regulation,Information End User
Software Engineer,Technology End User
Incident Manager,Security End User
devops engineer,Technology End User
Senior MIS Executive,Information End User
Programming Analyst,Technology End User
Senior Software Test Engineer,Technology End User
Engineer,Technology End User
Software Developer,Technology End User
Senior Cloud Engineer,Technology End User
Network Engineer,Other End User
Product Technical Lead (BETTA),Product End User
Cloud Operations Engineer,Technology End User
Application Engineer,Technology End User
Co-Founder & Full Stack Developer,Technology End User
Assistant Professor,Industry LOB - Edu End User
eCommerce Partnerships Manager,Marketing Decision Maker
Mobile Application Developer,Technology End User
Engineer,Technology End User
Associate Cloud Engineer,Technology End User
Data Scientist,Data End User
AVP,Other Decision Maker
Product Operations Lead,Product End User
Senior Software Engineer/Senior Software Developer,Technology End User
Software Engineer,Technology End User
Agra,Junk/Invalid
Chief Marketing Officer,Marketing Executive
Software Engineer,Technology End User
ManageEngine Implementation Engineer and Developer,Technology End User
N/A,Other End User
5G Subject Matter Expert,Technology End User
Techhnology Lead,Technology End User
"Senior Advisor, Data Quality Analytics",Data End User
Software Engineer,Technology End User
Senior Project Manager,Other End User
Ceo,Chief Executive
Technical Service Engineer,Technology End User
Senior DevOps Engineer,Technology End User
Enterprise Architect,Technology End User
BA,Other End User
Technical Staff,Information End User
Engineer,Technology End User
Specialist Programmer,Technology End User
Digital Product Manager,Product Decision Maker
Senior Software Engineer,Technology End User
Lead Engineer (Systems),Other End User
Senior Java Software Engineer,Technology End User
Software Engineer - OCaml/ReasonML/Rescript/Melange,Technology End User
Head Seo (Consultant),Technology End User
Software Developer 1,Technology End User
DevOps Engineer,Technology End User
Associate Consultant,Other End User
Full Stack Developer,Technology End User
Lead - Corporate Sustainability-CSR,Other End User
Software Developer,Technology End User
Project Engineer,Technology End User
System Engineer,Technology End User
Officer,Other End User
Manager Oprasional,Other Decision Maker
Assistant Manager/Student,Industry LOB - Edu DM
Full Stack Engineer,Technology End User
Software Engineer,Technology End User
"Associate, AI Adoption",Technology End User
Software developer,Technology End User
Area Sales Manager,Sales End User
Founder,Other Executive
Staff Software Engineer,Technology End User
Senior Machine Learning Engineer,Technology End User
Lead Software Developer,Technology End User
Implementation Specialist,Other End User
Flutter Mobile Developer,Technology End User
Front Office Executive,Information End User
Associate Sales Consultant,Sales End User
MACHINE LEARNING ENGINEER,Technology End User
Automation,Technology End User
Senior Analyst,Technology End User
Senior Software Engineer,Technology End User
software developer,Technology End User
founder,Other Decision Maker
Software Engineer,Technology End User
Lead Product Manager,Product Decision Maker
Logistic,Operations End User
Software Engineer,Technology End User
Marketing Executive,Marketing Decision Maker
Android Developer,Technology End User
Senior Product Manager - Investment Products,Finance Decision Maker
Full stack developer,Technology End User
Data Scientist,Data End User
Co-Founder | AI Ops & Automation,Technology Decision Maker
Senior Product Manager,Product Decision Maker
IT Specialist,Information End User
Software engineer,Technology End User
Software Engineer,Technology End User
Data Scientist,Data End User
Senior Devops Engineer,Technology End User
Java Back End Web Developer,Technology End User
Product Manager,Product Decision Maker
Social Media Manager,Marketing End User
Engineer,Technology End User
Lead Software Engineer,Technology End User
IT Engineer,Information End User
Snr Software Engineer,Technology End User
"Staff Software Engineer (R&D, Data Warehouse, Resilience)",Data End User
Technical Specialist,Technology End User
Branch Manager,Other End User
Solutions Architect,Technology End User
Senior Analyst,Technology End User
Product Marketing Manager,Product Decision Maker
Director & Head of Marketing,Marketing Decision Maker
Mr,Other End User
Aii,Data End User
Software Engineer,Technology End User
Jr. Project Engineer,Other End User
Operations Manager,Operations End User
Backend Software Engineer,Technology End User
Assistant Chief It Manager,Information End User
Software engineer 2,Technology End User
Enterprise Resources Planning System Analyst,Technology End User
Senior Full Stack Engineer,Technology End User
Data science,Data End User
Accounts Manager,Sales End User
Associate Software Engineer,Technology End User
System Engineer,Technology End User
Architect,Technology End User
System Engineer,Technology End User
Data And Ai Engineer,Data End User
Oracle Technical Developer,Technology End User
Sr. account manager / Ecommerce Business Associate,Sales End User
System Administrator,Technology End User
Senior  accountant,Finance End User
Head of Marketing - US Utilities,Marketing Decision Maker
"""Développeur, Consultant Java/J2Ee""",Technology End User
Mechanical Engineer,Technology End User
Researcher / Software Engineer,Industry LOB - Edu End User
Chief of Staff,Chief Executive
Senior Software Development Engineer,Technology End User
Senior Associate,Other End User
Senior Engineer - RPA,Other End User
Finance Analyst,Finance End User
Senior Web Application Developer,Technology End User
Software Engineer,Technology End User
Owner,Other Decision Maker
Principal Software Engineer,Technology End User
Solutions Architect,Technology End User
Senior technology specialist,Technology End User
Associate,Other End User
Team Lead,Other End User
Software Developer,Technology End User
Lead Technology,Technology End User
DEVOPS ENGINEER,Technology End User
Managed Cloud Product Manager,Product Decision Maker
Software Engineer,Technology End User
Senior Software Engineer,Technology End User
Application Dev Module Lead,Other End User
Analytics Senior Executive,Data Decision Maker
Software Engineer,Technology End User
DEVOPS ENGINEER,Technology End User
Development Engineer - Backend Technologies,Technology End User
Surgeon,Junk/Invalid
Academy Manager,Other End User
Field Application Scientist,Other End User
User Experience Designer,Product End User
Senior Software Engineer / Device & Yield Enhancement Engineer,Other End User
Zero-Trust & Cloud Security Engineer | Hands-on Development Team Lead,Security End User
Senior Technical Product Manager,Product Decision Maker
Lead Software Developer,Technology End User
Python Developer,Technology End User
Product Manager,Product Decision Maker
Senior Software Engineer,Technology End User
Information Technology Engineer,Information End User
Project Manager,Other End User
Senior Software Developer,Technology End User
Developer,Technology End User
AI Developer,Data End User
TGT,Junk/Invalid
WordPress Developer,Technology End User
Software Application Developer,Technology End User
"Investment Analyst, International Shares",Data End User
mis,Other End User
Developer,Technology End User
Electrical Software Engineer,Technology End User
Head Of Engineering & It,Information Decision Maker
Software Engineer,Technology End User
Corrosion Engineer,Technology End User
MIS Team Lead,Technology End User
Frontend Web Developer,Technology End User
Video editor,Technology End User
CS Associatae,Information End User
DevOps Engineer,Technology End User
Software Engineer,Technology End User
Assistant Professor,Industry LOB - Edu End User
Marketing Manager,Marketing End User
Unit Manager,Other End User
Exceutive,Other End User
Jr. Software Engineer/Software Engineer | Founding Engineering Member,Technology Executive
Product Specialist,Other End User
Sales executive,Sales Decision Maker
Custom Software Engineering Analyst,Technology End User
Junior Executive - Client Onboarding Analyst,Other End User
Investigation specialist,Other End User
Software Engineer,Technology End User
DATA ANALYST,Data End User
Senior Manager - Service Collaboration,Other End User
Analyst,Data End User
Engineer,Technology End User
Engineer,Technology End User
Senior Software Engineer,Technology End User
Designer,Other End User
Product Owner - Loan Product/ Unit Head of Enterprise DB,Product Decision Maker
Engineer,Technology End User
AI Engineer,Technology End User
Full Stack Dev,Technology End User
CEO,Chief Executive
Senior Engineer,Technology End User
Engineer,Technology End User
Fresher,Other End User
Lead Full Stack Developer,Technology End User
SDE-I,Technology End User
Data analyst,Data End User
Software Engineer,Technology End User
Senior Software Engineering Manager,Technology End User
Frontend Developer,Technology End User
Product Manager/Senior Product Owner,Product End User
Sales and Marketing Division Head,Marketing Executive
Full Stack AI Developer,Data End User
Software Engineer,Technology End User
Analyst,Data End User
Lead Product Manager,Product Decision Maker
Senior Manager Business Excellence,Other End User
Senior Performance Validation Engineer,Technology End User
Owner,Other Decision Maker
Systems engineer,Technology End User
Communications Advisor- Corporate Social Responsibility,Marketing End User
Project Manager,Other End User
소프트웨어 엔지니어,Technology End User
Developer,Technology End User
Developer,Technology End User
"Web Developer, Co-founder / Senior Software Engineer",Technology Executive
Software Engineer,Technology End User
Product Manager,Product Decision Maker
Web Developer,Technology End User
Product Manager - Engineering,Product Decision Maker
Software Developer,Technology End User
Electrical Engineer,Technology End User
Software Engineer,Technology End User
Product Manager,Product Decision Maker
Senior Software Developer at Nusatrip,Technology End User
Data Analyst/Scientist,Data End User
Engineer,Technology End User
Wintel Engineer,Technology End User
System admin,Information End User
Team Lead IT Support Services Christchurch,Information End User
Software Engineer,Technology End User
junior SRE,Other End User
Cloud Engineer,Technology End User
Network Administrator,Information End User
New Product Development Manager,Product Decision Maker
Sr. Engineering Opertaion Director,Technology Decision Maker
AI Solution Architect,Data End User
Talent Acquisition Consultant,HR End User
Engineer,Technology End User
Jhj,Junk/Invalid
Software engineer,Technology End User
Associate Software Engineer,Technology End User
[[Unknown]],Junk/Invalid
Associate Project Lead,Technology End User
Engineer,Technology End User
Frontend Developer,Technology End User
Software Engineer,Technology End User
UX/UI Designer,Marketing End User
Backend Engineer,Technology End User
Frontend Developer,Technology End User
junior relationship officer,Sales End User
Software Engineer,Technology End User
Junior Assistant,Other End User
Account executive,Sales End User
Data & AI Engineering Manager (BIG W Retail Analytics),Technology Decision Maker
Co-Founder,Other Decision Maker
Associate Director - Data Visualization,Other Decision Maker
Technical Lead,Technology End User
Senior Software Engineer,Technology End User
Assistant Professor In Ai Law,Technology End User
Senior Software Engineering,Technology End User
Associate Marketing Manager - Sports / Software Developer,Technology End User
Senior Software Engineer,Technology End User
Sr. Software Engineer,Technology End User
AI Developer,Data End User
Chief Financial Officier,Finance Executive
Software Engineer,Technology End User
Manager,Other End User
Research Development Software Engineer,Technology End User
Senior Associate Consultant,Other End User
Software Engineer,Technology End User
Software developer,Technology End User
Web developer,Technology End User
Associate Developer,Technology End User
Backend Developer,Technology End User
ASSOCIATE VICE PRESIDENT,Other Decision Maker
Sr. Network Architect - Network Practice CoE Lead for SDWAN & Automation,Technology End User
Product Cybersecurity Expert,Other End User
IT Administrator Team Lead,Information End User
Project Engineer / Manager,Technology Decision Maker
Deputy manager,Other End User
Content Partner,Marketing End User
Associate Consultant,Other End User
Engineer,Technology End User
Site Engineer,Technology End User
IBM ACE Developer,Technology End User
Principal Software Engineer,Technology End User
UI/UX Designer,Marketing End User
AM Software Engineer II,Technology End User
Software Engineer,Technology End User
Senior Frontend Developer,Technology End User
Back End Developer,Technology End User
Associate,Other End User
Product Manager,Product Decision Maker
Chief Manager,Other End User
Frontend Engineer,Technology End User
Information Technology Service Desk Team Lead,Information End User
Am,Junk/Invalid
Head-CSR,Other Decision Maker
AI Engineer/Senior AI Engineer,Data End User
Engineer,Technology End User
Trainee Programmer,Technology End User
Engineer,Technology End User
devops engineer,Technology End User
Software Engineer,Technology End User
Software Engineer,Technology End User
Project Lead,Technology End User
DevOps Engineer,Technology End User
Engineering And Maintenance Manager,Operations Decision Maker
"Associate, Product Manager - Digital Currency, Global Transaction Services",Finance Decision Maker
Digital Product Lead,Product End User
Marketing Manager,Marketing Decision Maker
Data Scientist,Data End User
Co-Founder,Other Decision Maker
Store manager,Operations End User
Sr.bam,Junk/Invalid
Director,Other Decision Maker
Software Engineer,Technology End User
Senior Software Engineer,Technology End User
Project Leader,Other End User
Business Development Associate,Sales End User
Marketing Manager,Marketing End User
DevOps Engineer,Technology End User
Graphic designer and video editor,Marketing End User
Associate,Other End User
Developer / Founder,Technology Executive
Senior technical specialist,Technology End User
Machine Learning Engineer,Technology End User
AI Solution Partner,Data End User
BIM Engineer,Technology End User
Consultant- Package Implementation,Technology End User
Product Owner,Product End User
Software Developer,Technology End User
Recruitment Consultant,HR End User
Senior Engg Lead,Technology End User
Advanced App Engineering Analyst,Technology End User
Senior Systems Engineer,Technology End User
Service now developer,Information End User
Mid-senior Application Developer,Technology End User
Frontend Developer,Technology End User
Duty Engineer,Technology End User
Ai Solution Engineer,Data End User
Software Engineer - Algorithms [C++],Data End User
Software Engineer,Technology End User
Assistant Managing Editor,Industry LOB - Media Entertainment DM
Software Engineer,Technology End User
Software Engineer,Technology End User
Principal Research Associate,Industry LOB - Edu End User
Back End Developer,Technology End User
.Net Developer,Technology End User
Senior Software Developer,Technology End User
Software Engineer,Technology End User
Full Stack Developer,Technology End User
Software Engineer,Technology End User
Security Analyst,Security End User
Software Analyst,Technology End User
Product Manager,Product Decision Maker
Senior manager,Other End User
Senior Software Engineer I (Web),Technology End User
Senior Deployment Engineer,Technology End User
Ctpo,Technology Executive
Php developer,Technology End User
Systems Engineer,Technology End User
Own,Junk/Invalid
Senior Software Developer,Technology End User
Head of HQ Marketing,Marketing Executive
Head of HQ Marketing,Marketing Executive
Front End Developer,Technology End User
Junior Security Analyst,Security End User
CSR,Other End User
Marketing Engineer,Marketing End User
Software Developer,Technology End User
Software Engineer,Technology End User
Cloud Engineer,Technology End User
Mobile Engineer,Technology End User
Product Analyst,Product End User
Full-stack Developer,Technology End User
Marketing Manager,Marketing End User
Informatics Operator,Information End User
QA,Operations End User
Full-stack Developer,Technology End User
Senior Software Engineer,Technology End User
Deputy manager,Other End User
Software Engineer / Research And Development Engineer,Other End User
Ios Developer,Technology End User
Md,Other Decision Maker
Full stack developer,Technology End User
Product Manager,Product Decision Maker
IP Lead,Other End User
Software Tech Lead,Technology End User
Software Engineer,Technology End User
Product Manager,Product Decision Maker
Senior Full Stack Developer,Technology End User
Executive Engineer,Technology Executive
Software Engineer,Technology End User
AI Engineer,Technology End User
Process Engineer /  Assistant to Chief Risk Officer,Other Executive
protection and control engineer,Other End User
Software Engineer,Technology End User
Engineer,Technology End User
Machine Learning Application Engineer,Data End User
Associate strategy manager,Other End User
Sr Ai Engineer,Data End User
Faculty/auto cad designer,Marketing Decision Maker
Interface Specialist,Other End User
CTO,Technology Executive
Software Engineer,Technology End User
Software Engineer 2,Technology End User
Lead Software Engineer,Technology End User
Junior UI/UX Designer,Marketing End User
Human Resources Analyst,Data End User
Technical Services Team Lead  Simulation & Science ( Blacktown),Technology End User
Senior Engineer,Technology End User
Engineer,Technology End User
System Engineer,Technology End User
Lead Data and Analytics Developer,Technology End User
Assistant System Engineer,Technology End User
Mobile Apps,Technology End User
Manufacture,Other End User
Senior Software Engineer,Technology End User
Senior manager,Other End User
UI/UX Designer,Marketing End User
Product Manager Creams/UHT,Product Decision Maker
Product Manager - Gastroenterology,Industry LOB - Healthcare DM
Fullstack AI developer,Data End User
Information technology,Technology End User
Lead Digital Downstream,Other End User
Ui Designer,Marketing End User
DEVELOPER,Technology End User
Hr trainee,HR End User
Associate Consultant,Other End User
Website Developer,Technology End User
Architect,Technology End User
Business Process Consultant,Other End User
Head of Solutions Engineering,Technology Executive
Packing Engineer,Technology End User
Software Developer,Technology End User
Backend Developer,Technology End User
SOMETHING ELSE /  Digital Solution Specialist,Other End User
Electrical Engineer,Technology End User
Manufacturer,Industry LOB - Manufacturing End User
Logistics management,Operations End User
Software Developer,Technology End User
Executive Engineer,Technology Executive
Product Management Trainee,Product End User
Founder,Other Decision Maker
Assistant Manager,Other End User
SDET,Other End User
Frontend Developer/ Software Engineer,Technology End User
Senior Project Manager,Other End User
Data scientist,Data End User
Senior Product Manager,Product Decision Maker
"RevOps and Sales Enablement, Global",Sales End User
Software Engineer,Technology End User
Technical Support Engineer,Technology End User
Lead Engineer,Technology End User
Software Engineer,Technology End User
Lead Software Engineer,Technology End User
Software Engineer,Technology End User
Software Engineer,Technology End User
Assistant Manager,Other End User
Senior Analyst,Technology End User
Intern,Industry LOB - Edu End User
Senior Frontend Developer,Technology End User
Manager,Other End User
DevOps Engineer,Technology End User
Technology Intern,Technology End User
HR consultant,HR End User
Engineer,Technology End User
Delivery Manager,Other End User
Amazon Web Services (AWS) Restart Cohort,Junk/Invalid
Sr Software Engineer,Technology End User
Key Relationship manager,HR End User
Senior Technical Consultant,Technology End User
Engineer,Technology End User
Technical Support Engineer,Technology End User
Bachelor of Science,Other End User
Associate,Other End User
product support engineer,Product End User
Engineer,Technology End User
Senior DevOps/Cloud Consultant / Technical Consultant,Technology End User
Buying assistant,Operations End User
Network Administrator,Information End User
Specialist - Corporate Social Responsibility,Other End User
designer,Other End User
General Manager,Other Decision Maker
Senior Software Developer,Technology End User
Assistant Engineer,Technology End User
Vinay school pune bhawani peth,Junk/Invalid
Data Scientist,Data End User
IT Operations Team Lead,Information End User
AWS Cloud Engineer Managed Services,Technology End User
Senior Product Engineering Manager,Product Decision Maker
Principal Software Engineer,Technology End User
Cloud Support Engineer,Sales End User
Senior Software Engineer,Technology End User
Senior Software Engineer,Technology End User
Manager - IT Product Management,Information Decision Maker
Software Developer,Technology End User
Engineer,Technology End User
Production Services Specialist,Information End User
Analyst,Data End User
Analyst,Data End User
Advisory To Cio,Information Decision Maker
AI/ML Lecturer,Technology End User
Assistant Manager,Other Decision Maker
Education Consultant,Other End User
Data science intern,Data End User
"Product Manager, Digital Transformation Office",Product Decision Maker
Senior Product Manager,Product End User
Machine learning engineer,Technology End User
Software Engineer,Technology End User
Senior Software Engineer,Technology End User
Software Developer,Technology End User
Quality Engineer,Operations End User
System Engineer,Technology End User
Senior Software Engineer,Technology End User
Bachelor Of Education,Industry LOB - Edu End User
Software Engineer,Technology End User
Data Engineer,Technology End User
Senior Production Supervisor,Operations End User
Frontend Engineer,Technology End User
Developer,Technology End User
Packaged app development analyst,Technology End User
AGM - CSR,Sales End User
DEVELOPER,Technology End User
Designer,Other End User
Bhanukohli,Junk/Invalid
Software Engineer,Technology End User
Software Engineer,Technology End User
Engineer,Technology End User
Technical Architect,Technology End User
Software Engineer,Technology End User
Team leader,Other End User
Sde intern,Technology End User
Developer,Technology End User
Lead Software Engineer (Backend),Technology End User
Manager,Other End User
Consultant,Other End User
Developer,Technology End User
Employee,Technology End User
Senior Frontend Engineer,Technology End User
Lead Product Designer,Product End User
Head of Software Development,Technology Executive
Program Analyst,Data End User
Principal Firmware Engineer Principal Embedded linux Engineer,Technology End User
Mobile Developer,Technology End User
Treasury Product Manager,Finance Decision Maker
Senior Associate Marketing Manager,Marketing End User
Systems Engineer,Technology End User
Marketing manager,Marketing End User
Plastic Design Engineer Specialist,Technology End User
Oracle Hardware,Junk/Invalid
Senior Backend Engineer,Technology End User
Analyst in Reserve Management Policy Review and Recommendation of Bank Indonesia,Finance End User
Software Developer,Technology End User
Technical Lead Developer,Technology End User
Head Csr,Other Decision Maker
Cloud Engineering,Technology End User
Front End Developer/ Junior Consultant,Technology End User
Spec,Junk/Invalid
Senior Expert Product Manager,Product Decision Maker
Graphic Designer,Marketing End User
Senior Machine Learning Engineer,Technology End User
Back End Developer,Technology End User
PRODUCT MANAGER,Product End User
Frontend Developer,Technology End User
Automation Analyst,Technology End User
Information Technology Engineer,Information End User
Executive Engineer,Technology Executive
Mining Engineer,Technology End User
Technical Leader,Technology End User
Technical Lead,Technology End User
Senior AI & Data Engineer,Data End User
Area Sales Manager,Sales End User
Sr. Product Manager,Product Decision Maker
Web Developer,Technology End User
Cloud Engineer,Technology End User
Full Stack Developer,Technology End User
Senior Full Stack Engineer,Technology End User
Technical Team Lead Manager,Technology End User
Digital Product Manager,Product Decision Maker
Technical Qa Lead,Technology End User
Lead Web Developer,Technology End User
Consultant,Other End User
Supply Chain Manager,Operations End User
Full Stack Developer,Technology End User
Associate Software Developer,Technology End User
Principle Architect Data And Ai,Technology End User
Associate iOS Developer,Technology End User
Technology Analyst,Technology End User
Associate Consultant,Other End User
Product Strategy Manager,Product Decision Maker
traniee software engineer,Technology End User
Quality Manager/Project Engineer,Operations Decision Maker
Director,Other Decision Maker
Development Team Lead,Technology End User
Senior Android Developer,Technology End User
Digital Marketing Executive,Marketing Decision Maker
Owner,Other Decision Maker
Infra Dev Specialist,Technology End User
Quality Assurance Analyst,Data End User
Software development senior analyst,Technology End User
DATA ENGINEER,Technology End User
Senior Product Manager,Product Decision Maker
Senior Principal Software Development Engineer,Technology End User
Product Manager,Product Decision Maker
Machine Learning Engineer,Technology End User
Public Information,Information End User
Senior Product Marketing Manager,Product End User
Lead Business analyst,Other End User
Cloud Engineer,Technology End User
Machine Learning Engineer,Technology End User
Engineer,Technology End User
Developer,Technology End User
Frontend Developer,Technology End User
Associate Software Engineer,Technology End User
Lead engineer,Technology End User
Director,Other Decision Maker
Product Manager,Product End User
Project Manager - Cloud Migration and Automation,Technology End User
Software Developer,Technology End User
Jr software developer / Software Engineer,Technology End User
Technical Consultant (Lead Software Developer),Technology End User
Lead Software Developer,Technology End User
System Engineer,Technology End User
Senior Consultant,Other End User
Senior Product Manager,Product Decision Maker
Software Engineer,Technology End User
Associate Software Engineer,Technology End User
이사,Other Decision Maker
Functional Consultant,Information End User
Product Manager - Money,Product Decision Maker
SRE,Technology End User
Hydrabad,Junk/Invalid
Cloud Engineer (Global Infrastructure),Information End User
Cloud Solution Architect,Technology End User
Data Scientist,Data End User
Fullstack Developer,Technology End User
Regional Manager- Field Operation,Operations End User
Senior Software Engineer/Senior Software Developer,Technology End User
Worker,Other End User
ANALYST,Data End User
Network specialist,Information End User
Blockchain Developer,Security End User
Senior DevOps Engineer,Technology End User
Software Engineeer,Technology End User
Associate Manager - Employee Relations,HR End User
Director,Other Decision Maker
Full Stack Developer,Technology End User
经理,Other Decision Maker
Product Manager,Product Decision Maker
Lead Full Stack Developer,Technology End User
Head of AI Growth,Marketing Executive
Software Developer,Technology End User
Field Assistant,Other End User
Technical Lead,Technology End User
Senior Data Engineer,Technology End User
Senior Cloud Engineer,Technology End User
DEP,Junk/Invalid
Analyst,Data End User
Software Developer/Software Engineer,Technology End User
Senior Data Scientist,Data End User
Technical Lead,Technology End User
Software Engineer,Technology End User
Software Developer,Technology End User
Senior Process Associate,Other End User
Senior Software Engineer,Technology End User
Network Engineer,Other End User
Test Engineer,Technology End User
Cyber Security Consultant,Security End User
Product Manager,Product Decision Maker
Operations Engineer,Other End User
Engineering,Technology End User
Software Engineer,Technology End User
Assistant Professor In Ai Law,Technology End User
AI technical trainer,Technology End User
Ai Developer Technology Engineer,Technology End User
Senior Software Engineer,Technology End User
Senior Automation Engineer,Technology End User
Automation Engineer,Technology End User
AI Creative Producer,Marketing End User
Site engineer,Technology End User
Senior Software Engineer,Technology End User
Lead Developer,Technology End User
Product Manager,Product Decision Maker
"Product Manager, Search Experience",Product Decision Maker
Engineer Mining,Operations End User
Engineer,Technology End User
Software Engineer,Technology End User
Software Engineer,Technology End User
Software Engineer,Technology End User
Web Developer,Technology End User
Data Scientist,Data End User
CS  Executive,Other End User
"Senior Product Manager, Crm",Product Decision Maker
Buisness Technology Solutions Associate,Technology End User
Senior Product Manager,Product Decision Maker
Banking Specialist,Finance End User
Software Engineer,Technology End User
Software Engineer,Technology End User
Senior Software Engineer,Technology End User
Technical Manager/Automation Lead,Technology End User
Marketing Manager,Marketing Decision Maker
Flutter Developer,Technology End User
Senior Software Engineer,Technology End User
Senior Executive Mechanical Maintenance,Other Decision Maker
Officer Technical underwriting,Finance End User
GenAI Developer,Technology End User
DevOps Technical Lead,Technology End User
Application Support Engineer,Technology End User
Trade apprentice,Industry LOB - Manufacturing End User
Senior QA Engineer,Operations End User
Senior Software Engineer,Technology End User
Data engineer,Technology End User
National Mental Health Survey- State Coordinator,Other End User
Frontline Operation,Operations End User
Senior Software Engineer,Technology End User
Data Engineer,Technology End User
Services,Operations End User
Customer Success Manager,Sales End User
Frontend Engineer,Technology End User
Data Analyst,Data End User
Comment Crawler (PIC),Other End User
Lead Developer and Senior Manager - Agen46 Digital Delivery,Technology Decision Maker
Sr It Analyst,Information End User
Engineering Lead,Technology End User
Senior Software Developer,Technology End User
Head of Sales Marketing,Sales Decision Maker
Engineer,Technology End User
AUTOMATION ENGINEER,Technology End User
Cybersecurity Analyst,Security End User
Frontend Web Developer,Technology End User
Software Engineer,Technology End User
Lead Data Scientist,Data End User
Director,Other Decision Maker
SEO Executive,Other End User
Technical Service Engineer,Technology End User
Service Desk Team Lead,Technology End User
Technical Consultant,Technology End User
Human Resources Team Lead,HR End User
Analyst,Data End User
Analyst/Lead,Other End User
Sr Cloud Engineer,Technology End User
Datascientist,Data End User
Product Manager,Product Decision Maker
Senior Software Engineer,Technology End User
CSR,Other End User
As a senior supervisor,Other End User
Project Management Officer,Technology Executive
Cloud Engineer,Technology End User
Product Manager,Product Decision Maker
Me ek photographer hu aur me pichle 4 saal se photographer hau,Junk/Invalid
Senior software engineering,Technology End User
SSE,Technology End User
Founder,Other Decision Maker
Junior Engineer,Technology End User
Management Information System Officer,Information Executive
Frontend Engineer,Technology End User
Full Stack Developer,Technology End User
Senior Product Manager,Product Decision Maker
Principal Software Development Engineer II,Technology End User
Senior Quality Assurance Engineer,Technology End User
Lead engineer,Technology End User
SDE - 1,Technology End User
Assistant Sales Manager,Sales End User
"ATCO, ITO",Junk/Invalid
Software engineer,Technology End User
CSR,Other End User
Senior Project Engineer,Technology End User
Platform Architect,Technology End User
AI Infrastructure Engineer,Data End User
Assistant Manager,Other End User
Technical Specialist,Technology End User
Lead Software Engineer,Technology End User
Cloud Security Engineer,Other End User
Software Test Engineer,Technology End User
DevOps Engineer,Technology End User
Web Developer and software engineer,Technology End User
Associate Software Engineer,Technology End User
Production Trainer,Information End User
Software Developer,Technology End User
Data Analyst,Data End User
AI Engineer Trainee,Technology End User
Lead Software Engineer,Technology End User
Flutter Developer,Technology End User
Data Scientist,Data End User
Intern,Industry LOB - Edu End User
Business Data Analyst,Data End User
Quality executive/Quality Control Engineer,Technology Executive
Senior Software Engineer,Technology End User
Corporate Social Responsibility Manager,Other Decision Maker
Support Engineer,Information End User
Associate,Other End User
Consultant,Other End User
Data analysis,Data End User
Software Engineer/소프트웨어 엔지니어,Technology End User
Ai Specialist,Technology End User
Founder,Other Decision Maker
Content and Event Lead,Marketing End User
Senior Product Manager JacquiE,Product Decision Maker
CSR / Mis Officer,Information End User
Principal Software Engineer,Technology End User
Software Engineer,Technology End User
Product Manager,Product Decision Maker
APAC New Product Development Manager,Product Decision Maker
Sales,Sales End User
Technical consultant,Technology End User
Software Engineer,Technology End User
Lead Software Engineer,Technology End User
Ios Developer,Technology End User
QA Analyst,Operations End User
Freshmen Leader and Freshmen Partner,Sales End User
Founder/Founder & Director,Other Decision Maker
Sr. Interior designer,Other End User
Finacle Developer,Finance End User
Senior Software Engineer,Technology End User
Bas Engineer,Technology End User
Solutions Specialist,Technology Decision Maker
소프트웨어 개발,Technology End User
Desktop Publishing Specialist,Other End User
Founder & Software Developer,Technology Executive
Product Manager,Product Decision Maker
AI Engineer,Technology End User
Agentic Ai Engineer,Technology End User
.NET Software Engineer,Technology End User
Product Manager,Product End User
Principal Engineer,Technology End User
Software Engineer,Technology End User
"Team Lead, Customer & Strategy, Digital Technology & Information",Information End User
Associate,Other End User
System Engineer,Technology End User
Construction & Real Estate,Junk/Invalid
Principal Consultant,Other End User
Customer Service Expert,Other End User
software developer,Technology End User
Bi developer,Technology End User
Alliance Executive,Sales End User
Software Engineer,Technology End User
Software Engineer,Technology End User
Product Manager,Product Decision Maker
Csr,Other End User
Associate,Other End User
Software Developer,Technology End User
Enterprise Account Manager,Sales End User
"Senior Specialist // Bengaluru, Karnataka, India",Other End User
"""Développeur, Consultant Java/J2Ee""",Technology End User
IT Analyst,Information End User
Technical Solution Manager,Technology End User
Full Stack Engineer,Technology End User
Full Stack Developer,Technology End User
AI Full stack Engineer,Data End User
Software Developer,Technology End User
Marketing manager,Marketing End User
Staff Engineer,Technology End User
Software Developer,Technology End User
Architect,Technology End User
Lead Software Engineer,Technology End User
Quality Assurance Executive,Operations End User
prodution,Junk/Invalid
"Senior Director (APAC), Sales",Sales Decision Maker
IT Support Engineer,Information End User
Software Developer L1,Technology End User
Full Stack Developer,Technology End User
Digital marketing Executive,Marketing Decision Maker
Software Engineer,Technology End User
Assistant Engineer,Technology End User
Senior Technical Product Manager,Product Decision Maker
Software Engineer II,Technology End User
DECLINE,Other End User
cashier,Other End User
Jr Clerk Examination,Junk/Invalid
Web Developer,Technology End User
Computer Engineer & Educator,Industry LOB - Edu End User
SDE - 1,Technology End User
Software Engineer,Technology End User
DevOps Engineer,Technology End User
Database Manager,Information End User
DevOps Engineer,Technology End User
Director,Other Decision Maker
Software Engineer,Technology End User
Cluster Head - Digital Lending & Unsecured Business Loans,Other Decision Maker
Single Family Office Product Manager,Product Decision Maker
Data Engineer,Technology End User
Promoter,Marketing End User
"""Agile Developer, Associate Ii""",Technology End User
Senior Software Engineer,Technology End User
Senior Software Development Lead,Technology End User
Senior Software Engineer,Technology End User
Specialist Programmer,Technology End User
Specialist - Software Engineering,Technology End User
Software Engineer,Technology End User
Software Engineer,Technology End User
Senior Analyst,Technology End User
Full Stack Developer,Technology End User
Banking Specialist - Advisor,Finance End User
Intermediate Developer,Technology End User
Executive Engineer,Technology Executive
Nill,Junk/Invalid
Lead Data Scientist,Data End User
Principal Software Engineer,Technology End User
Co-founder & CEO,Other Decision Maker
Cloudops engineer,Technology End User
Addetto Cto,Technology End User
Engineer,Technology End User
Senior Software Engineer,Technology End User
Principal Software Engineer,Technology End User
SDET/Software Development Engineer in Test II,Technology End User
Professional,Other End User
Back End Developer,Technology End User
Technical Lead,Technology End User
Senior Software Engineer,Technology End User
"Technical Lead, Senior Software Developer",Technology End User
Network Security Engineer,Security End User
Back End Developer,Technology End User
System Engineer,Technology End User
Service Innovation,Other End User
System Engineer,Technology End User
General Manager/Head - Legal,Legal End User
Software Developer,Technology End User
Atm Tech,Information End User
Analyst,Data End User
Product Manager,Product Decision Maker
Senior Software Engineer,Technology End User
Digital Marketer,Marketing End User
Engineering Manager,Technology Decision Maker
Data Engineer,Technology End User
Software Engineer,Technology End User
Principal MLops Engineer,Technology End User
Senior Software Developer,Technology End User
Professional,Other End User
Security Consultant,Security End User
XR Developer,Technology End User
DESIGNER,Other End User
Product Manager,Product Decision Maker
Software Engineer,Technology End User
Digital Marketing Manager,Marketing End User
Test Automation Engineer,Technology End User
Graphics designer,Marketing End User
Associate Director - Infrastructure Engineering,Information Decision Maker
Algorithm Software Engineer,Technology End User
Full Stack Developer,Technology End User
Software Engineer I,Technology End User
Senior software test engineer,Technology End User
Project Manager Scrum Master,Product Decision Maker
Senior Manager - Martech & Online,Marketing Decision Maker
Senior solution consultant,Technology End User
Software Engineer,Technology End User
Full Stack Developer,Technology End User
Senior Executive,Other Decision Maker
Senior Software Developer,Technology End User
Product Manager,Product End User
Java Developer,Technology End User
Senior Software Engineer I,Technology End User
Engineer,Technology End User
Systems Engineer,Technology End User
Reliability Engineer,Technology End User
Senior Tech Support,Other End User
HR Recruiter Head,HR Decision Maker
Associate Manager at DXC Technology,Other End User
Product Manager,Product Decision Maker
Engineer,Technology End User
ZSM,Junk/Invalid
Software Developer - Frontend,Technology End User
PRODUCT MANAGER / Audit Software Developer,Product End User
Senior Software Engineer,Technology End User
Software Engineer - II,Technology End User
Data analyst,Data End User
Marketing intern,Marketing End User
QA engineer,Technology End User
Senior instructor,Other End User
Software Engineer,Technology End User
SDET,Other End User
Product Manager,Product Decision Maker
Lead Software Engineer,Technology End User
Senior Software Engineer at Property Shell Pty Ltd,Technology End User
Data Engineer 2,Data End User
Consultant / Project Manager,Other End User
Associate Software Engineer,Technology End User
Business man,Other End User
Frontend Web Developer,Technology End User
Senior recruiter,HR End User
Product Manager - Automation,Technology Decision Maker
Doctor,Industry LOB - Healthcare End User
E-commerce excutive / Marketplace excutive,Marketing End User
Avp It Core Technology,Information Decision Maker
Software Test Engineer,Technology End User
IT Manager,Information Decision Maker
Senior Product Manager,Product Decision Maker
Lead analyst,Technology End User
Junior IT Specialist,Information End User
Performance Marketing,Marketing End User
System Engineer,Technology End User
Sr instructional designer/Sr Cx training professional,Marketing End User
Senior Software Engineer,Technology End User
Information Technology Team Lead,Information End User
Head department,Other Decision Maker
Senior quality analyst,Operations End User
IoT Solution Lead,Technology End User
Food industry,Junk/Invalid
MACHINE LEARNING ENGINEER/Lead,Technology End User
Engineer,Technology End User
Ai Ml Engineer,Data End User
Analyst,Data End User
Head of Data Management,Data Executive
Developer,Technology End User
Solution Architect,Technology End User
Senior System Engineer,Technology End User
Sr. Specialist Frontend Developer,Technology End User
"Vice President, Asia Pacific",Other Decision Maker
Software Engineer,Technology End User
"Lead, cloud engineer",Technology End User
DATA ENGINEER,Technology End User
Web designer and frontend developer,Marketing End User
Product Manager,Product Decision Maker
Corporate Planning Program Manager,Other Decision Maker
Motion Designer,Marketing End User
Back End Developer,Technology End User
Software Developer,Technology End User
Head of Engineering,Technology Executive
Software Engineer,Technology End User
Junior Web Developer,Technology End User
Developer,Technology End User
Software Engineer,Technology End User
District Coordinator,Information End User
Senior Research Fellow,Other End User
Territory Manager,Sales End User
Lead SDET,Other End User
Product Manager - Gainsborough,Product Decision Maker
Sales Manager,Sales End User
senior software enigneer,Technology End User
Lead Product Manager,Product Decision Maker
Founder,Other Executive
Customer Experience Associate,Other End User
IT Specialist,Information End User
Security Analyst,Security End User
Full Stack Developer,Technology End User
Product Manager,Product End User
Software Engineer,Technology End User
Software Engineer,Technology End User
Senior Software Engineer I,Technology End User
Software Engineer,Technology End User
Lead Engineer,Technology End User
Engineer Iii,Technology End User
Senior DevOps Engineer,Technology End User
Chief Executive Officer,Chief Executive
Bpo Business System Analyst,Technology End User
Software Engineer,Technology End User
Senior Product Manager,Product Decision Maker
ML Engineer,Technology End User
Fullstack Software Developer /  Software Engineer Team Lead,Technology End User
Associate System Engineer,Technology End User
Product Manager,Product Decision Maker
Managing Consultant/Managing Consultant (Software Engineering),Technology Decision Maker
Lead Tech,Technology End User
Learning and Development Product Intern/ Product Trainer,Product End User
Associate Cloud Developer,Technology End User
Senior Pipeline Engineer,Technology End User
Project Manager / Data Analyst,Data End User
Engineer,Technology End User
GDE AI/ML,Technology End User
Software developer,Technology End User
Field Engineer,Technology End User
linux,Junk/Invalid
Senior Analyst,Technology End User
Engineer,Technology End User
.,Junk/Invalid
Product Manager,Product Decision Maker
Software Developer,Technology End User
Associate Senior Technical Consultant,Technology End User
Editor,Other End User
Principal Software Engineer,Technology End User
Marketing Executive,Marketing Decision Maker
Software Engineer,Technology End User
Manager - Vendor Management,Other End User
Software Engineer,Technology End User
Software Engineer,Technology End User
"Senior Assistant Professor/Sr.Asst.Professor, Department of AI&DS",Other End User
QA Engineer,Technology End User
Senior Software Developer,Technology End User
Penetration Tester,Security End User
Supply Chain Controller,Operations End User
Software Engineer,Technology End User
"Senior Manager - Product Management/Manager, Development",Product Decision Maker
Senior Product Manager,Product Decision Maker
Program Manager and Lead Mentor - Innovation Centre,Technology End User
Manager - Onboarding & Delivery,Other End User
Development Manager,Technology End User
Executive Corporate Social Responsibility,Marketing End User
Project Manager / Operations Manager,Operations End User
Pre Sales Executive,Sales Executive
Senior Software Engineer,Technology End User
Marketing Manager,Marketing End User
Director of Engineering,Technology Decision Maker
Digital Product Lead,Product End User
Senior nodejs developer,Technology End User
Associate Analyst - Software,Technology End User
Product Manager,Product Decision Maker
Software Engineer,Technology End User
Consultant,Other End User
All aover indan,Junk/Invalid
Chemical Engineer/Head of Department,Technology Executive
Software Developer,Technology End User
Associate Engineer,Technology End User
Lead Software Developer,Technology End User
Software Engineer,Technology End User
Senior Product Manager,Product Decision Maker
Research Analytics - Graduate Assistant,Data End User
Frontend Developer,Technology End User
Ranjangoan road,Junk/Invalid
Ai Research Scholar,Technology End User
Research mobility officer,Other End User
Data Analyst,Data End User
Technology Consultant,Technology End User
Assistant Manager,Other End User
Software Engineer,Technology End User
Software developer,Technology End User
Embedded Software Developer,Technology End User
Senior Software Engineer,Technology End User
Engineer,Technology End User
DevOps Engineer,Technology End User
Software Engineer Backend,Technology End User
Data Center & Cloud Engineer,Other End User
Support Engineer,Information End User
Application Team Lead,Technology End User
Senior Software Developer,Technology End User
Product Manager,Product Decision Maker
Data Analyst,Data End User
Computer Vision Engineer,Technology End User
Manager,Other End User
Intern,Industry LOB - Edu End User
3D Printing,Junk/Invalid
Architect,Technology End User
Cloud Operations Engineer,Technology End User
Senior Product Manager,Product Decision Maker
Software Engineer,Technology End User
CTO,Technology Executive
Tech Lead,Technology End User
Senior Engineer,Technology End User
Senior Software Engineer,Technology End User
Software Engineer - AI/ML,Technology End User
NPU Software Engineer,Technology End User
Software Developer,Technology End User
Cloud Engineer,Technology End User
Software Engineer,Technology End User
Software Engineer,Technology End User
"Back End Developer, DevOps Engineer",Technology End User
Senior Software Developer,Technology End User
Consultant,Other End User
Frontend Engineer,Technology End User
Associate Consultant,Other End User
Devops,Technology End User
Frontend Developer,Technology End User
Product Manager,Product Decision Maker
Software Development Manager,Technology Decision Maker
Technical Lead,Technology End User
Senior Analyst,Technology End User
Junior Web Developer,Technology End User
DevOps Engineer,Technology End User
Cloud Engineer,Technology End User
Software Engineer,Technology End User
Software Developer,Technology End User
Director,Other Decision Maker
Project Manager,Other End User
Software Engineer,Technology End User
Engineer,Technology End User
Engineer,Technology End User
Specialist,Other End User
Developer,Technology End User
Software Developer,Technology End User
Owner,Other Decision Maker
Product Manager - Scrum Master,Product Decision Maker
IT Director,Other Decision Maker
DevOps Engineer,Technology End User
Software Engineer,Technology End User
Sde,Technology End User
AI Researcher,Technology End User
Senior AI Engineer,Data End User
Product Manager - Fraud and Scams,Product Decision Maker
Software Engineer /  QA Automation Specialist,Operations End User
Senior Gen Ai Professional,Technology End User
Software Manager,Technology Decision Maker
"Communications, Sustainability & CSR",Operations End User
Senior Specialist,Other End User
Sale head,Other Decision Maker
Senior Software Engineer,Technology End User
Metaverse,Junk/Invalid
Software engineer 1,Technology End User
Sr DevOps Engineer,Technology End User
Sr.  .NET Developer/Senior Researcher,Technology End User
...,Other End User
Computer Vision Engineer 1,Technology End User
Software Engineer/Process engnieer,Technology End User
Lead Engineer,Technology End User
Application Developer Analyst,Technology End User
proprietor,Other Decision Maker
Project Engineer,Technology End User
Project Delivery Manager,Product End User
Technical Lead,Technology End User
Product Manager,Product Decision Maker
Artificial Intelligence,Data End User
Software Engineer,Technology End User
Software Engineer,Technology End User
Finance Executive,Finance Executive
Senior Software Engineer,Technology End User
Business development executiv,Sales Decision Maker
Lead Architect – Platform Engineering & Integration Delivery,Technology End User
Product Manager/Manager | Cards,Product Decision Maker
Data analyst,Data End User
Professional,Other End User
Senior Software Developer,Technology End User
Software Developer,Technology End User
Data Scientist,Data End User
"Network Programming Head ( 9XM, 9X Jalwa, 9X Tashan, 9xJhakkas)",Other Decision Maker
Senior Project Engineer,Technology End User
Technical Lead,Technology End User
Software Engineer,Technology End User
Flutter Developer,Technology End User
Specialist Programmer,Technology End User
Data Scientist,Data End User
DATA ANALYST,Data End User
Associate Software Engineer,Technology End User
DevOps Lead,Technology End User
Product Manager,Product Decision Maker
3Cs Designer/Developer,Technology End User
Senior Data Scientist,Data End User
System Engineer,Technology End User
Frontend Web Developer,Technology End User
Consultant,Other End User
Senior Cloud Engineer,Technology End User
Cloud ML Architect,Technology End User
Product Manager,Product Decision Maker
Engineer,Technology End User
Territory Business Manager,Sales End User
Medical representative,Other End User
Product Manager,Product Decision Maker
Senior Software Engineer,Technology End User
MACHINE LEARNING ENGINEER,Technology End User
Salesforce Ops Lead / CRM Specialist,Sales End User
Cloud Solution Architect,Technology End User
Data Scientist,Data End User
Web Developer,Technology End User
Web Developer,Technology End User
Global Chief Marketing Officer,Marketing Executive
Retail Product Manager,Product Decision Maker
Founder,Other Decision Maker
Flutter Developer,Technology End User
software dveloper,Technology End User
IAM Engineer 3,Technology End User
Product Engineer,Other End User
Ai Professor,Technology End User
Software Development Engineer 2,Technology End User
director,Other Decision Maker
Senior engineer technology,Technology End User
Senior Tech Lead/ Technical Lead,Technology End User
Automation Test Engineer,Technology End User
Data Scientist,Data End User
Sde intern,Technology End User
Software Engineer,Technology End User
System Engineer,Technology End User
Senior Software Developer,Technology End User
Assistant Product Manager,Product Decision Maker
Engineer,Technology End User
Senior Software Engineer,Technology End User
Software Engineer,Technology End User
Engineering Lead (Ruby on Rails),Technology End User
Software Engineer,Technology End User
Network Engineer/Associate Team Lead,Information End User
Voice Iot Product Manager,Product Decision Maker
Frontend Developer,Technology End User
Full Stack Developer,Technology End User
Frontend Developer,Technology End User
Inside Account Manager - GCC,Sales End User
Software Engineer,Technology End User
Software Engineer,Technology End User
Consultant- Analytics,Data End User
Business development manager,Sales End User
Senior Key Account Executive,Sales Decision Maker
Head Of Engineering,Technology Executive
engineer,Technology End User
Software Engineer,Technology End User
Backend Developer,Technology End User
Mobile App,Technology End User
Head of Product,Product Executive
Product Manager - Travel,Product Decision Maker
Project Engineer,Technology End User
Manager,Other End User
DEVELOPER/ Senior Software Engineer,Technology End User
Senior Associate Marketing Manager,Marketing End User
Software Engineer,Technology End User
Project Manager,Other End User
Programmer analyst trainee,Technology End User
Data Analyst,Data End User
Staff Engineer/Squad Lead,Technology End User
Full-stack Developer,Technology End User
Senior Software Engineer,Technology End User
Senior Software Engineer,Technology End User
AI Engineer / Student,Industry LOB - Edu End User
Network Engineer,Other End User
Ai Business Analyst Lead,Technology End User
Sr. Product Compliance Associate,Product End User
Devops Engineer,Technology End User
Product Manager - Treasury Financial Intelligence,Finance Decision Maker
Product Manager,Product Decision Maker
Ad sales Manager,Sales End User
Executive,Other Decision Maker
Network Engineer,Other End User
Head of Finance,Finance Decision Maker
Data Engineer,Technology End User
Senior Software Engineer II,Technology End User
Founding engineer / Software Development Engineer,Technology End User
professor,Industry LOB - Edu End User
Engineer,Technology End User
Lead Software Engineer,Technology End User
Senior Software Engineer,Technology End User
Senior Product Manager,Product Decision Maker
Data Scientist,Data End User
Senior Software Developer,Technology End User
Product Manager,Product Decision Maker
Software Engineer,Technology End User
"Product Manager, Industry and Product Development",Product Decision Maker
"""Agile Developer, Associate Ii""",Technology End User
Product Manager,Product Decision Maker
Partner,Sales Decision Maker
Web Developer,Technology End User
Cloud Engineer,Technology End User
Ai Platform Engineer,Technology End User
Senior AI Engineer,Data End User
Graduate Trainee,Other End User
SDE-2,Other End User
Category Account Manager,Sales Decision Maker
Senior Associate,Other End User
Principal AI Engineer,Data End User
"Director, Platform Engineering (Database)",Data Decision Maker
Design Engineer,Other End User
Enterprise Architect,Technology End User
Senior Software Engineer - Application Development,Technology End User
Software Developer,Technology End User
Frontend Developer,Technology End User
Software Engineer,Technology End User
Software Development Senior Analyst,Technology End User
Buying assistant,Operations End User
Management Trainee,Other End User
Full Stack Developer,Technology End User
Senior Manager / Regional Head,Other Decision Maker
.Net Developer,Technology End User
Software Engineer,Technology End User
Senior Specialist Cloud and Infra Management,Technology End User
Data Scientist,Data End User
General manager,Other Decision Maker
Senior Engineer/Executive Engineer (Projects),Other End User
DTP Senior Associate,Technology End User
Developer,Technology End User
Full Stack Engineer,Technology End User
Wealth Manager,Finance End User
Technology Analyst,Technology End User
Engineering Workshop Maintenance Manager /  Facilities and minor projects manager,Operations Decision Maker
Frontend Developer,Technology End User
CE,Other End User
Product manager,Product Decision Maker
Senior Engineer,Technology End User
Quality assurance,Information End User
Business Analyst,Other End User
ML Engineer,Technology End User
Lead Software Engineer,Technology End User
Data Analyst,Data End User
DevOps Engineer,Technology End User
Associate Dir- It Product & Program,Information Decision Maker
ML Engineer,Technology End User
Product Manager,Product Decision Maker
Associate,Other End User
Social Media Strategist,Marketing End User
Lead DevOps Engineer,Technology End User
Field Marketing Manager,Marketing End User
Assistant Professor of Maths,Other End User
Value Stream Lead - Corporate Portfolio,Other End User
Data analyst,Data End User
Software Test Engineer,Technology End User
lead,Other End User
책임,Other Decision Maker
Full-stack Developer,Technology End User
Head of GTM Digital Experience Suite,Marketing Executive
Back End Developer,Technology End User
Digital Channels Product Manager,Product Decision Maker
Product Manager,Product Decision Maker
Director,Other Decision Maker
Backend Engineer,Technology End User
Software Developer,Technology End User
Partner,Sales Decision Maker
SDE II,Other End User
Senior Software Engineer,Technology End User
Senior Product Manager,Product Decision Maker
MTS Engineer,Technology End User
Museum Keeper,Other End User
Senior Product Manager,Product Decision Maker
Microservices Engineer,Technology End User
Software Engineer,Technology End User
DevOps Engineer,Technology End User
Engineer,Technology End User
Software Developer,Technology End User
Specialist,Other End User
Assistant Engineer,Technology End User
Mechanical Engineer,Technology End User
Sr. Manager,Other End User
Senior software Engineer,Technology End User
Product Manager,Product End User
BDE,Junk/Invalid
Power BI Developer,Technology End User
Coforge logo Technical Lead,Technology End User
Programming Analyst,Technology End User
Senior Associate Consultant,Other End User
CEO,Chief Executive
Media Executive,Industry LOB - Media Entertainment Exec
CEO,Chief Executive
Backend Developer,Technology End User
Senior Quality Analyst,Operations End User
new delhi,Junk/Invalid
Associate manager,Other End User
Product Manager,Product Decision Maker
Ai Specialists,Technology End User
Teacher,Industry LOB - Edu End User
Technical Team Lead,Technology End User
Executive Engineer,Technology Executive
Software Engineer,Technology End User
It Technical Account Manager,Information End User
Senior Software Engineer,Technology End User
Analyst Ict,Information End User
Senior Member of Technical Staff,Technology End User
Product Manager,Product Decision Maker
Video Editor,Technology End User
Data Ops Engineer,Data End User
Aws Cloud Engineer,Technology End User
Senior Technical Consultant,Technology End User
Frontend Developer,Technology End User
Propriter,Junk/Invalid
Programmer analyst trainee,Technology End User
Software Engineer,Technology End User
Software Development Engineer 1,Technology End User
Software Developer,Technology End User
Senior Developer,Technology End User
Technical Lead,Technology End User
Software Engineer,Technology End User
Associate software engineer,Technology End User
Engineer,Technology End User
Senior Data Engineer,Technology End User
Assistant Professor,Industry LOB - Edu End User
Employee,Technology End User
Backend Developer / Software Engineer,Technology End User
Corporate Social Responsibility Executive,Other Decision Maker
Product Engineering Director,Other Decision Maker
Software Engineer,Technology End User
Graduate Engineer Trainee,Technology End User
Paediatrician,Other End User
Senior Technology Leader,Technology End User
Frontend Developer,Technology End User
Sales Marketing Manager,Sales End User
Associate Consultant,Other End User
Assistant Project Manager,Other End User
Engineering Manager,Technology Decision Maker
GIS Data Analyst,Data End User
Founder,Other Decision Maker
Senior Product Manager,Product End User
Business analyst,Other End User
Asst. Manager Information Security (Security Engineer),Security End User
Noida,Junk/Invalid
B.E,Junk/Invalid
Manager,Other End User
Data Scientist Lead II,Data End User
Site Reliability Engineer,Technology End User
Web Developer,Technology End User
CSR,Other End User
Team Lead,Other End User
Senior Product Manager,Product Decision Maker
"Group Product Manager/Ai Strategy, Enterprise Integrations & Automation Product Leader",Technology Decision Maker
Associate manager,Other End User
CSR,Other End User
Associate Software Developer,Technology End User
Software Engineer Team Lead,Technology End User
Product Manager,Product Decision Maker
Software Developer,Technology End User
Associate,Other End User
Senior Product Manager,Product Decision Maker
Software Engineer,Technology End User
operations analyst,Other End User
Specialist GCP / DevOps Lead,Technology End User
Technical Team Lead,Technology End User
Assistant It Manager,Information Decision Maker
Success great industry,Junk/Invalid
Developer,Technology End User
Senior Engineer,Technology End User
Senior Project Engineer,Technology End User
Software Developer,Technology End User
Senior Data Analyst,Data End User
Member of Technical Staff-2,Technology End User
Software Engineer,Technology End User
Full Stack Developer,Technology End User
Quality Engineer,Operations End User
Senior Consultant,Other End User
HRD & GA SPV,HR End User
Software Engineer,Technology End User
Senior Product Manager,Product Decision Maker
AI/ML Engineer,Data End User
Manager,Other End User
Marketing Manager,Marketing End User
Software Engineer Trainee,Technology End User
Engineer,Technology End User
Staff Software Engineer,Technology End User
OutSystems Developer,Technology End User
Engineer,Technology End User
IT Analyst,Information End User
Solution Specialist,Technology End User
Software Engineer,Technology End User
"Product Lead, Mobile",Product End User
Geotechnical Engineer,Technology End User
"Product Manager, Learning and Teaching Technology",Product Decision Maker
Software engineer,Technology End User
Assistant Manager,Other End User
Associate Tech Lead,Technology End User
Software Developer,Technology End User
Senior Executive,Other Decision Maker
Senior Executive - Global Bid Management,Sales End User
Data,Data End User
Programmer,Technology End User
Senior Structural Engineer | R&D Engineer,Technology End User
Process Associate,Other End User
Project Engineer,Technology End User
Frontend Developer,Technology End User
Software Developer,Technology End User
Associate,Other End User
Project Engineer,Technology End User
C# Developer,Technology End User
Recruitment Delivery Associate,HR End User
Senior Product Manager,Product Decision Maker
CSR AGENT,Other End User
Software Developer,Technology End User
Brodband Champ,Junk/Invalid
Senior Manager (Marketing)- Office of Director Marketing,Marketing End User
Founder,Other Decision Maker
DATA ANALYST,Data End User
Application Engineer 1,Technology End User
Frontend Developer,Technology End User
Digital Product Manager,Product Decision Maker
Systems engineer,Technology End User
Developer,Technology End User
Software Developer,Technology End User
Software Engineer,Technology End User
Senior Engineer,Technology End User
Oracle scm developer / Associate Software Developer,Technology End User
Principle engineer,Technology End User
Red Team Engineer,Technology End User
Cybersecurity Lead	(Security),Security End User
Software Engineer & Instructor,Technology End User
Deputy Manager,Other End User
Manager,Other Decision Maker
Full-stack Developer,Technology End User
Engineer,Technology End User
"Product Marketing Manager/Project Manager, Gcc",Marketing Decision Maker
Software Engineer,Technology End User
Lead Infra Engineer,Technology End User
Assistant Professor,Industry LOB - Edu End User
Gen AI specialist programmer,Technology End User
Data science Trainee,Data End User
Technical Team Lead,Technology End User
Regional Sales Manager,Sales End User
Developer,Technology End User
Senior Software Engineer,Technology End User
Project Manager,Other End User
"""Back-End Developper, Lead Data""",Other End User
Amirthalingam,Junk/Invalid
IT Manager,Information End User
Software Engineer,Technology End User
Associate Consultant,Other End User
Software Developer,Technology End User
Trained Graduate Teacher,Industry LOB - Edu End User
Application Developer / Software Engineer (Mobile),Technology End User
Civil Engineer,Technology End User
Helpdesk Sr. Representative,Information End User
Product Strategy Manager,Product Decision Maker
Senior Analyst - Supply chain security,Other End User
BRANCH SALES MANAGER,Other End User
Founder,Other Decision Maker
Group CISO,Security Executive
associate engineer,Technology End User
Founder,Other Decision Maker
Lead,Other End User
Software Engineer,Technology End User
Manager,Other End User
Programmer Analyst Trainee,Technology End User
Engineer,Technology End User
Software Engineer,Technology End User
"Senior Officer, Foundation & Academic Programmes",Industry LOB - Edu DM
"Team lead, vendor management",Other End User
DevOps Engineer,Technology End User
Engineer,Technology End User
Technical support Engineer,Technology End User
Assistant Product Manager,Product Decision Maker
AI Engineer,Technology End User
Software Developer,Technology End User
Software Developer,Technology End User
CTO,Technology Executive
Software Engineer,Technology End User
Lead Mobile Developer,Technology End User
Process Analyst,Technology End User
Design Engineer,Other End User
UCaaS and CCaaS Programme / Project Manager,Technology Decision Maker
Manager - HR,HR End User
Founder,Other Decision Maker
Marketing Manager,Marketing End User
AI Engineer,Technology End User
System Engineer,Technology End User
Devops Lead,Technology End User
PRODUCT MANAGER,Product End User
Csr,Other End User
Sr. Project engineer,Technology End User
Intern Trainee,Other End User
GenAI Engineer,Data End User
Software Engineer,Technology End User
Back End Developer,Technology End User
AI Engineer,Technology End User
Principal Software Engineer,Technology End User
Senior Transmission Engineer,Technology End User
Ai Sr Manager,Technology End User
Software Developer,Technology End User
Marketing Manager,Marketing End User
Mobile Application Developer,Technology End User
teacher,Industry LOB - Edu End User
Web Developer,Technology End User
DevOps Engineer,Technology End User
Project Engineer (Data Analytics and AI),Technology End User
Associate Consultant,Other End User
Computer Teacher,Technology End User
Data Architect,Data End User
Digital Marketer,Marketing End User
IT Enterprise Performance Management Team Lead,Information Decision Maker
Ehss Engineer,Other End User
Senior Manager,Other End User
Sales man,Sales End User
Full Stack Engineer,Technology End User
Product Manager,Product Decision Maker
Data Scientist,Data End User
Engineer,Technology End User
DEVELOPER,Technology End User
Application Engineer,Technology End User
Product Manager,Product Decision Maker
Mobile Developer,Technology End User
Assistant Manager,Other Decision Maker
Sale's excutive,Sales Decision Maker
Software Engineer,Technology End User
Team Lead and Senior Developer,Technology End User
Senior Software Developer,Technology End User
Manager,Other End User
Networking engineer,Information End User
Senior Analyst,Technology End User
Graduate Engineering Trainee,Technology End User
Business Process Expert,Operations End User
Senior Cloud Architect,Technology End User
Procurement Operations Manager,Operations End User
Head Of Frontend Engineering And Product,Product Executive
Test specialist,Other End User
Independent Developer/Blockchain Developer,Security End User
Assistant officer,Information End User
Full-Stack Engineer,Technology End User
Systems Engineer,Technology End User
"""Agile Developer, Associate Ii""",Technology End User
Techinician,Junk/Invalid
Finance Manager,Finance End User
Founder,Other Decision Maker
Software Engineer,Technology End User
Senior Software Developer,Technology End User
Product Manager,Product Decision Maker
Laser helper,Other End User
Software Test Engineer,Technology End User
Full Stack AI Solutions Developer,Technology End User
Marketing,Marketing End User
Senior Software Developer,Technology End User
Mobile Application Developer,Technology End User
Project Manager,Other End User
SOMETHING ELSE,Other End User
Senior Patent Associate,Legal Decision Maker
Associate/AI & Data engineer Senior Associate,Data End User
Senior Full Stack Developer,Technology End User
Associate Product Manager,Product Decision Maker
Developer Programmer,Technology End User
Software Engineer,Technology End User
Marketing Director,Marketing Decision Maker
Director,Other Decision Maker
Co founder & CEO,Chief Executive
Back End Developer,Technology End User
Intern,Industry LOB - Edu End User
Director,Other Decision Maker
Software Developer,Technology End User
Manager,Other End User
Associate Product Manager,Product Decision Maker
Machine Learning Engineer,Technology End User
Cloud DevSecOps Engineer,Security End User
Sr Agtech & Data Science,Data End User
DEVOPS ENGINEER,Technology End User
Data Scientist,Data End User
Product Marketing Development Department Manager 嵌入式產品事業中心/產品發展處 經理,Other Decision Maker
Back End Developer,Technology End User
Junior Associate Technology,Technology End User
Software engineer/Associate Integration Engineer,Technology End User
Digital Lead,Marketing End User
Senior Manager - Service Collaboration,Other End User
Sr. Officer - Catalog Content & Quality,Product End User
Senior Software Engineer,Technology End User
Consultant,Other End User
Pharmacist,Other End User
Junior Project Manager,Technology Decision Maker
Solutions Architect,Technology End User
Senior Engineer,Technology End User
Frontend Developer,Technology End User
BI Consultant,Data End User
Junior Product Manager,Product Decision Maker
Product Manager,Product End User
總監,Other Decision Maker
React and Python developer,Technology End User
Regional Product Manager,Product Decision Maker
Senior System Engineer,Technology End User
Business Analyst (Financing System Transformation)-Commercial Segment,Other Decision Maker
SECURITY PROFESSIONAL,Security End User
Software developer,Technology End User
Senior Technical Engineer- Specifications,Technology End User
Technical Trainer,Technology End User
"Founder, Chief Software Developer (ARCUS, NoSQL, DBMS, ...)",Technology End User
Full Stack Developer,Technology End User
Marketing Head,Marketing Decision Maker
Lead Software Quality Assurance Engineer,Technology End User
CSR,Other End User
Technical Services Team Lead,Technology End User
Software Developer,Technology End User
Frontend Developer,Technology End User
Technical Manager,Technology End User
Software Engineer,Technology End User
CSR,Other End User
FASHION DESIGNER,Marketing End User
Assistant Product Manager,Product Decision Maker
Game Developer,Technology End User
3d,Junk/Invalid
Product Manager,Product Decision Maker
Lead It Specialist,Information End User
Mid-Level Software Product Developer,Technology End User
Engineer,Technology End User
Founding Llm Engineer Intern,Technology End User
Product Manager,Product Decision Maker
Cloud Engineer,Technology End User
DATA ANALYST,Data End User
Senior Sharepoint Developer,Technology End User
Senior Software Engineer,Technology End User
Aspiring Human Resources Professional,HR End User
Team Lead,Other End User
Software Engineer - II,Technology End User
Web Developer,Technology End User
Channel head,Other Decision Maker
Staff Software Engineer,Technology End User
Senior Software Engineer,Technology End User
It is a grocery store in Taj Nagar Gurugram,Junk/Invalid
SOMETHING ELSE,Other End User
Senior Software Developer,Technology End User
Senior Software Engineer,Technology End User
Lead Back-end Developer,Technology End User
Software Engineer,Technology End User
Senior Associate,Other End User
ML data associate,Data End User
Architect/Principal Architect,Technology End User
Senior AI Modeling Lead,Data End User
Senior Software Engineer,Technology End User
Product & Segment Manager,Product Decision Maker
Senior Software Engineer,Technology End User
Software Engineer,Technology End User
Manager,Other End User
Accountant,Finance End User
Solutions Engineering Manager,Technology Decision Maker
Software Engineer,Technology End User
GST PRACTIONER,Finance End User
.NET Developer,Technology End User
Frontend Developer,Technology End User
Product Manager,Product Decision Maker
System Administrator,Technology End User
machine learning,Data End User
Software Developer,Technology End User
Software Engineer / Financial Operations,Other End User
Software Developer,Technology End User
Software Developer,Technology End User
Application Development Sr Analyst,Technology End User
UX Designer,Product End User
Senior Frontend Developer,Technology End User
Web Developer,Technology End User
Ai Study,Junk/Invalid
Full stack developer,Technology End User
Business consultant,Sales End User
Back End Developer,Technology End User
Graduate Software Engineer /  Product Development Team Lead,Product End User
Marketing Representative,Marketing End User
System Developer/Application Developer,Technology End User
Chief Manager,Other End User
Systems Engineer,Technology End User
developer,Technology End User
Junior Engineer,Technology End User
GET,Junk/Invalid
Systems integration specialist,Technology End User
Senior assistant,Other End User
Digital Product Manager,Product Decision Maker
Software Engineer -2,Technology End User
Mechanical Engineer,Technology End User
Se. Data Engineer,Technology End User
Staff Software Engineer/Senior Staff Engineer,Technology End User
Software Developer,Technology End User
Frontend Developer,Technology End User
Project coordinator,Other End User
Marketing Manager,Marketing End User
Developer/Network Admin,Information End User
"""Back-End Developper, Lead Data""",Other End User
Associate Software Development Engineer,Technology End User
Business Development Executive,Sales Decision Maker
Assistant System Engineer,Technology End User
DevOps Engineer,Technology End User
Software Engineer,Technology End User
Lead Engineer,Technology End User
DEVELOPER,Technology End User
Head Non-Clinical Operations,Operations Decision Maker
Director of Engineering,Technology Decision Maker
Product Manager,Product Decision Maker
"Senior Software Engineer, Full Stack",Technology End User
Product Manager,Product Decision Maker
Ai Software Development Engineer,Data End User
Software Engineer,Technology End User
Software Development Engineer,Technology End User
Founder and CEO,Other Decision Maker
Customer Support Executive,Other Decision Maker
Software Engineer,Technology End User
Mobile Application Developer,Technology End User
Senior Software Development Engineer,Technology End User
Manager CSR,Other End User
Guest experience manager,Other End User
Senior Software Developer,Technology End User
Assistant Manager,Other End User
Software Engineer,Technology End User
Software Engineer,Technology End User
Senior Product Manager,Product Decision Maker
Senior Software Developer,Technology End User
Senior Engineer,Technology End User
Advisor,Other End User
Product Manager / Sr. Manager,Product Decision Maker
Education & Skill Development,Industry LOB - Edu End User
AI/ML Intern,Data End User
AI Engineer,Technology End User
Senior Product Manager,Product Decision Maker
Engineering Manager,Technology Decision Maker
Engineer,Technology End User
Senior Product Category Manager,Product Decision Maker
Senior Structural Engineer,Technology End User
Software Engineer,Technology End User
AI/LLM Analyst,Technology End User
Senior software test engineer,Technology End User
Customer Success Manager,Sales End User
Associate Product Manager (Dm),Product Decision Maker
Product Manager,Product Decision Maker
Senior Software Developer,Technology End User
Java developer,Technology End User
Csr,Other End User
Auditor,Finance Decision Maker
Associate Consultant at Aelum Consulting,Other End User
Senior Software Engineer,Technology End User
Embedded System Engineer,Technology End User
QA Test Engineer,Operations End User
Manager,Other End User
Data Scientist,Data End User
Data scientist,Data End User
Analyst,Data End User
Senior Cloud Engineer,Technology End User
Head of Developer,Technology Executive
Apprenticeship,Technology End User
Data Specialist,Data End User
Software developer,Technology End User
Sr. Software Engineer,Technology End User
Principal Architect,Technology End User
Sales And Marketing Specialist,Marketing End User
Business Analyst,Other End User
Senior Software Engineer,Technology End User
Software Engineer - AI Agent,Other End User
Developer Relations Engineer,Technology End User
AI/ML engineer Inten,Other End User
Staff engineer,Technology End User
Product Manager,Product Decision Maker
Software Engineer,Technology End User
Senior Full Stack Developer,Technology End User
Process executive,Information End User
Application Engineer - 2,Technology End User
CSR,Other End User
Lead Engineer/Senior Software Engineer,Technology End User
Head of DevOps & SRE,Technology Decision Maker
Associate Product Manager,Product End User
Inference Infrastructure Engineer,Other End User
AI Expert,Technology End User
Assistant system engineer,Technology End User
Associate General Manager,Other End User
Associate Manager,Other End User
Engineer,Technology End User
Tech Transformation Strategist,Technology End User
SOMETHING ELSE,Other End User
Consultant,Other End User
Product Manager,Product Decision Maker
Technical Safety Team Lead,Security End User
Associate Consultant,Other End User
Senior Analyst - Learning,Data End User
Product Manager,Product Decision Maker
"Lead Developer, Critical Thinker",Technology End User
Software Development Team Leader,Technology End User
work transformation engineer,Other End User
Cloud Engineer,Technology End User
Software Engineer,Technology End User
Gen ai Engineer,Data End User
Software Engineer,Technology End User
Software Engineer,Technology End User
Engineer,Technology End User
Software Engineer (L3),Technology End User
Senior Software Engineer,Technology End User
Data Scientist,Data End User
Sales Engineer,Sales End User
Test Lead,Technology End User
Project Engineer,Technology End User
Frontend Developer - Production,Technology End User
Data Analyst,Data End User
Program Manager,Other End User
Frontend and Mobile Developer,Technology End User
Frontend Developer,Technology End User
Sr Manager Product,Product End User
Lead Engineer,Technology End User
Product Manager,Product Decision Maker
Solution Architect|Cloud,Technology End User
Lead Software Engineer,Technology End User
Sr Excutive Resource management/Workforce Management Specialist,HR End User
Senior Software Engineer,Technology End User
Software & Data Engineer,Data End User
Engineer,Technology End User
Software Engineer,Technology End User
Assistant Manager,Other End User
Assistant Manager IT,Information End User
Senior Systems Engineer,Technology End User
Engineer,Technology End User
Area Sales Manager,Sales Decision Maker
Devops,Technology End User
Lead Software Engineer,Technology End User
Engineer,Technology End User
QA Engineer,Technology End User
CSR,Other End User
Assistant Professor,Industry LOB - Edu End User
Account Manager,Sales End User
Founder,Other Decision Maker
Full Stack Developer,Technology End User
AI Engineer,Technology End User
Software Engineer,Technology End User
Team Lead,Other End User
Senior Consultant,Other End User
Senior Data Scientist,Data End User
Data Analyst,Data End User
"Digital Product Owner, Senior Manager",Product End User
Technical support engineer,Technology End User
Technology Analyst,Technology End User
Senior SWE,Other End User
Manager IT/ Manager,Information End User
VP Cabin Services,Operations Executive
Software Engineer,Technology End User
Senior Associate - Consulting,Other End User
CSR,Other End User
Sr. Software Engineer,Technology End User
Senior Software Engineer,Technology End User
Senior Full-Stack Developer,Technology End User
Hardware Engineer (QUALITY & MANUFACTURING),Operations End User
Associate Data Engineer,Technology End User
Data Analyst,Data End User
Data analyst,Data End User
Product Manager( 3 ),Product End User
Technology Portfolio Manager,Technology Decision Maker
Senior Manager,Other End User
Executive Assistant Operations,Operations End User
Senior Data Scientist Related to Search Terms in Your Query,Data End User
Senior Program Associate,Other End User
Software development engineer,Technology End User
Software engineer,Technology End User
Software Engineer,Technology End User
Senior Software Engineer,Technology End User
Web Developer,Technology End User
Frontend Developer,Technology End User
COMPUTER OPERATER,Operations End User
Sales Coordinator,Other End User
"Senior Software Engineer, iOS",Technology End User
Data Scientist,Data End User
Product Manager - End User Services,Product Decision Maker
Senior Broadcast Engineer,Technology End User
Mechanical Supervisor,Other End User
MACHINE LEARNING ENGINEER,Technology End User
Senior Process and Data Analyst,Data End User
Senior Product Manager,Product Decision Maker
Explore ai,Technology End User
System engineer,Technology End User
Medical officer,Information End User
Data Scientist,Data End User
Engineer,Technology End User
Sr ISC Project Management Manager,Product End User
Devops Engineer,Technology End User
Technical Architect Team Lead,Technology End User
Developer,Technology End User
Team leader,Other End User
Senior Software Engineer,Technology End User
"Lead – Delivery Assurance, PMO & Program Governance (Quality Function)",Operations End User
Engineering Supervisor,Technology Decision Maker
Senior Software Developer,Technology End User
Engineer Mining,Operations End User
CSA,Other End User
SDE I,Other End User
Systems Engineer(C1),Information End User
Associate Product Manager,Product End User
3d,Junk/Invalid
Software Developer,Technology End User
Student of class 10th,Junk/Invalid
Senior Software Engineer,Technology End User
DevOps Engineer,Technology End User
Grading,Junk/Invalid
Digital Operations & Product Manager,Product Decision Maker
Cloud Engineer,Technology End User
HR,HR End User
Analyst,Data End User
Associate Lead Consultant,Other End User
Software Engineer Intern,Technology End User
Software Developer,Technology End User
"Sr. Director, Marketing and Business Development",Marketing Decision Maker
Developer/Senior Front-end Developer,Technology End User
Systems Engineer,Technology End User
Data Engineer,Technology End User
Network Engineer,Other End User
TRAINEE,Industry LOB - Edu End User
Software Engiineer,Technology End User
Infra Technology Specialist,Technology End User
License aircraft maintenance engineer/Technical Instructor,Technology End User
Head of People & Culture,HR Executive
Principal Engineer,Technology End User
Senior Software Developer,Technology End User
Engineer,Technology End User
Project Engineer,Technology End User
Frontend Web Developer,Technology End User
Relationship manager/Senior Sales Officer,Sales End User
Fullstack Developer,Technology End User
Software Engineer,Technology End User
Data Scientist,Data End User
Owner,Other Decision Maker
Marketing Communications,Marketing End User
Technical Lead,Technology End User
Senior Software Engineer,Technology End User
Project Engineer,Technology End User
Senior Site Reliability Engineer,Technology End User
Assistant Systems Engineer,Technology End User
Software Engineer,Technology End User
Senior Software Engineer,Technology End User
Staff Engineer,Technology End User
Software Engineer,Technology End User
Back End Developer,Technology End User
Software Engineer,Technology End User
Event coordinator,Marketing End User
Software Developer,Technology End User
Software Engineer,Technology End User
Software Engineer,Technology End User
Assistant Project Engineer,Technology End User
Product Specialist,Other End User
Full Stack Developer,Technology End User
VP of Product and Engineering,Product Executive
Manager IT operations,Information End User
Senior software Developer,Technology End User
junior relationship officer,Sales End User
Software Developer,Technology End User
Analyst III HR operations,HR End User
Product Manager,Product Decision Maker
Project Engineer,Technology End User
Developer,Technology End User
AI Annotation specialist,Technology End User
Back-End Developer,Technology End User
Software Developer,Technology End User
Senior Product Manager,Product Decision Maker
Software Engineering Lead,Technology End User
Aman Kirana Store,Junk/Invalid
Data Consultant 2,Data End User
Data scientist,Data End User
Senior Cloud Engineer,Technology End User
Account Assistant,Finance End User
Data Scientist,Data End User
SSDE,Junk/Invalid
martech,Marketing End User
Assistant General Manager,Other End User
AVP - Project Manager,Product Decision Maker
Reservoir Engineer,Technology End User
Senior Software Engineer,Technology End User
"Product Marketing Manager/Project Manager, Gcc",Marketing Decision Maker
Creative stylish,Junk/Invalid
Senior AI/ML Engineer.,Other End User
Product Manager,Product Decision Maker
Assistant Manager - Data Analytics,Data End User
Quality Analyst,Other End User
Senior Manager,Other End User
Software Developer,Technology End User
Deputy Executive General Manager,Other Decision Maker
Researcher,Other End User
Software Engineer,Technology End User
Digital Associate Engineer,Technology End User
Developer,Technology End User
Computer Science and AI Instructor,Other End User
Senior Software Developer,Technology End User
Hisar,Junk/Invalid
Senior Team Manager - Digital Marketing,Marketing End User
Senior Software Engineer,Technology End User
Associate Director- Instructional Design,Technology Decision Maker
Product Manager,Product Decision Maker
Operations Manager,Operations End User
Analytics Manager - Marketing & Growth,Marketing Decision Maker
Lead Data Scientist,Data End User
Qa Lead,Other End User
Assistant system engineer,Technology End User
Ms Team Lead,Information End User
Captain,Other End User
Software Engineer,Technology End User
EDUCATOR,Industry LOB - Edu End User
Product Marketing Manager,Product Decision Maker
Software Development Engineer (L3),Technology End User
Machine Learning Engineer,Technology End User
Researcher,Other End User
Trainee Engineer,Technology End User
Senior Software Engineer,Technology End User
Sr. Software Developer,Technology End User
Senior Frac/Completions Engineer - Cooper Basin/Northern Territory,Technology End User
Technical Architect BI,Information End User
software engineer/BA4 Software Engineer,Technology End User
Mds,Other Decision Maker
Analyst,Data End User
Customer Service Representative,Sales End User
Software engineer,Technology End User
Network administrator,Information End User
"Team Lead, AVP, Digital Product Manager",Product Executive
"Marketing Manager, Cucurbits",Marketing Decision Maker
Associate Director - Strategic Partnerships & Alliances,Sales Decision Maker
iOS Developer,Technology End User
Associate,Other End User
Engineer,Technology End User
Software Developer,Technology End User
Vigilance security,Junk/Invalid
Application Developer,Technology End User
Software Engineer,Technology End User
AssociateE  Engineer,Technology End User
Audit and InfoSec - GRC Intern,Security End User
Assistant system engineer,Technology End User
Frontend Engineer,Technology End User
Aircraft Maintenance Engineer,Operations End User
Enterprise Application Developer,Technology End User
Deputy engineer,Other Decision Maker
Packaged App Development Team Leader,Technology End User
Software Development Engineer,Technology End User
Machine learning Engineer,Technology End User
Investigation specialist,Other End User
Mechanical Engineering Manager,Technology Decision Maker
Teacher,Industry LOB - Edu End User
Assistant Professor,Industry LOB - Edu End User
Lead Hardware Engineer,Technology End User
Engineer,Technology End User
Senior Proposals Engineer,Technology End User
Senior Software Engineer,Technology End User
Co-Founder,Other Decision Maker
Senior Process Associates,Information End User
Process Engineer,Technology End User
DevOps Engineer,Technology End User
Corporate Social Responsibility Manager //Senior Manager Corporate Social Responsibility,Other End User
Software Engineer,Technology End User
Senior Software Engineer,Technology End User
Founding engineer / Software Development Engineer,Technology End User
Engineer,Technology End User
Frontend Engineer,Technology End User
Software Engineer,Technology End User
Senior Software Engineer,Technology End User
Single Family Office Product Manager,Product Decision Maker
Customer Support Analyst,Other End User
Data Scientist,Data End User
Aircraft Maintenance Engineer,Operations End User
Software Engineer //Programmer Analyst,Technology End User
Product Manager,Product Decision Maker
Software Engineer,Technology End User
Founder / CEO / CTO,Chief Executive
Executive Engineer,Technology Executive
Project Engineer,Technology End User
Software Quality Assurance Engineer,Operations End User
Technical lead,Technology End User
Data Scientist,Data End User
Senior Manager Of Product Management,Product Decision Maker
Geotechnical Engineer,Technology End User
Senior Rejection Executive,Sales Decision Maker
"Geographic Information Systems AnalystHoskote, Karnataka, India",Other End User
Product Manager - End User Services,Product Decision Maker
Senior Software Engineer,Technology End User
Assistant engineer,Technology End User
AI Engineer,Technology End User
DevOps Engineer,Technology End User
Fullstack AI developer,Data End User
Software Engineer,Technology End User
Frontend Developer,Technology End User
Marketing HD,Marketing End User
Project Management Officer,Technology Executive
Product Manager,Product Decision Maker
Back End Developer,Technology End User
IT Systems Engineer,Information End User
Senior Data Analyst,Data End User
Senior Software Engineer,Technology End User
Operation Specialist,Operations End User
Data Science Intern,Data End User
SDET II,Other End User
System Engineer,Technology End User
Accountant,Finance End User
Chief Technology Officer,Technology Executive
UI/UX Designer,Marketing End User
Consultant Fullstack Developer,Technology End User
ARCHITECT,Technology End User
Software Engineer,Technology End User
Frontend Developer,Technology End User
Flutter Developer,Technology End User
Software Engineer,Technology End User
Security Consultant/Lead Information Security Analyst,Data End User
Product Owner,Product End User
Business Analyst,Other End User
Assistant Engineer,Technology End User
"Manager, Airtime Sales & Marketing",Sales Decision Maker
Software Engineer,Technology End User
Lead Software Engineer,Technology End User
Backend Developer,Technology End User
Software Engineer,Technology End User
Ai Developer,Data End User
Software Engineer Trainee,Technology End User
Senior Software Engineer,Technology End User
Bidding Engineer,Technology End User
Software Engineer,Technology End User
Senior Digital & Mortgage Product Owner,Product Decision Maker
IT Educator,Information End User
Software Engineer,Technology End User
Senior Vice President,Other Decision Maker
Senior Software Engineer,Technology End User
Software Engineer,Technology End User
Servicenow Developer,Information End User
Engineer,Technology End User
PPIC,Junk/Invalid
Software Engineer I,Technology End User
Aircraft Engineer,Technology End User
Area Sales Supervisor,Sales End User
Bachelor of Information Technology,Information End User
Mis executive,Other End User
Product Manager - Travel Insurance,Product Decision Maker
Customer support associate,Other End User
Project Manager,Other End User
Software Engineer,Technology End User
Robotics Software Engineer,Technology End User
Software Engineer,Technology End User
Manager,Other End User
AI Engineer,Technology End User
Consultant - Data Engineer,Data End User
Manager,Other End User
Ai Engineer,Technology End User
Lending Product Manager - Retail Banking,Industry LOB - Retail DM
Data/AI Engineer,Data End User
Sales Manager,Sales Decision Maker
Cashier Technician,Finance End User
"Lead - Enterprise Business & AjnaVidya Business AI, XR & Industry 4.0",Other End User
Assistant Engineer,Technology End User
Medical Coder,Industry LOB - Healthcare End User
Software Engineer 2,Technology End User
Frontend Web Developer,Technology End User
Owner,Other Decision Maker
Product Manager/Ai Lead Product Manager,Technology End User
Software Engineer,Technology End User
QA,Operations End User
Associate Software Engineer,Technology End User
Data Analyst,Data End User
Principle Engineer,Technology End User
Founding Team | Business Analyst – Financial Strategy & Research,Data End User
CTO,Technology Executive
DATA ENGINEER,Technology End User
Web developer,Technology End User
Service Desk Analyst,Technology End User
Senior Software Engineer,Technology End User
Assistant professor,Industry LOB - Edu End User
Assistant,Other End User
Software Engineer,Technology End User
Software Engineer,Technology End User
Senior Software Engineer,Technology End User
Senior Product Manager,Product Decision Maker
Associate,Other End User
Software engineer/Associate Integration Engineer,Technology End User
IT Analyst,Information End User
Product Manager,Product Decision Maker
Principal Data Scientist,Other End User
Programmer Analyst,Technology End User
Software Associate,Technology End User
Software Engineer,Technology End User
Growth Manager,Other End User
Principal Consultant,Other End User
Cloud Operations Engineer,Technology End User
Bi trainee,Data End User
FOUNDER,Other Decision Maker
co-founder,Other Decision Maker
Flutter Developer,Technology End User
Software Engineer,Technology End User
Professor,Industry LOB - Edu End User
Ai Lecturer,Data End User
Software Engineer,Technology End User
Data Analyst,Data End User
Csr,Other End User
Senior Engineer Active Mobility,Technology End User
Software Engineer,Technology End User
UI/UX Designer,Marketing End User
Digital Media Coordinator,Marketing End User
"Manager, Personal Loan Product",Product Decision Maker
Software Engineer,Technology End User
Software Developer,Technology End User
Manager,Other End User
Analyst,Data End User
Founding Frontend Engineer,Technology Executive
AI Solutions Engineer,Data End User
Data Engineer /  Software Consultant,Technology End User
Founder/Director,Other Decision Maker
Senior Data Scientist for the cancer screening group,Data End User
Software Developer,Technology End User
Frontend Developer,Technology End User
Back End Developer,Technology End User
Cto,Technology Executive
3D Software Engineer,Technology End User
Senior Software Engineer,Technology End User
Fullstack Engineer,Technology End User
Product Manager,Product Decision Maker
Data Scientist,Data End User
Quality Engineer,Operations End User
Senior Product Manager,Product Decision Maker
Product and Customer Success Leader,Product End User
Software Engineer,Technology End User
Senior Quality Specialist,Operations End User
SDET,Other End User
Back End Intern,Technology End User
"Manager, Development",Technology End User
Security Professional,Security End User
Practice Head Digital,Marketing Decision Maker
Vice President of Engineering,Technology Decision Maker
Solutions Architect,Technology End User
Web Developer,Technology End User
Software Engineer,Technology End User
Senior Product Manager,Product Decision Maker
Lead Software Engineer,Technology End User
Software Engineer,Technology End User
Senior AI/ML Engineer,Data End User
Software developer,Technology End User
Senior Web Developer,Technology End User
Data Analyst,Data End User
It Marketing Intern,Information End User
Senior Software Engineer,Technology End User
Technical Author,Technology End User
Hr Service Delivery Associate,HR End User
Application Engineer,Technology End User
Senior Product Designer,Product End User
Senior Engineer,Technology End User
Software Engineer,Technology End User
Product Manager,Product Decision Maker
Full Stack Developer,Technology End User
"""Agile Developer, Associate Ii""",Technology End User
Principal AI Engineer I,Technology End User
FCA team leader,Other End User
Founder,Other Decision Maker
Process Engineer,Technology End User
Frontend Developer,Technology End User
Senior Network Engineer,Information End User
Senior Software Engineer,Technology End User
Full stack developer,Technology End User
Senior Associate Marketing Manager,Marketing End User
Assistant Product Manager,Product End User
Critical incident Manager,Other End User
Project coordinator,Other End User
Project Manager,Other End User
ARCHITECT,Technology End User
Data Scientist,Data End User
Web Developer,Technology End User
Senior Project Manager,Other End User
Offshore Technician,Technology End User
Engineering Manager,Technology Decision Maker
Project manager,Other End User
"Manager, Presales Content & Advanced Digital Marketing Solutions",Other End User
Senior Software Engineer,Technology End User
AI EXECUTIVE,Data Executive
Engineer,Technology End User
Senior Test Architect in Chief Operations Office,Other End User
Associate Product Manager/IT Product Management Section Head,Other Executive
Data Scientist,Data End User
Senior Engineer,Technology End User
Global Product Manager/제품 팀 리드,Product End User
R&D Clinical Application Specialist,Technology End User
Data Operations Analyst,Data End User
General Manager,Other End User
Associate Data Engineer,Technology End User
Full Stack Engineer,Technology End User
Information Technology Service Desk Team Lead,Information End User
Researcher,Other End User
Trainee,Industry LOB - Edu End User
Data Analyst,Data End User
Senior Software Developer,Technology End User
Senior software Engineer/ Outsystems Web Developer,Other End User
.,Junk/Invalid
Associate Software Engineer,Technology End User
Developer/Network Admin,Information End User
Senior Test Engineer,Technology End User
Product compliance manager,Product Decision Maker
Director,Other Decision Maker
Asst Professor,Industry LOB - Edu End User
System Administrator / Backend Software Developer,Technology End User
Principal Engineer,Technology End User
Senior Software Developer,Technology End User
Sr Program Manager | CIS Microsft Azure Prof Svcs,Technology End User
Product Manager,Product Decision Maker
"Director, Partner Network",Sales Decision Maker
Principal Software Engineer,Technology End User
Operations Manager,Operations End User
Ai Engineer,Technology End User
Software Engineer & Business Analyst,Technology End User
Major incident manager,Security End User
Technical Architect,Technology End User
visiting professor,Information Decision Maker
Product Manager. Digital Asset Custody - Securities and Fiduciary Services - GTS,Finance Decision Maker
Associate Manager,Other End User
Propriter,Junk/Invalid
Engineer,Technology End User
Security Architect,Technology End User
Product Manager,Product Decision Maker
Developer,Technology End User
Systems Engineer,Technology End User
Senior Product Manager,Product End User
Software Engineer,Technology End User
Software Engineer,Technology End User
Process executive,Information End User
Engineer,Technology End User
Associate Developer,Technology End User
Tech Transformation Strategist,Technology End User
Data Scientist,Data End User
Senior Consultant Specialist,Other End User
Frontend Developer,Technology End User
Software Engineer,Technology End User
Associate Software Engineer,Technology End User
Senior Software Engineer,Technology End User
Back End Developer,Technology End User
Lead AI Engineer,Data End User
Research Officer (Project Affiliated with CAAB),Other End User
Cloud Associate,Technology End User
Founder,Other Decision Maker
Visual designer,Marketing End User
Project engineer,Technology End User
Sr Project Engineer,Technology End User
DevOps Engineer,Technology End User
Business Analyst,Other End User
Software Developer,Technology End User
Staff Engineer (Distillation),Other End User
Digital Marketing Manager,Marketing End User
Ai Senior Engineer,Data End User
Software Developer,Technology End User
Product Manager,Product Decision Maker
SECURITY PROFESSIONAL,Security End User
Sr Ux Ui Designer,Marketing End User
Software Development Engineer,Technology End User
Technical Team Lead,Technology End User
Business Analyst & Project Manager,Sales Decision Maker
DEVELOPER,Technology End User
AI Engineer,Technology End User
Assistant Manager Of Product Planning,Product Decision Maker
Assistant Professor In Ai Law,Technology End User
Consultant,Other End User
Tableau developer,Technology End User
Account Executive It,Information Decision Maker
VP Growth,Sales Decision Maker
Co-Founder,Other Decision Maker
System ENgineer,Technology End User
Cloud engineer,Technology End User
Software Engineer Supervisor,Technology End User
Senior Embedded Engineer,Technology End User
Product Manager,Product Decision Maker
Data Analyst,Data End User
Data Analyst,Data End User
Corporate Social Responsibility Manager - APAC Region,Other Decision Maker
Senior Software engineer,Technology End User
Lead Software Engineer,Technology End User
Senior Test Engineer,Technology End User
Senior Automation Engineer,Technology End User
Subject Matter Expert,Other End User
Senior Software Engineer,Technology End User
Lead Mobile Developer,Technology End User
Lecturer,Industry LOB - Edu End User
Automated Tester,Other End User
Product Lead,Product End User
Software Engineer / Partner,Technology End User
Software Development Manager,Technology Decision Maker
Site Engineer,Technology End User
csr,Other End User
Machine Learning Engineer,Technology End User
Kankarbagh,Junk/Invalid
Back End Developer,Technology End User
Associate Software Engineer,Technology End User
Data analyst,Data End User
Associate Architect,Technology End User
Frontend Developer,Technology End User
Web Application Developer/ Executive Producer,Product Executive
Digital Marketing Executive,Marketing Decision Maker
Security Engineering Manager,Security Decision Maker
Frontend Developer,Technology End User
Virtual Assistant,Other End User
Senior Software Developer,Technology End User
Venture Partner,Sales End User
Software Development Engineer II,Technology End User
GenAI Implementation engineer,Technology End User
Consultant,Other End User
Associate,Other End User
options greek,Finance End User
Software Developer,Technology End User
Back End Developer,Technology End User
Frontend Web Developer,Technology End User
Backend Software Engineer,Technology End User
CEO and Founder,Other Decision Maker
HRMS & Payroll Implementation Lead,Information End User
Automation IT Support engineer,Technology End User
Software Developer,Technology End User
Technology Project Engineer,Technology End User
Site Reliability Engineer 3,Technology End User
Senior Software Engineer,Technology End User
Senior Software Engineer,Technology End User
Back End Developer,Technology End User
Ic1 Developer,Technology End User
Accountant,Finance End User
Engineer,Technology End User
Software Engineer,Technology End User
Architect,Technology End User
Senior Full-stack Developer,Technology End User
데이터 엔지니어,Technology End User
Learn new tech,Junk/Invalid
Backend Developer,Technology End User
Senior Product Manager: Digital Imaging,Product Decision Maker
co-founder,Other Decision Maker
Senior ESG Consultant,Other End User
Deputy General Manager,Other End User
Founder,Other Decision Maker
VLE,Junk/Invalid
Product Analyst,Product End User
Senior Assistant Manager Product Implementation,Product Decision Maker
Assistant Developer,Technology End User
Data Engineer | Passionate About Software Development and AI,Technology End User
Sr system engineer,Technology End User
Senior Web Developer,Technology End User
"Product Designer, Agentic Experiences - AI Education Platform",Other End User
Associate,Other End User
Chief Engineer (Production),Operations Executive
Java Web Developer,Technology End User
Software Developer/Owner,Technology Executive
SSE,Technology End User
IT Engineer at Ministry of Marine and Fisheries,Information End User
Web Developer,Technology End User
Marketing and Analytics Manager,Marketing End User
Auditor,Finance Decision Maker
Devops Engineer,Technology End User
Senior Web Developer,Technology End User
CodeChef DSA Trainer,Technology End User
Software Development Trainee,Technology End User
Senior Software Engineer,Technology End User
Senior iOS Engineer,Technology End User
Algorithm Engineer,Data End User
Technical Recruiter,HR End User
Application Developer,Technology End User
Software Developer,Technology End User
Web Developer,Technology End User
Account Executive It,Information Decision Maker
Lead Software Engineer,Technology End User
Software Engineer (Associate),Technology End User
Analyst,Data End User
Associate Engineer - Application Development,Technology End User
Backend and AI Specialist,Other End User
Backend Developer,Technology End User
Prompt Engineer,Technology End User
System Engineer,Technology End User
Piano Technician,Technology End User
Specialist Programmer,Technology End User
AI Engineer,Technology End User
CSO,Chief Executive
Principal Product Manager,Product Decision Maker
Product Engineer,Other End User
Head Of AI Solution,Data Executive
Senior Software Engineer,Technology End User
Product Manager - Cemintel & AFS,Product Decision Maker
Associate Software Developer,Technology End User
Owner,Other Decision Maker
Engineer,Technology End User
Senior Analyst,Technology End User
Owner,Other Decision Maker
Data scientist,Data End User
Software Developer,Technology End User
Founder,Other Decision Maker
sells Promoter,Sales End User
Software Engineer,Technology End User
Full Stack Software Engineer,Technology End User
Founder,Other Decision Maker
Lead Engineer,Technology End User
Software Developer,Technology End User
"Senior Engineer, Contracts",Legal End User
Product Manager,Product Decision Maker
Software Engineer,Technology End User
Cloud engineer,Technology End User
Project Engineer,Technology End User
Digital Specialist Engineer,Technology End User
Chapter Secretariat,Other End User
Senior Analyst Programmer,Technology End User
SENIOR MANAGER,Other End User
Lead Full Stack AI Engineer,Technology End User
Development Engineer 4,Technology End User
SOMETHING ELSE,Other End User
MANAGER,Other End User
Professional Services Engineer,Other End User
Software Engineer,Technology End User
Trainee Engineer,Technology End User
Senior Engineer,Technology End User
Software Engineer,Technology End User
Electrical Engineer,Technology End User
Sales Executive,Sales Decision Maker
Senior Software Engineer,Technology End User
Software Developer,Technology End User
Specialist- Full Stack,Technology End User
Senior Software Engineer,Technology End User
AI Engineer,Technology End User
Cofounder & Chief Technology Officer,Technology Executive
Product Manager,Product End User
Software Developer,Technology End User
Data Engineer/ Team Lead,Technology End User
Engineering Manager,Technology Decision Maker
Senior Frontend Developer,Technology End User
Traniee Data Scientist,Data End User
Ai Data Annotator,Data End User
軟體研發副理,Technology End User
"Senior Developer, Co-founder",Technology Executive
Product Manager,Product Decision Maker
Senior Product Manager (Insurance),Product Decision Maker
Software Engineer,Technology End User
Gen Ai Developer,Data End User
Principal Software Development Engineer,Technology End User
Robot Software Engineer,Technology End User
Software Developer,Technology End User
Software Development Manager,Technology Decision Maker
Senior Solutions Engineer,Technology End User
Engineer,Technology End User
Sr Data Scientist,Data End User
Software Engineer,Technology End User
Security Engineer,Security End User
Team Lead,Other End User
"""Dean, Faculty Of Dentistry""",Information Decision Maker
Product Manager,Product Decision Maker
Senior Data Scientist,Data End User
AVP-Operations Associate vice president,Operations Decision Maker
Senior Manager Product Marketing,Marketing End User
Data processor,Data End User
Senior Wealth Manager,Industry LOB - FinServ DM
Infrastructure and Cloud Platform Engineer,Technology End User
Principal Software Engineer,Technology End User
Back End Developer,Technology End User
Sr Process System Engineer,Information End User
LDC,Junk/Invalid
Cloud engineer,Technology End User
Sr. Marketing Manager,Marketing End User
Full Stack Developer,Technology End User
Engineer,Technology End User
Lead Data Scientist,Data End User
IT Risk Team Lead,Information End User
Social media and creative strategist,Marketing End User
Product Manager,Product Decision Maker
Software Engineer,Technology End User
Project Engineer,Technology End User
AI Architect,Data End User
AI/ML Intern,Data End User
Software Engineer,Technology End User
Business develpoment executive,Other Decision Maker
Senior associate consultant,Other End User
Chief Engineer,Technology Executive
Marketing Manager,Marketing End User
Office Executive,Information Decision Maker
Assistant Engineer,Technology End User
System Engineer,Technology End User
Employee,Technology End User
Software Developer,Technology End User
Natural Farming Fellow Model Maker,Other End User
Software Engineer,Technology End User
Manager-MIS (Data & Reporting Analyst Role),Data End User
Manager,Other End User
Apprentice,Technology End User
Lead Product Manager,Product Decision Maker
System engineer,Technology End User
Senior solution consultant,Technology End User
Business development Manager,Sales End User
CSR,Other End User
Mtech Student,Other End User
Senior Executive Finance,Finance Executive
Software Engineer,Technology End User
Senior Software Engineer,Technology End User
Owner,Other Decision Maker
Chef,Other End User
QA Lead,Other End User
Senior Associate Consultant,Other End User
Software Architect,Technology End User
Marketing Manager - Germany & Austria,Marketing End User
Cma Intern,Junk/Invalid
Software Engineer,Technology End User
Marketing Executive,Marketing Executive
Software Developer,Technology End User
Devops Lead,Technology End User
Full Stack Engineer,Technology End User
Senior Software Developer,Technology End User
Product Manager - Fulfillment,Product Decision Maker
System Software Engineer,Technology End User
Senior Analyst,Technology End User
Associate Software Engineer,Technology End User
Marketing Executive,Marketing Decision Maker
Technical Lead,Technology End User
Mechanical Engineer,Technology End User
Senior Copy Editor,Information End User
Engineer,Technology End User
Senior Software Developer,Technology End User
DevOps Engineer,Technology End User
Deputy Manager,Other End User
CYBER SECURITY ENGINEER 2 SW,Security End User
--,Other End User
Senior Cybersecurity Engineer,Security End User
Cloud architect/Associate Consultant,Technology End User
Web developer,Technology End User
Technology Analyst,Technology End User
Assistant Vice President,Other Decision Maker
Product Manager,Product Decision Maker
Senior Software Engineer,Technology End User
Senior Software Engineer,Technology End User
Product Manager,Product Decision Maker
Performance and Risk,Junk/Invalid
Software Engineer,Technology End User
ARCHITECT,Technology End User
Senior Social Media Manager,Marketing End User
Product Specialist,Other End User
Flutter developer,Technology End User
Product Engineer,Other End User
Digital Product Manager,Product Decision Maker
Software Engineer,Technology End User
AI Analyst,Data End User
Seo Analyst,Marketing End User
IoT Application Developer,Technology End User
Senior Manager,Other End User
Manager,Other End User
Technical Team Lead,Technology End User
Software Engineer,Technology End User
Software Engineer,Technology End User
Technology Lead,Technology End User
Manager,Other End User
Developer,Technology End User
At. Associate,Junk/Invalid
Kubernetes SME,Other End User
Scheduler,Information End User
Educator/ PYP Tutor,Other End User
Frontend Developer,Technology End User
Cloud Engineer,Technology End User
product manager,Product Decision Maker
Software Test Engineer,Technology End User
Software Engineer,Technology End User
Principal Engineer,Technology End User
Senior Engineer,Technology End User
Technician engineer,Technology End User
Computer Lab Instructor/Administrator,Other End User
Lead Analyst,Technology End User
Assistant manager,Other End User
Project Engineer,Technology End User
Corporate Social Responsibility,Other End User
Network Engineer,Other End User
Software Engineer 2,Technology End User
Associate Software Engineer,Technology End User
Software Developer,Technology End User
Founder,Other Executive
Partner,Sales Decision Maker
JR officers,Other End User
Data Engineer,Technology End User
Consultant,Other End User
Product Owner,Product End User
System Engineer,Technology End User
Salesforce Technical Team Lead,Technology End User
Senior Software Developer,Technology End User
Software Engineer,Technology End User
Manager - Corporate Social Responsibility,Other End User
Full Stack Engineer,Technology End User
Google omkumar srtvasrtavr,Junk/Invalid
Medical technologist,Industry LOB - Healthcare End User
Veterinary officer,Other End User
Senior Software Developer,Technology End User
Software Engineer,Technology End User
Marketing Manager,Marketing End User
Artificial Intelligence Engineer,Technology End User
Sr. Frontend Developer,Technology End User
Business development executive/ Business Development Manager,Sales End User
Software Developer,Technology End User
Transportation Specialist,Operations End User
Architect,Technology End User
Engineer,Technology End User
Senior Solutions Architect,Technology End User
COO,Chief Executive
Product Manager 2,Product End User
Senior Software Engineer,Technology End User
Guru,Industry LOB - Edu End User
Management Information System Executive,Information Decision Maker
"Program & Implementation Manager– Smart Digital EHSS & Construction Monitoring (SABIC), Saudi Arabia",Operations End User
Software Engineer,Technology End User
"Founder, CEO, CTO",Technology Executive
Software QA Engineer,Technology End User
Software Developer,Technology End User
Software Engineer,Technology End User
DEVELOPER,Technology End User
SOMETHING ELSE,Other End User
TGT,Junk/Invalid
Test Analyst,Technology End User
Ai Architect,Data End User
Software Engineer,Technology End User
Senior Ui/Ux Designer,Marketing End User
Software Engineer,Technology End User
Data Engineer,Technology End User
Btech Cse Student,Technology End User
Assistant Manager,Other End User
System Engineer,Technology End User
Software Engineer,Technology End User
Lead Software Engineer,Technology End User
Ai Business Associate,Technology End User
Process Risk Analyst,Finance End User
Programmer,Technology End User
Engineer,Technology End User
SD Technology,Junk/Invalid
manager,Other End User
Product Manager,Product Decision Maker
Senior Frontend Engneer,Technology End User
Senior Manager - IT Applications Asia Pacific,Information Decision Maker
Affinity - Senior It Consultant,Information End User
AI Engineer Lead,Data End User
Frontend Engineer,Technology End User
SDE I,Other End User
Software Engineer (AI) x infra,Information End User
Lead IT Product Architect,Technology End User
Senior Technical Analyst,Technology End User
Software & Cloud Engineer,Technology End User
Machine Learning Engineer,Technology End User
Group Category Marketing Manager,Marketing Decision Maker
Software Engineer,Technology End User
Senior Product Manager,Product Decision Maker
Assistant Professor,Industry LOB - Edu End User
BIM Engineer,Technology End User
adsad,Junk/Invalid
Latrobe Valley Regional Airport Manager,Operations Decision Maker
Web Developer Trainee,Technology End User
Software Engineer | Middle,Technology End User
Senior react native devloper,Technology End User
Advisor,Other End User
"Associate Vice President, sales",Sales Decision Maker
Assistant Manager,Other End User
Manager - Corporate Social Responsibility,Other End User
Software Developer Engineer,Technology End User
Senior Software Engineer,Technology End User
Product Manager,Product Decision Maker
Associate Software Engineer,Technology End User
Delivery Module Lead,Other End User
Program Curation Manager,Other End User
Product Manager,Product Decision Maker
Software Engineer,Technology End User
Senior Software Engineer,Technology End User
Assistant Manager,Other End User
DEVELOPER,Technology End User
Infrastructure Analyst,Information End User
Manager,Other End User
Java Full Stack Developer - Technical Lead,Technology End User
Software engineer,Technology End User
Product Manager,Product Decision Maker
Software Engineer,Technology End User
Engineer,Technology End User
Teacher,Industry LOB - Edu End User
Software Engineer,Technology End User
Deputy Manager,Other End User
Solutions Architect,Technology End User
SYSTEM ENGINEER,Technology End User
Data Engineer,Technology End User
Analyst/Technical Operations & Systems Design,Information End User
It Analyst,Information End User
Executive,Other Decision Maker
Asset Engineer,Technology End User
Senior Software Engineer,Technology End User
Software Engineer,Technology End User
Product Manager,Product Decision Maker
AI Engineer,Technology End User
Sr Software Engineer,Technology End User
Md,Other Decision Maker
Technology Analyst,Technology End User
DevOps Engineer,Technology End User
Junior Product Manager,Product Decision Maker
Information Technology Executive,Information Decision Maker
Senior Software Engineer,Technology End User
Senior Software Developer,Technology End User
Rpa Developer,Technology End User
Yas,Junk/Invalid
Senior Software Engineer,Technology End User
lead data engineer,Technology End User
DEVOPS ENGINEER,Technology End User
Principal Software Engineer,Technology End User
Senior Product Manager,Product Decision Maker
Software Engineer,Technology End User
System Developer,Technology End User
Data Engineer,Technology End User
Software Engineer,Technology End User
Senior Technical Team Lead (Ruby On Rails),Technology End User
Java Developer,Technology End User
IT Project Manager,Information End User
It Analyst- Data Engineer,Technology End User
Software Engineer,Technology End User
Kumar Singh,Junk/Invalid
Senior Software Engineer,Technology End User
Teacher,Industry LOB - Edu End User
Deputy Manager,Other End User
Software Engineer,Technology End User
Sr. Mechanical engineer,Technology End User
Assistant Manager - Digital Marketing,Marketing End User
php,Other End User
Operation manager,Operations End User
Product Manager,Product End User
Lead Data Scientist,Data End User
IT IMPLEMENTATION,Junk/Invalid
Sr. Software Developer,Technology End User
Associate Professor,Industry LOB - Edu End User
Senior Full Stack Developer,Technology End User
Assistant Professor,Industry LOB - Edu End User
Product Development Manager,Product Decision Maker
Analyst,Data End User
SM,Junk/Invalid
Administrative executive,Other End User
Senior Software Engineer,Technology End User
SSE,Technology End User
Full Stack Engineer,Technology End User
Principal AI Engineer,Data End User
Full Stack Engineer,Technology End User
Senior Software Developer,Technology End User
Subsurface Production Engineer,Technology End User
Senior Software Engineer,Technology End User
HRBP,HR End User
Portfolio Lead,Finance End User
Site Engineer,Technology End User
Technology Analyst,Technology End User
Engineer - Technical Support,Technology End User
Frontend lead Architect/Engineer,Technology End User
Software Developer,Technology End User
Data Engineer,Technology End User
DevOps Engineer,Technology End User
Network Security Engineer,Security End User
Deputy General Manager - Research & Devlopment,Technology Decision Maker
Program manager,Other End User
Software Engineer & Cyber Security Expert,Security End User
Software Quality Engineer Lead,Technology End User
Delivery Group Manager,Other End User
"Supervisor, Enggineeing Control Room",Technology End User
Developer,Technology End User
"""Développeur, Consultant Java/J2Ee""",Technology End User
Solutions Architect,Technology End User
Lead DevOps Engineer,Technology End User
Full Stack Developer,Technology End User
Senior software Engineer,Technology End User
Engineer,Technology End User